Provider,SOFTSWISS Provider ID,SOFTSWISS Game ID,Game Name,Thumbs Store status
BGaming,bgmng,bgmng:ThreeKingsScratch,3 Kings Scratch,READY
BGaming,bgmng,bgmng:ThreeLuckyMonkeysHoldAndWin,3 Lucky Monkeys Hold & Win,NOT_IN_CATALOGUE
BGaming,bgmng,bgmng:Adventures,Adventures,READY
BGaming,bgmng,bgmng:AlchemistBonanza,Alchemist Bonanza,NOT_IN_CATALOGUE
BGaming,bgmng,bgmng:AliceWonderLuck,Alice WonderLuck,READY
BGaming,bgmng,bgmng:AlienFruits,Alien Fruits,READY
BGaming,bgmng,bgmng:AlienFruits2,Alien Fruits 2,READY
BGaming,bgmng,bgmng:AlienFruits3,Alien Fruits 3,READY
BGaming,bgmng,bgmng:AllLuckyClover,All Lucky Clovers,READY
BGaming,bgmng,bgmng:AllLuckyClover5,All Lucky Clovers 5,READY
BGaming,bgmng,bgmng:AllLuckyClover20,All Lucky Clovers 20,READY
BGaming,bgmng,bgmng:AllLuckyClover40,All Lucky Clovers 40,READY
BGaming,bgmng,bgmng:AllLuckyClover100,All Lucky Clovers 100,READY
BGaming,bgmng,bgmng:AllStarFruits,All-Star Fruits,READY
BGaming,bgmng,bgmng:AlohaKingElvis,Aloha King Elvis,READY
BGaming,bgmng,bgmng:AlwaysUp,Always Up!,READY
BGaming,bgmng,bgmng:AlwaysUpX10000,Always Up! x10000,READY
BGaming,bgmng,bgmng:AmericanRoulette,American Roulette,READY
BGaming,bgmng,bgmng:ArrowSlot,Arrow Slot,READY
BGaming,bgmng,bgmng:Avalon,Avalon: The Lost Kingdom,READY
BGaming,bgmng,bgmng:Aviamasters,Aviamasters,READY
BGaming,bgmng,bgmng:Aviamasters2,Aviamasters 2,READY
BGaming,bgmng,bgmng:Aviamasters2Halloween,Aviamasters 2 Halloween,NOT_IN_CATALOGUE
BGaming,bgmng,bgmng:AviamastersXmas,Aviamasters X-mas,READY
BGaming,bgmng,bgmng:AztecClusters,Aztec Clusters,READY
BGaming,bgmng,bgmng:AztecMagicBonanza,Aztec Magic Bonanza,READY
BGaming,bgmng,bgmng:AztecMagicDeluxe,Aztec Magic Deluxe,READY
BGaming,bgmng,bgmng:AztecMagicMegaways,Aztec Magic Megaways,READY
BGaming,bgmng,bgmng:AztecsClawWildDice,Aztec's Claw Wild Dice,READY
BGaming,bgmng,bgmng:BackyardGrill,Backyard Grill,READY
BGaming,bgmng,bgmng:BalloonMania,Balloon Mania,READY
BGaming,bgmng,bgmng:BeastBand,Beast Band,READY
BGaming,bgmng,bgmng:BeerBonanza,Beer Bonanza,READY
BGaming,bgmng,bgmng:BgamingJackpot,Bgaming Jackpot,NOT_IN_CATALOGUE
BGaming,bgmng,bgmng:BigAtlantisFrenzy,Big Atlantis Frenzy,READY
BGaming,bgmng,bgmng:BigTunaBonanza,Big Boat Big Catch,READY
BGaming,bgmng,bgmng:BigBucksSaloon,Big Bucks Saloon,READY
BGaming,bgmng,bgmng:BlackbeardsBounty,Blackbeard's Bounty,READY
BGaming,bgmng,bgmng:BlazingFirepots,Blazing Fire Pots Hold & Spin,READY
BGaming,bgmng,bgmng:BlingBlitzDiamondDrop,Bling Blitz Diamond Drop,READY
BGaming,bgmng,bgmng:BonanzaBillion,Bonanza Billion,READY
BGaming,bgmng,bgmng:BonanzaBillionMergeUp,Bonanza Billion Merge Up+,NOT_IN_CATALOGUE
BGaming,bgmng,bgmng:BonanzaBillionXtreme,Bonanza Billion Xtreme,READY
BGaming,bgmng,bgmng:BonanzaTrillion,Bonanza Trillion,READY
BGaming,bgmng,bgmng:BoneBonanza,Bone Bonanza,READY
BGaming,bgmng,bgmng:BookOfCats,Book Of Cats,READY
BGaming,bgmng,bgmng:BookOfCatsMegaways,Book Of Cats Megaways,READY
BGaming,bgmng,bgmng:BookOfHiddenTombs,Book of Hidden Tombs,NOT_IN_CATALOGUE
BGaming,bgmng,bgmng:BookOfKemet,Book of Kemet,READY
BGaming,bgmng,bgmng:BookOfPanda,Book of Panda Megaways,READY
BGaming,bgmng,bgmng:BookOfPyramids,Book of Pyramids,READY
BGaming,bgmng,bgmng:BurningChilli243,Burning Chilli 243,READY
BGaming,bgmng,bgmng:BurningChilliX,Burning Chilli X,READY
BGaming,bgmng,bgmng:CandyMonsta,Candy Monsta,READY
BGaming,bgmng,bgmng:CapymaniaGreen,Capymania Green,READY
BGaming,bgmng,bgmng:CapymaniaOrange,Capymania Orange,READY
BGaming,bgmng,bgmng:CapymaniaYellow,Capymania Yellow,READY
BGaming,bgmng,bgmng:CarnivalBonanza,Carnival Bonanza,READY
BGaming,bgmng,bgmng:CatsSoup,Cat's Soup,READY
BGaming,bgmng,bgmng:CatchTheGoldHoldAndWin,Catch the Gold Hold and Win,READY
BGaming,bgmng,bgmng:Catdiana,Catdiana,READY
BGaming,bgmng,bgmng:CatsLoveYummy,Cats Love Yummy,NOT_IN_CATALOGUE
BGaming,bgmng,bgmng:ChickenFire,Chicken Fire,READY
BGaming,bgmng,bgmng:ChickenHalloween,Chicken Halloween,NOT_IN_CATALOGUE
BGaming,bgmng,bgmng:ChickenRush,Chicken Rush,READY
BGaming,bgmng,bgmng:ChickenRush2,Chicken Rush 2,NOT_IN_CATALOGUE
BGaming,bgmng,bgmng:ChickenShot,Chicken Shot,NOT_IN_CATALOGUE
BGaming,bgmng,bgmng:ClashofGodsAnubisvsHades,Clash of Gods: Power Duel,NOT_IN_CATALOGUE
BGaming,bgmng,bgmng:ClassicBaccarat,Classic Baccarat,NOT_IN_CATALOGUE
BGaming,bgmng,bgmng:ClassicMultihandBlackjack,Classic Multihand Blackjack,READY
BGaming,bgmng,bgmng:CloverBonanza,Clover Bonanza,READY
BGaming,bgmng,bgmng:CluckingHell,Clucking Hell,READY
BGaming,bgmng,bgmng:CrystalClusters,Crystal Clusters,READY
BGaming,bgmng,bgmng:DeepSea,Deep Sea,READY
BGaming,bgmng,bgmng:DerbyRush,Derby Rush,READY
BGaming,bgmng,bgmng:DiamondOfJungle,Diamond of Jungle,READY
BGaming,bgmng,bgmng:DiceBonanza,Dice Bonanza,READY
BGaming,bgmng,bgmng:DiceClash,Dice Clash,READY
BGaming,bgmng,bgmng:DiceMillion,Dice Million,READY
BGaming,bgmng,bgmng:DigDigDigger,Dig Dig Digger,READY
BGaming,bgmng,bgmng:DiscoParty,Disco Party,READY
BGaming,bgmng,bgmng:DivineQueenHeartOfIce,Divine Queen: Heart of Ice,READY
BGaming,bgmng,bgmng:DivineQueenPowerOfSun,Divine Queen: Power of Sun,NOT_IN_CATALOGUE
BGaming,bgmng,bgmng:DomnitorsTreasure,Domnitor's Treasure,READY
BGaming,bgmng,bgmng:DoomsdaySaloon,Doomsday Saloon,READY
BGaming,bgmng,bgmng:DragonAge,Dragon Age Hold & Win,NOT_IN_CATALOGUE
BGaming,bgmng,bgmng:DragonQueenMegaways,Dragon Queen MEGAWAYS,READY
BGaming,bgmng,bgmng:DragonsCrash,Dragon's Crash,READY
BGaming,bgmng,bgmng:DragonsGold100,Dragon's Gold 100,READY
BGaming,bgmng,bgmng:DustyDuel,Dusty Duel,READY
BGaming,bgmng,bgmng:EasterHeist,Easter Heist,READY
BGaming,bgmng,bgmng:EasterPlinko,Easter Plinko,READY
BGaming,bgmng,bgmng:ElementsOfPower,Elements of Power,NOT_IN_CATALOGUE
BGaming,bgmng,bgmng:ElvisFroginVegas,Elvis Frog in Vegas,READY
BGaming,bgmng,bgmng:ElvisFrogTrueways,Elvis Frog TRUEWAYS,READY
BGaming,bgmng,bgmng:EuropeanRoulette,European Roulette,READY
BGaming,bgmng,bgmng:FaceOff,Face Off,READY
BGaming,bgmng,bgmng:FiestaClusters,Fiesta Clusters,READY
BGaming,bgmng,bgmng:FireLightning,Fire Lightning,READY
BGaming,bgmng,bgmng:FishingClub,Fishing Club,READY
BGaming,bgmng,bgmng:FishingClub2,Fishing Club 2,READY
BGaming,bgmng,bgmng:FishingTime,Fishing Time,READY
BGaming,bgmng,bgmng:FootballPlinko,Football Plinko,READY
BGaming,bgmng,bgmng:Forgotten,Forgotten,READY
BGaming,bgmng,bgmng:FortunaTrueways,Fortuna TRUEWAYS,NOT_IN_CATALOGUE
BGaming,bgmng,bgmng:FortuneBells,Fortune Bells,READY
BGaming,bgmng,bgmng:FortuneRedPackets,Fortune Red Packets,READY
BGaming,bgmng,bgmng:FortuneSpin,Fortune Spin,READY
BGaming,bgmng,bgmng:FortuneTrioMinionsOfFu,Fortune Trio: Minions of Fu,NOT_IN_CATALOGUE
BGaming,bgmng,bgmng:FortyFruityMillion,Forty Fruity Million,READY
BGaming,bgmng,bgmng:FourLuckyClover,Four Lucky Clover,READY
BGaming,bgmng,bgmng:FourLuckyDiamonds,Four Lucky Diamonds,READY
BGaming,bgmng,bgmng:FrenchRoulette,French Roulette,READY
BGaming,bgmng,bgmng:FrenzyClusters,Frenzy Clusters,READY
BGaming,bgmng,bgmng:FrozenFruit,Frozen Fruit,READY
BGaming,bgmng,bgmng:FruitMillion,Fruit Million,NOT_IN_CATALOGUE
BGaming,bgmng,bgmng:FruitMillionRespin,Fruit Million Respin,READY
BGaming,bgmng,bgmng:Gangsterz,Gangsterz,READY
BGaming,bgmng,bgmng:Gemhalla,Gemhalla,READY
BGaming,bgmng,bgmng:GemhallaXtreme,Gemhalla Xtreme,NOT_IN_CATALOGUE
BGaming,bgmng,bgmng:Gemza,Gemza,READY
BGaming,bgmng,bgmng:GiftRush,Gift Rush,READY
BGaming,bgmng,bgmng:GiftX,Gift X,READY
BGaming,bgmng,bgmng:GodOfWealthHoldAndWin,God of Wealth Hold And Win,READY
BGaming,bgmng,bgmng:GoldMagnate,Gold Magnate,READY
BGaming,bgmng,bgmng:GoldOfMinos,Gold of Minos,READY
BGaming,bgmng,bgmng:GoldRushWithJohnny,Gold Rush with Johnny Cash,READY
BGaming,bgmng,bgmng:GoldenAvalonHoldAndWin,Golden Avalon Hold and Win,READY
BGaming,bgmng,bgmng:GoldenPawHoldAndWin,Golden Paw Hold & Win,READY
BGaming,bgmng,bgmng:GoldenPinataHoldAndWin,Golden Pinata Hold and Win,READY
BGaming,bgmng,bgmng:GoldenPride,Golden Pride,READY
BGaming,bgmng,bgmng:GrandBuffaloHoldAndWin,Grand Buffalo Hold and Win,READY
BGaming,bgmng,bgmng:GrandMustang,Grand Mustang,READY
BGaming,bgmng,bgmng:GrandPatron7rst,Grand Patron,READY
BGaming,bgmng,bgmng:HalloweenBonanza,Halloween Bonanza,READY
BGaming,bgmng,bgmng:HauntedReels,Haunted Reels,READY
BGaming,bgmng,bgmng:HeadsTails,Heads and Tails,READY
BGaming,bgmng,bgmng:HeadsandTailsXY,Heads and Tails XY,READY
BGaming,bgmng,bgmng:HeadsTailsXY,Heads and Tails XY,READY
BGaming,bgmng,bgmng:HeartOfTiki,Heart of Tiki,READY
BGaming,bgmng,bgmng:HitTheRoute,Hit The Route,READY
BGaming,bgmng,bgmng:HotChilliBells,Hot Chilli Bells,READY
BGaming,bgmng,bgmng:HotChilliBells100,Hot Chilli Bells 100,READY
BGaming,bgmng,bgmng:HotRocket532,HOT ROCKET 5x 3x 2x,READY
BGaming,bgmng,bgmng:Hottest666,Hottest 666,READY
BGaming,bgmng,bgmng:IceScratchBronze,Ice Scratch Bronze,READY
BGaming,bgmng,bgmng:IceScratchGold,Ice Scratch Gold,READY
BGaming,bgmng,bgmng:IceScratchSilver,Ice Scratch Silver,READY
BGaming,bgmng,bgmng:InfinityPull,Infinity Pull,READY
BGaming,bgmng,bgmng:JewelBoom,Jewel Boom Super Drop,READY
BGaming,bgmng,bgmng:JogoDoBicho,Jogo Do Bicho,READY
BGaming,bgmng,bgmng:JogoDoBichoSimple,Jogo Do Bicho Simple,NOT_IN_CATALOGUE
BGaming,bgmng,bgmng:JohnnyCash,Johnny Cash,READY
BGaming,bgmng,bgmng:JohnnyCoin,Johnny Coin,NOT_IN_CATALOGUE
BGaming,bgmng,bgmng:JohnnyVsChicken,Johnny vs Chicken,NOT_IN_CATALOGUE
BGaming,bgmng,bgmng:JokerQueen,Joker Queen,READY
BGaming,bgmng,bgmng:JokerVsJoker,Joker vs Joker,READY
BGaming,bgmng,bgmng:JokerXLove,Joker X Love,READY
BGaming,bgmng,bgmng:JokersMillion,Joker's Million,READY
BGaming,bgmng,bgmng:JungleQueen,Jungle Queen,READY
BGaming,bgmng,bgmng:KeepersOfTheSecret7rst,Keepers Of The Secret,READY
BGaming,bgmng,bgmng:KickerMania,Kicker Mania,NOT_IN_CATALOGUE
BGaming,bgmng,bgmng:KrakensHunger,Kraken's Hunger,READY
BGaming,bgmng,bgmng:LadyLuckyGun,Lady Lucky Gun,READY
BGaming,bgmng,bgmng:LuckyLadyMoon,Lady Wolf Moon,READY
BGaming,bgmng,bgmng:LuckyLadyMoonMegaways,Lady Wolf Moon Megaways,READY
BGaming,bgmng,bgmng:Limbo,Limbo XY,READY
BGaming,bgmng,bgmng:LokiLoot,Loki Loot,READY
BGaming,bgmng,bgmng:LuckAndMagic,Luck & Magic,READY
BGaming,bgmng,bgmng:LuckAndMagicScratch,Luck & Magic Scratch,READY
BGaming,bgmng,bgmng:Lucky8MergeUp,Lucky 8 Merge Up,READY
BGaming,bgmng,bgmng:LuckyBirds,Lucky Birds,NOT_IN_CATALOGUE
BGaming,bgmng,bgmng:LuckyCrew,Lucky Crew,READY
BGaming,bgmng,bgmng:LuckyDamaMuerta,Lucky Dama Muerta,READY
BGaming,bgmng,bgmng:LuckyDragonMultiDiceX,Lucky Dragon MultiDice X,READY
BGaming,bgmng,bgmng:LuckyDucky,Lucky Ducky,READY
BGaming,bgmng,bgmng:LuckyFarmBonanza,Lucky Farm Bonanza,READY
BGaming,bgmng,bgmng:LuckyLadyClover,Lucky Lady's Clover,READY
BGaming,bgmng,bgmng:LuckyLagerX9990,Lucky Lager x9990,READY
BGaming,bgmng,bgmng:LuckyLu,Lucky Lu,READY
BGaming,bgmng,bgmng:LuckyOak,Lucky Oak,READY
BGaming,bgmng,bgmng:LuckyPack2026Cup,Lucky Pack: 2026 Cup,READY
BGaming,bgmng,bgmng:LuckyPinball,Lucky Pinball,NOT_IN_CATALOGUE
BGaming,bgmng,bgmng:LuckyTurkey,Lucky Turkey,READY
BGaming,bgmng,bgmng:MagicMummyMegaways,Magic Mummy Megaways,READY
BGaming,bgmng,bgmng:Maneki88Fortunes,Maneki 88 Fortunes,READY
BGaming,bgmng,bgmng:Maneki88Gold,Maneki 88 Gold,READY
BGaming,bgmng,bgmng:MechanicalClover,Mechanical Clover,READY
BGaming,bgmng,bgmng:MergeUp,Merge Up,READY
BGaming,bgmng,bgmng:MergeUp2,Merge Up 2,READY
BGaming,bgmng,bgmng:MiceAndMagic,Mice & Magic Wonder Spin,READY
BGaming,bgmng,bgmng:MineGems,Mine Gems,READY
BGaming,bgmng,bgmng:Minesweeper,Minesweeper,READY
BGaming,bgmng,bgmng:MinesweeperXY,Minesweeper XY,READY
BGaming,bgmng,bgmng:MissCherryFruits,Miss Cherry Fruits,READY
BGaming,bgmng,bgmng:MissCherryFruitsJackpotparty,Miss Cherry Fruits Jackpot party,READY
BGaming,bgmng,bgmng:MissCherryWildFrames,Miss Cherry Wild Frames,NOT_IN_CATALOGUE
BGaming,bgmng,bgmng:MoneyMaker,Money Maker,NOT_IN_CATALOGUE
BGaming,bgmng,bgmng:MonsterHunt,Monster Hunt,READY
BGaming,bgmng,bgmng:MultiRush,Multi Rush,READY
BGaming,bgmng,bgmng:MultihandBlackjack,Multihand Blackjack,OTHER_PROVIDER
BGaming,bgmng,bgmng:BlackjackPro,Multihand Blackjack Pro,READY
BGaming,bgmng,bgmng:MultihandBlackjackPro2,Multihand Blackjack Pro 2,READY
BGaming,bgmng,bgmng:MummysGold,Mummy's Gold,READY
BGaming,bgmng,bgmng:MysteryGarden,Mystery Garden,READY
BGaming,bgmng,bgmng:MysteryHeist,Mystery Heist,READY
BGaming,bgmng,bgmng:MysticReels,Mystic Reels,NOT_IN_CATALOGUE
BGaming,bgmng,bgmng:OlympusTrueways,Olympus TRUEWAYS,READY
BGaming,bgmng,bgmng:Oof,OOF The Goldmine Planet,READY
BGaming,bgmng,bgmng:OpenIt,Open It!,READY
BGaming,bgmng,bgmng:PandaLuck,Panda Luck,READY
BGaming,bgmng,bgmng:PandasWealth,Panda's Wealth,NOT_IN_CATALOGUE
BGaming,bgmng,bgmng:PenaltyDuel,Penalty Duel,READY
BGaming,bgmng,bgmng:PenaltyDuelWithJulioCesar,Penalty Duel with Julio Cesar,READY
BGaming,bgmng,bgmng:PennyPelican,Penny Pelican,READY
BGaming,bgmng,bgmng:PiggyBankHoldAndWin,Piggy Bank Hold&Win,READY
BGaming,bgmng,bgmng:PlatinumLightning,Platinum Lightning,READY
BGaming,bgmng,bgmng:PlatinumLightningDeluxe,Platinum Lightning Deluxe,READY
BGaming,bgmng,bgmng:Plinko,Plinko,READY
BGaming,bgmng,bgmng:Plinko2,Plinko 2,READY
BGaming,bgmng,bgmng:Plinko2Halloween,Plinko 2 Halloween,READY
BGaming,bgmng,bgmng:PlinkoXY,Plinko XY,READY
BGaming,bgmng,bgmng:PopZen,Pop Zen,READY
BGaming,bgmng,bgmng:PotionSpells,Potion Spells,READY
BGaming,bgmng,bgmng:RecycleRiches,Recycle Riches,READY
BGaming,bgmng,bgmng:RedAndHotChilli,Red and Hot Chilli,NOT_IN_CATALOGUE
BGaming,bgmng,bgmng:RedHotChilliChickens,Red Hot Chilli Chickens,NOT_IN_CATALOGUE
BGaming,bgmng,bgmng:ReelOfRa,Reel of Ra,READY
BGaming,bgmng,bgmng:BInvestLive,Retro Trader,READY
BGaming,bgmng,bgmng:Road2Riches,Road 2 Riches,READY
BGaming,bgmng,bgmng:Robospin,Robospin,READY
BGaming,bgmng,bgmng:RocketDice,Rocket Dice,READY
BGaming,bgmng,bgmng:RocketDiceXY,Rocket Dice XY,READY
BGaming,bgmng,bgmng:RocketEruptionTripleBlast,Rocket Eruption: Triple Blast,READY
BGaming,bgmng,bgmng:RotatingElement,Rotating Element,READY
BGaming,bgmng,bgmng:RoyalBeellionHoldAndWin,Royal Beellion Hold & Win,READY
BGaming,bgmng,bgmng:RoyalEaster,Royal Easter,READY
BGaming,bgmng,bgmng:RoyalFruitsMultiLines,Royal Fruits MultiLines,READY
BGaming,bgmng,bgmng:RoyalHighRoad,Royal High-Road,READY
BGaming,bgmng,bgmng:RoyalRoulette500X,Royal Roulette 500X,READY
BGaming,bgmng,bgmng:SakuraRiches60,Sakura Riches 60,READY
BGaming,bgmng,bgmng:SavageBuffaloSpirit,Savage Buffalo Spirit,READY
BGaming,bgmng,bgmng:SavageBuffaloSpiritMegaways,Savage Buffalo Spirit Megaways,READY
BGaming,bgmng,bgmng:ScratchAlpacaBronze,Scratch Alpaca Bronze,READY
BGaming,bgmng,bgmng:ScratchAlpacaGold,Scratch Alpaca Gold,READY
BGaming,bgmng,bgmng:ScratchAlpacaSilver,Scratch Alpaca Silver,READY
BGaming,bgmng,bgmng:ScratchDice,Scratch Dice,READY
BGaming,bgmng,bgmng:SecretBarMultiDiceX,Secret Bar Multidice X,READY
BGaming,bgmng,bgmng:SharkAndSparkHoldAndWin,Shark & Spark Hold & Win,READY
BGaming,bgmng,bgmng:SlotMachine,Slot Machine,READY
BGaming,bgmng,bgmng:SnoopDoggDollars,Snoop Dogg Dollars,READY
BGaming,bgmng,bgmng:Soccermania,Soccermania,READY
BGaming,bgmng,bgmng:SpaceXY,Space XY,READY
BGaming,bgmng,bgmng:SpinAndSpell,Spin and Spell,READY
BGaming,bgmng,bgmng:StPatricksPotsHoldAndWin,St. Patrick's Pots Hold and Win,NOT_IN_CATALOGUE
BGaming,bgmng,bgmng:StarTrekNextGen,Star Trek The Next Generation,READY
BGaming,bgmng,bgmng:StarsAndStripesHoldAndWin,Stars & Stripes Hold and Win,NOT_IN_CATALOGUE
BGaming,bgmng,bgmng:StreetPower,Street Power,READY
BGaming,bgmng,bgmng:SugarMergeUp,Sugar Merge Up,READY
BGaming,bgmng,bgmng:SugarMix,Sugar Mix,READY
BGaming,bgmng,bgmng:SugarPlinko,Sugar Plinko,NOT_IN_CATALOGUE
BGaming,bgmng,bgmng:SurrenderMultihandBlackjack,Surrender Multihand Blackjack,READY
BGaming,bgmng,bgmng:SweetRushMegaways,Sweet Royale Megaways,NOT_IN_CATALOGUE
BGaming,bgmng,bgmng:SweetSamurai,Sweet Samurai,READY
BGaming,bgmng,bgmng:GatesOfPower,Temple of Power,NOT_IN_CATALOGUE
BGaming,bgmng,bgmng:TheGodfather3PillarsOfPower,The Godfather: 3 Pillars of Power,NOT_IN_CATALOGUE
BGaming,bgmng,bgmng:TileMaster,Tile Master,READY
BGaming,bgmng,bgmng:TopEagle,Top Eagle,READY
BGaming,bgmng,bgmng:TotallyHot,Totally Hot,READY
BGaming,bgmng,bgmng:TrainHeistJohnnyCash,Train Heist Johnny Cash,READY
BGaming,bgmng,bgmng:TrainToRioGrande,Train to Rio Grande,READY
BGaming,bgmng,bgmng:TrampDay,Tramp Day,READY
BGaming,bgmng,bgmng:TrampDayTrueways,Tramp Day Trueways,READY
BGaming,bgmng,bgmng:TreasureExplorer,Treasure Explorer,READY
BGaming,bgmng,bgmng:TreasureOfAnubis,Treasure of Anubis,READY
BGaming,bgmng,bgmng:TripleNipple,Triple Nipple,NOT_IN_CATALOGUE
BGaming,bgmng,bgmng:UFOPyramids,UFO Pyramids,READY
BGaming,bgmng,bgmng:Ultras,Ultras,READY
BGaming,bgmng,bgmng:VoodooPeople,Voodoo People,READY
BGaming,bgmng,bgmng:WbcRingOfRiches,WBC Ring of Riches,READY
BGaming,bgmng,bgmng:WestTown,West Town,READY
BGaming,bgmng,bgmng:WildCardGang,Wild Card Gang,READY
BGaming,bgmng,bgmng:WildCash,Wild Cash,READY
BGaming,bgmng,bgmng:WildCashDice,Wild Cash Dice,READY
BGaming,bgmng,bgmng:WildCashX9990,Wild Cash x9990,READY
BGaming,bgmng,bgmng:WildChicago,Wild Chicago,READY
BGaming,bgmng,bgmng:WildClustersP,Wild Clusters,READY
BGaming,bgmng,bgmng:WildCoin,Wild Coin,NOT_IN_CATALOGUE
BGaming,bgmng,bgmng:WildCoinX9990,Wild Coin x9990,NOT_IN_CATALOGUE
BGaming,bgmng,bgmng:WildHeart,Wild Heart,READY
BGaming,bgmng,bgmng:WildMillion,Wild Million,READY
BGaming,bgmng,bgmng:WildMoonThieves,Wild Moon Thieves,READY
BGaming,bgmng,bgmng:WildTiger,Wild Tiger,READY
BGaming,bgmng,bgmng:WildTiger2,Wild Tiger 2,READY
BGaming,bgmng,bgmng:WildWestTrueways,Wild West TRUEWAYS,READY
BGaming,bgmng,bgmng:WildWick,Wild Wick,READY
BGaming,bgmng,bgmng:WincentWolf,Wincent Wolf,NOT_IN_CATALOGUE
BGaming,bgmng,bgmng:WinterFishingClub,Winter Fishing Club,READY
BGaming,bgmng,bgmng:WinterTrophyHoldAndWin,Winter Trophy Hold and Win,READY
BGaming,bgmng,bgmng:Yokai,Yokai,READY
BGaming,bgmng,bgmng:YommiRush,Yommi Rush,READY
BGaming,bgmng,bgmng:ZeusGoesWild,Zeus Goes Wild,READY
Evolution,evolution,evolution:two_hand_casino_oldem,2 Hand Casino Hold'em,READY
Evolution,evolution,evolution:Always8Baccarat,Always 8 Baccarat,NOT_IN_CATALOGUE
Evolution,evolution,evolution:Always9Baccarat,Always 9 Baccarat,READY
Evolution,evolution,evolution:AmberBlackjack,Amber Blackjack,NOT_IN_CATALOGUE
Evolution,evolution,evolution:americanroulette,American Roulette,READY
Evolution,evolution,evolution:AutoLightningRoulette,Auto Lightning Roulette,READY
Evolution,evolution,evolution:auto_roulette,Auto-Roulette,READY
Evolution,evolution,evolution:auto_roulette_vip,Auto-Roulette VIP,READY
Evolution,evolution,evolution:BacBo,Bac Bo,READY
Evolution,evolution,evolution:BacBoAoVivo,Bac Bo Ao Vivo,NOT_IN_CATALOGUE
Evolution,evolution,evolution:BacaraRapidoenEspanol,Bacara Rapido,NOT_IN_CATALOGUE
Evolution,evolution,evolution:baccarat_a,Baccarat A,READY
Evolution,evolution,evolution:baccarat_b,Baccarat B,READY
Evolution,evolution,evolution:baccarat,Baccarat Lobby,OTHER_PROVIDER
Evolution,evolution,evolution:BaccaratRapidoaoVivo1,Baccarat Rapido ao Vivo 1,NOT_IN_CATALOGUE
Evolution,evolution,evolution:BaccaratRapidoaoVivo3,Baccarat Rapido ao Vivo 3,NOT_IN_CATALOGUE
Evolution,evolution,evolution:BalloonRace,Balloon Race,READY
Evolution,evolution,evolution:BaraoVermelho,Barao Vermelho,NOT_IN_CATALOGUE
Evolution,evolution,evolution:BaraoVermelhoRNG,Barao Vermelho RNG,NOT_IN_CATALOGUE
Evolution,evolution,evolution:BetStackerBlackjackBurgas,Bet Stacker Blackjack Burgas,NOT_IN_CATALOGUE
Evolution,evolution,evolution:blackjack_c,Blackjack C,READY
Evolution,evolution,evolution:BlackjackClasicoenEspanol1,Blackjack Clasico en Espanol 1,NOT_IN_CATALOGUE
Evolution,evolution,evolution:BlackjackClasicoenEspanol2,Blackjack Clasico en Espanol 2,NOT_IN_CATALOGUE
Evolution,evolution,evolution:BlackjackClasicoenEspanol3,Blackjack Clasico en Espanol 3,NOT_IN_CATALOGUE
Evolution,evolution,evolution:BlackjackClasicoenEspanol4,Blackjack Clasico en Espanol 4,NOT_IN_CATALOGUE
Evolution,evolution,evolution:BlackjackClasicoenEspanol5,Blackjack Clasico en Espanol 5,NOT_IN_CATALOGUE
Evolution,evolution,evolution:BlackjackClasicoenEspanol6,Blackjack Clasico en Espanol 6,NOT_IN_CATALOGUE
Evolution,evolution,evolution:BlackjackClasicoenEspanol7,Blackjack Clasico en Espanol 7,NOT_IN_CATALOGUE
Evolution,evolution,evolution:BlackjackClasicoenEspanol8,Blackjack Clasico en Espanol 8,NOT_IN_CATALOGUE
Evolution,evolution,evolution:BlackjackClasicoenEspanol9,Blackjack Clasico en Espanol 9,NOT_IN_CATALOGUE
Evolution,evolution,evolution:BlackjackClasicoenEspanol10,Blackjack Clasico en Espanol 10,NOT_IN_CATALOGUE
Evolution,evolution,evolution:BlackjackClasicoenEspanol11,Blackjack Clasico en Espanol 11,NOT_IN_CATALOGUE
Evolution,evolution,evolution:BlackjackClasicoenEspanol12,Blackjack Clasico en Espanol 12,NOT_IN_CATALOGUE
Evolution,evolution,evolution:BlackjackClasicoenEspanol13,Blackjack Clasico en Espanol 13,NOT_IN_CATALOGUE
Evolution,evolution,evolution:BlackjackClasicoenEspanol14,Blackjack Clasico en Espanol 14,NOT_IN_CATALOGUE
Evolution,evolution,evolution:BlackjackClasicoenEspanol15,Blackjack Clasico en Espanol 15,NOT_IN_CATALOGUE
Evolution,evolution,evolution:BlackjackClasicoenEspanol16,Blackjack Clasico en Espanol 16,NOT_IN_CATALOGUE
Evolution,evolution,evolution:BlackjackClasicoenEspanol17,Blackjack Clasico en Espanol 17,NOT_IN_CATALOGUE
Evolution,evolution,evolution:BlackjackClasicoenEspanol18,Blackjack Clasico en Espanol 18,NOT_IN_CATALOGUE
Evolution,evolution,evolution:BlackjackClasicoEnEspanol19,Blackjack Clasico en Espanol 19,NOT_IN_CATALOGUE
Evolution,evolution,evolution:BlackjackClasicoenEspanol20,Blackjack Clasico en Espanol 20,NOT_IN_CATALOGUE
Evolution,evolution,evolution:BlackjackClasicoenEspanol21,Blackjack Clasico en Espanol 21,NOT_IN_CATALOGUE
Evolution,evolution,evolution:BlackjackClasicoenEspanol22,Blackjack Clasico en Espanol 22,NOT_IN_CATALOGUE
Evolution,evolution,evolution:BJClasicoenEspanol23,Blackjack Clasico en Espanol 23,NOT_IN_CATALOGUE
Evolution,evolution,evolution:BJClasicoenEspanol24,Blackjack Clasico en Espanol 24,NOT_IN_CATALOGUE
Evolution,evolution,evolution:BJClasicoenEspanol25,Blackjack Clasico en Espanol 25,NOT_IN_CATALOGUE
Evolution,evolution,evolution:BlackjackClasicoenEspanol26new,Blackjack Clasico en Espanol 26,NOT_IN_CATALOGUE
Evolution,evolution,evolution:liveBlackjackClassic1,Blackjack Classic 1,NOT_IN_CATALOGUE
Evolution,evolution,evolution:liveBlackjackClassic2,Blackjack Classic 2,NOT_IN_CATALOGUE
Evolution,evolution,evolution:bjclassic3,Blackjack Classic 3,NOT_IN_CATALOGUE
Evolution,evolution,evolution:liveBlackjackClassic4,Blackjack Classic 4,NOT_IN_CATALOGUE
Evolution,evolution,evolution:BlackjackClassic5,Blackjack Classic 5,NOT_IN_CATALOGUE
Evolution,evolution,evolution:bjclassic67,Blackjack Classic 6,NOT_IN_CATALOGUE
Evolution,evolution,evolution:bjclassic7,Blackjack Classic 7,NOT_IN_CATALOGUE
Evolution,evolution,evolution:blackjack_classic8,Blackjack Classic 8,NOT_IN_CATALOGUE
Evolution,evolution,evolution:blackjack_classic9,Blackjack Classic 9,NOT_IN_CATALOGUE
Evolution,evolution,evolution:BlackjackClassic10,Blackjack Classic 10,NOT_IN_CATALOGUE
Evolution,evolution,evolution:BlackjackClassic11,Blackjack Classic 11,NOT_IN_CATALOGUE
Evolution,evolution,evolution:BlackjackClassic12,Blackjack Classic 12,NOT_IN_CATALOGUE
Evolution,evolution,evolution:BlackjackClassic13,Blackjack Classic 13,NOT_IN_CATALOGUE
Evolution,evolution,evolution:BlackjackClassic14,Blackjack Classic 14,NOT_IN_CATALOGUE
Evolution,evolution,evolution:BlackjackClassic15,Blackjack Classic 15,NOT_IN_CATALOGUE
Evolution,evolution,evolution:BlackjackClassic16,Blackjack Classic 16,NOT_IN_CATALOGUE
Evolution,evolution,evolution:bjclassic18,Blackjack Classic 18,NOT_IN_CATALOGUE
Evolution,evolution,evolution:BlackjackClassic19,Blackjack Classic 19,NOT_IN_CATALOGUE
Evolution,evolution,evolution:bjclassic20,Blackjack Classic 20,NOT_IN_CATALOGUE
Evolution,evolution,evolution:bjclassic21,Blackjack Classic 21,NOT_IN_CATALOGUE
Evolution,evolution,evolution:bjclassic22,Blackjack Classic 22,NOT_IN_CATALOGUE
Evolution,evolution,evolution:bjclassic23,Blackjack Classic 23,NOT_IN_CATALOGUE
Evolution,evolution,evolution:bjclassic24,Blackjack Classic 24,NOT_IN_CATALOGUE
Evolution,evolution,evolution:bjclassic25,Blackjack Classic 25,NOT_IN_CATALOGUE
Evolution,evolution,evolution:BlackjackClassic27,Blackjack Classic 27,NOT_IN_CATALOGUE
Evolution,evolution,evolution:BlackjackClassic28,Blackjack Classic 28,NOT_IN_CATALOGUE
Evolution,evolution,evolution:bjclassic29,Blackjack Classic 29,NOT_IN_CATALOGUE
Evolution,evolution,evolution:bjclassic30,Blackjack Classic 30,READY
Evolution,evolution,evolution:bjclassic31,Blackjack Classic 31,NOT_IN_CATALOGUE
Evolution,evolution,evolution:bjclassic32,Blackjack Classic 32,NOT_IN_CATALOGUE
Evolution,evolution,evolution:BlackjackClassic33,Blackjack Classic 33,NOT_IN_CATALOGUE
Evolution,evolution,evolution:BlackjackClassic34,Blackjack Classic 34,NOT_IN_CATALOGUE
Evolution,evolution,evolution:bjclassic35,Blackjack Classic 35,NOT_IN_CATALOGUE
Evolution,evolution,evolution:bjclassic36,Blackjack Classic 36,NOT_IN_CATALOGUE
Evolution,evolution,evolution:bjclassic37,Blackjack Classic 37,NOT_IN_CATALOGUE
Evolution,evolution,evolution:bjclassic38,Blackjack Classic 38,NOT_IN_CATALOGUE
Evolution,evolution,evolution:classic_speed_blackjack_37,Blackjack Classic 39,NOT_IN_CATALOGUE
Evolution,evolution,evolution:BlackjackClassic40,Blackjack Classic 40,NOT_IN_CATALOGUE
Evolution,evolution,evolution:bjclassic41,Blackjack Classic 41,NOT_IN_CATALOGUE
Evolution,evolution,evolution:bjclassic42,Blackjack Classic 42,NOT_IN_CATALOGUE
Evolution,evolution,evolution:bjclassic43,Blackjack Classic 43,READY
Evolution,evolution,evolution:bjclassic44,Blackjack Classic 44,READY
Evolution,evolution,evolution:bjclassic45,Blackjack Classic 45,READY
Evolution,evolution,evolution:bjclassic46,Blackjack Classic 46,READY
Evolution,evolution,evolution:bjclassic47,Blackjack Classic 47,READY
Evolution,evolution,evolution:bjclassic48,Blackjack Classic 48,READY
Evolution,evolution,evolution:bjclassic49,Blackjack Classic 49,READY
Evolution,evolution,evolution:bjclassic50,Blackjack Classic 50,READY
Evolution,evolution,evolution:bjclassic51,Blackjack Classic 51,NOT_IN_CATALOGUE
Evolution,evolution,evolution:bjclassic52,Blackjack Classic 52,NOT_IN_CATALOGUE
Evolution,evolution,evolution:bjclassic53,Blackjack Classic 53,NOT_IN_CATALOGUE
Evolution,evolution,evolution:bjclassic54,Blackjack Classic 54,NOT_IN_CATALOGUE
Evolution,evolution,evolution:bjclassic55,Blackjack Classic 55,NOT_IN_CATALOGUE
Evolution,evolution,evolution:bjclassic56,Blackjack Classic 56,NOT_IN_CATALOGUE
Evolution,evolution,evolution:bjclassic57,Blackjack Classic 57,NOT_IN_CATALOGUE
Evolution,evolution,evolution:bjclassic58,Blackjack Classic 58,READY
Evolution,evolution,evolution:bjclassic59,Blackjack Classic 59,NOT_IN_CATALOGUE
Evolution,evolution,evolution:bjclassic60,Blackjack Classic 60,NOT_IN_CATALOGUE
Evolution,evolution,evolution:bjclassic61,Blackjack Classic 61,NOT_IN_CATALOGUE
Evolution,evolution,evolution:bjclassic62,Blackjack Classic 62,NOT_IN_CATALOGUE
Evolution,evolution,evolution:bjclassic63,Blackjack Classic 63,NOT_IN_CATALOGUE
Evolution,evolution,evolution:bjclassic64,Blackjack Classic 64,NOT_IN_CATALOGUE
Evolution,evolution,evolution:bjclassic65,Blackjack Classic 65,NOT_IN_CATALOGUE
Evolution,evolution,evolution:bjclassic66,Blackjack Classic 66,NOT_IN_CATALOGUE
Evolution,evolution,evolution:BlackjackClassic67,Blackjack Classic 67,NOT_IN_CATALOGUE
Evolution,evolution,evolution:bjclassic68,Blackjack Classic 68,NOT_IN_CATALOGUE
Evolution,evolution,evolution:bjclassic69,Blackjack Classic 69,READY
Evolution,evolution,evolution:BlackjackClassic70,Blackjack Classic 70,READY
Evolution,evolution,evolution:BlackjackClassicRu,Blackjack Classic Ru,NOT_IN_CATALOGUE
Evolution,evolution,evolution:BlackjackClassicRu2,Blackjack Classic Ru 2,NOT_IN_CATALOGUE
Evolution,evolution,evolution:BlackjackClassicRu3,Blackjack Classic Ru 3,NOT_IN_CATALOGUE
Evolution,evolution,evolution:BlackjackClassicRu4,Blackjack Classic Ru 4,NOT_IN_CATALOGUE
Evolution,evolution,evolution:BlackjackClassicRu5,Blackjack Classic Ru 5,NOT_IN_CATALOGUE
Evolution,evolution,evolution:BlackjackClassicRu6,Blackjack Classic Ru 6,NOT_IN_CATALOGUE
Evolution,evolution,evolution:BlackjackClassicRu7,Blackjack Classic Ru 7,NOT_IN_CATALOGUE
Evolution,evolution,evolution:BlackjackClassicRu8,Blackjack Classic Ru 8,NOT_IN_CATALOGUE
Evolution,evolution,evolution:BlackjackClassicRu9,Blackjack Classic Ru 9,NOT_IN_CATALOGUE
Evolution,evolution,evolution:BlackjackClassicRu10,Blackjack Classic Ru 10,NOT_IN_CATALOGUE
Evolution,evolution,evolution:BlackjackClassicRu11,Blackjack Classic Ru 11,NOT_IN_CATALOGUE
Evolution,evolution,evolution:BlackjackClassicoemPortugues4,Blackjack Classico em Portugues 4,NOT_IN_CATALOGUE
Evolution,evolution,evolution:BlackjackClassicoemPortugues22,Blackjack Classico em Portugues 5,NOT_IN_CATALOGUE
Evolution,evolution,evolution:BlackjackClassicoemPortugues7,Blackjack Classico em Portugues 7,NOT_IN_CATALOGUE
Evolution,evolution,evolution:BlackjackCrown,Blackjack Crown,NOT_IN_CATALOGUE
Evolution,evolution,evolution:blackjack_diamond_vip,Blackjack Diamond VIP,READY
Evolution,evolution,evolution:BlackjackemPortugues1,Blackjack em Portugues 1,NOT_IN_CATALOGUE
Evolution,evolution,evolution:BlackjackenEspanol1,Blackjack en Espanol 1,NOT_IN_CATALOGUE
Evolution,evolution,evolution:BlackjackenEspanol2,Blackjack en Espanol 2,NOT_IN_CATALOGUE
Evolution,evolution,evolution:BlackjackenEspanol3,Blackjack en Espanol 3,NOT_IN_CATALOGUE
Evolution,evolution,evolution:BlackjackFreeBetFrancais,Blackjack Free Bet Francais,NOT_IN_CATALOGUE
Evolution,evolution,evolution:grand_vip,Blackjack Grand VIP,READY
Evolution,evolution,evolution:BlackjackIlimitadoEnVivo,Blackjack Ilimitado En Vivo,NOT_IN_CATALOGUE
Evolution,evolution,evolution:blackjack,Blackjack Lobby,OTHER_PROVIDER
Evolution,evolution,evolution:party_bj,Blackjack Party,READY
Evolution,evolution,evolution:platinum_vip,Blackjack Platinum VIP,READY
Evolution,evolution,evolution:BlackjackPlovdiv,Blackjack Plovdiv,NOT_IN_CATALOGUE
Evolution,evolution,evolution:BlackjackRapidoClasicoenEspanol1,Blackjack Rapido Clasico en Espanol 1,NOT_IN_CATALOGUE
Evolution,evolution,evolution:BlackjackRapidoClasicoenEspanol2,Blackjack Rapido Clasico en Espanol 2,NOT_IN_CATALOGUE
Evolution,evolution,evolution:BlackjackRapidoClasicoenEspanol3,Blackjack Rapido Clasico en Espanol 3,NOT_IN_CATALOGUE
Evolution,evolution,evolution:BlackjackRapidoClasicoenEspanol4,Blackjack Rapido Clasico en Espanol 4,NOT_IN_CATALOGUE
Evolution,evolution,evolution:BlackjackRapidoClasicoenEspanol5,Blackjack Rapido Clasico en Espanol 5,NOT_IN_CATALOGUE
Evolution,evolution,evolution:BlackjackClassicoemPortugues5,Blackjack Rapido Classico em Portugues 5,NOT_IN_CATALOGUE
Evolution,evolution,evolution:BlackjackClassicoemPortugues17,Blackjack Rapido Classico em Portugues 13,NOT_IN_CATALOGUE
Evolution,evolution,evolution:BlackjackClassicoemPortugues18,Blackjack Rapido Classico em Portugues 14,NOT_IN_CATALOGUE
Evolution,evolution,evolution:BlackjackClassicoemPortugues19,Blackjack Rapido Classico em Portugues 15,NOT_IN_CATALOGUE
Evolution,evolution,evolution:BlackjackClassicoemPortugues12,Blackjack Rapido Classico em Portugues 16,NOT_IN_CATALOGUE
Evolution,evolution,evolution:silver1,Blackjack Silver A,READY
Evolution,evolution,evolution:silver2,Blackjack Silver B,READY
Evolution,evolution,evolution:silver3,Blackjack Silver C,READY
Evolution,evolution,evolution:silver4,Blackjack Silver D,READY
Evolution,evolution,evolution:silver5,Blackjack Silver E,READY
Evolution,evolution,evolution:silver6,Blackjack Silver F,READY
Evolution,evolution,evolution:silver7,Blackjack Silver G,READY
Evolution,evolution,evolution:BlackjackSofia,Blackjack Sofia,NOT_IN_CATALOGUE
Evolution,evolution,evolution:BlackjackThrone,Blackjack Throne,NOT_IN_CATALOGUE
Evolution,evolution,evolution:BlackjackTiara,Blackjack Tiara,NOT_IN_CATALOGUE
Evolution,evolution,evolution:blackjack_vip_1,Blackjack VIP 1,READY
Evolution,evolution,evolution:blackjack_vip_2,Blackjack VIP 2,READY
Evolution,evolution,evolution:blackjack_vip_3,Blackjack VIP 3,NOT_IN_CATALOGUE
Evolution,evolution,evolution:blackjack_vip_4,Blackjack VIP 4,NOT_IN_CATALOGUE
Evolution,evolution,evolution:blackjack_vip_5,Blackjack VIP 5,NOT_IN_CATALOGUE
Evolution,evolution,evolution:blackjack_vip_6,Blackjack VIP 6,NOT_IN_CATALOGUE
Evolution,evolution,evolution:blackjack_vip_7,Blackjack VIP 7,NOT_IN_CATALOGUE
Evolution,evolution,evolution:blackjack_vip_8,Blackjack VIP 8,READY
Evolution,evolution,evolution:blackjack_vip_9,Blackjack VIP 9,NOT_IN_CATALOGUE
Evolution,evolution,evolution:blackjack_vip_10,Blackjack VIP 10,READY
Evolution,evolution,evolution:blackjack_vip_11,Blackjack VIP 11,NOT_IN_CATALOGUE
Evolution,evolution,evolution:blackjack_vip_12,Blackjack VIP 12,NOT_IN_CATALOGUE
Evolution,evolution,evolution:blackjack_vip_13,Blackjack VIP 13,NOT_IN_CATALOGUE
Evolution,evolution,evolution:blackjack_vip_14,Blackjack VIP 14,NOT_IN_CATALOGUE
Evolution,evolution,evolution:blackjack_vip_15,Blackjack VIP 15,READY
Evolution,evolution,evolution:blackjack_vip_16,Blackjack VIP 16,READY
Evolution,evolution,evolution:BlackjackVIP17,Blackjack VIP 17,NOT_IN_CATALOGUE
Evolution,evolution,evolution:BlackjackVIP18,Blackjack VIP 18,NOT_IN_CATALOGUE
Evolution,evolution,evolution:BlackjackVIP19,Blackjack VIP 19,NOT_IN_CATALOGUE
Evolution,evolution,evolution:BlackjackVIP21,Blackjack VIP 21,NOT_IN_CATALOGUE
Evolution,evolution,evolution:BlackjackVIP22,Blackjack VIP 22,NOT_IN_CATALOGUE
Evolution,evolution,evolution:BlackjackVIP23,Blackjack VIP 23,NOT_IN_CATALOGUE
Evolution,evolution,evolution:BlackjackVIP24,Blackjack VIP 24,NOT_IN_CATALOGUE
Evolution,evolution,evolution:blackjack_vip_25,Blackjack VIP 25,NOT_IN_CATALOGUE
Evolution,evolution,evolution:blackjack_vip_27,Blackjack VIP 27,NOT_IN_CATALOGUE
Evolution,evolution,evolution:BlackjackVIP28,Blackjack VIP 28,NOT_IN_CATALOGUE
Evolution,evolution,evolution:BlackjackVIP29,Blackjack VIP 29,NOT_IN_CATALOGUE
Evolution,evolution,evolution:BlackjackVIP30,Blackjack VIP 30,NOT_IN_CATALOGUE
Evolution,evolution,evolution:BlackjackVIP31,Blackjack VIP 31,NOT_IN_CATALOGUE
Evolution,evolution,evolution:BlackjackVIP32,Blackjack VIP 32,NOT_IN_CATALOGUE
Evolution,evolution,evolution:BlackjackVIP33,Blackjack VIP 33,NOT_IN_CATALOGUE
Evolution,evolution,evolution:BlackjackVIP34,Blackjack VIP 34,NOT_IN_CATALOGUE
Evolution,evolution,evolution:BlackjackVIP35,Blackjack VIP 35,NOT_IN_CATALOGUE
Evolution,evolution,evolution:BlackjackVIP36,Blackjack VIP 36,READY
Evolution,evolution,evolution:BlackjackVIP37,Blackjack VIP 37,NOT_IN_CATALOGUE
Evolution,evolution,evolution:BlackjackVIP38,Blackjack VIP 38,NOT_IN_CATALOGUE
Evolution,evolution,evolution:BlackjackVIP39,Blackjack VIP 39,NOT_IN_CATALOGUE
Evolution,evolution,evolution:BlackjackVIP40,Blackjack VIP 40,NOT_IN_CATALOGUE
Evolution,evolution,evolution:BlackjackVIP41,Blackjack VIP 41,READY
Evolution,evolution,evolution:blackjack_vip_h,Blackjack VIP 42,NOT_IN_CATALOGUE
Evolution,evolution,evolution:blackjack_vip,Blackjack VIP 43,NOT_IN_CATALOGUE
Evolution,evolution,evolution:BlackjackVIP44,Blackjack VIP 44,NOT_IN_CATALOGUE
Evolution,evolution,evolution:blackjack_vip_m,Blackjack VIP 45,NOT_IN_CATALOGUE
Evolution,evolution,evolution:blackjack_n,Blackjack VIP 46,NOT_IN_CATALOGUE
Evolution,evolution,evolution:BlackjackVIP47,Blackjack VIP 47,NOT_IN_CATALOGUE
Evolution,evolution,evolution:BlackjackVIP48,Blackjack VIP 48,NOT_IN_CATALOGUE
Evolution,evolution,evolution:BlackjackVIP49,Blackjack VIP 49,NOT_IN_CATALOGUE
Evolution,evolution,evolution:BlackjackVIP50,Blackjack VIP 50,NOT_IN_CATALOGUE
Evolution,evolution,evolution:BlackjackVIP51,Blackjack VIP 51,NOT_IN_CATALOGUE
Evolution,evolution,evolution:BlackjackVIP52,Blackjack VIP 52,NOT_IN_CATALOGUE
Evolution,evolution,evolution:BlackjackVIP53,Blackjack VIP 53,NOT_IN_CATALOGUE
Evolution,evolution,evolution:BlackjackVIP54,Blackjack VIP 54,NOT_IN_CATALOGUE
Evolution,evolution,evolution:blackjack_vip_beta,Blackjack VIP Beta,READY
Evolution,evolution,evolution:BlackjacVIPGamma,Blackjack VIP Gamma,NOT_IN_CATALOGUE
Evolution,evolution,evolution:BonsaiSpeedBaccaratA,Bonsai Speed Baccarat A,READY
Evolution,evolution,evolution:BonsaiSpeedBaccaratB,Bonsai Speed Baccarat B,READY
Evolution,evolution,evolution:BonsaiSpeedBaccaratC,Bonsai Speed Baccarat C,READY
Evolution,evolution,evolution:Bronze,Bronze,NOT_IN_CATALOGUE
Evolution,evolution,evolution:BucharestAutoRoulette,Bucharest Auto-Roulette,NOT_IN_CATALOGUE
Evolution,evolution,evolution:BucharestBlackjackA,Bucharest Blackjack A,NOT_IN_CATALOGUE
Evolution,evolution,evolution:BucharestBlackjackB,Bucharest Blackjack B,NOT_IN_CATALOGUE
Evolution,evolution,evolution:BucharestInfiniteFreeBetBlackjack,Bucharest Infinite Free Bet Blackjack,NOT_IN_CATALOGUE
Evolution,evolution,evolution:BucharestRoulette,Bucharest Roulette,READY
Evolution,evolution,evolution:CanadaClassicBlackjack1,Canada Classic Blackjack 1,NOT_IN_CATALOGUE
Evolution,evolution,evolution:CanadaClassicBlackjack2,Canada Classic Blackjack 2,NOT_IN_CATALOGUE
Evolution,evolution,evolution:stud_poker,Caribbean Stud Poker,READY
Evolution,evolution,evolution:casino_holdem,Casino Hold'em,READY
Evolution,evolution,evolution:CasinoHoldemItalia,Casino Hold'em Italia,NOT_IN_CATALOGUE
Evolution,evolution,evolution:casino_malta,Casino Malta Roulette,NOT_IN_CATALOGUE
Evolution,evolution,evolution:CeskySpeedBaccarat,Cesky Speed Baccarat,NOT_IN_CATALOGUE
Evolution,evolution,evolution:ClassicAlways6Blackjack1,Classic Always 6 Blackjack 1,NOT_IN_CATALOGUE
Evolution,evolution,evolution:ClassicAlways6Blackjack2,Classic Always 6 Blackjack 2,NOT_IN_CATALOGUE
Evolution,evolution,evolution:ClassicAlways6Blackjack3,Classic Always 6 Blackjack 3,NOT_IN_CATALOGUE
Evolution,evolution,evolution:ClassicAlways6Blackjack4,Classic Always 6 Blackjack 4,NOT_IN_CATALOGUE
Evolution,evolution,evolution:ClassicAlways6Blackjack5,Classic Always 6 Blackjack 5,NOT_IN_CATALOGUE
Evolution,evolution,evolution:ClassicAlways6Blackjack6,Classic Always 6 Blackjack 6,NOT_IN_CATALOGUE
Evolution,evolution,evolution:ClassicAlways6Blackjack7,Classic Always 6 Blackjack 7,NOT_IN_CATALOGUE
Evolution,evolution,evolution:ClassicAlways6Blackjack8,Classic Always 6 Blackjack 8,NOT_IN_CATALOGUE
Evolution,evolution,evolution:ClassicBetStackerBlackjack1,Classic Bet Stacker Blackjack 1,NOT_IN_CATALOGUE
Evolution,evolution,evolution:ClassicBetStackerBlackjack2,Classic Bet Stacker Blackjack 2,NOT_IN_CATALOGUE
Evolution,evolution,evolution:ClassicBetStackerBlackjack3,Classic Bet Stacker Blackjack 3,NOT_IN_CATALOGUE
Evolution,evolution,evolution:ClassicBetStackerBlackjack4,Classic Bet Stacker Blackjack 4,NOT_IN_CATALOGUE
Evolution,evolution,evolution:ClassicBetStackerBlackjack5,Classic Bet Stacker Blackjack 5,NOT_IN_CATALOGUE
Evolution,evolution,evolution:ClassicBetStackerBlackjack6,Classic Bet Stacker Blackjack 6,NOT_IN_CATALOGUE
Evolution,evolution,evolution:ClassicBetStackerBlackjack7,Classic Bet Stacker Blackjack 7,NOT_IN_CATALOGUE
Evolution,evolution,evolution:ClassicBetStackerBlackjack8,Classic Bet Stacker Blackjack 8,NOT_IN_CATALOGUE
Evolution,evolution,evolution:ClassicBetStackerBlackjack9,Classic Bet Stacker Blackjack 9,NOT_IN_CATALOGUE
Evolution,evolution,evolution:ClassicBetStackerBlackjack10,Classic Bet Stacker Blackjack 10,NOT_IN_CATALOGUE
Evolution,evolution,evolution:ClassicBetStackerBlackjack11,Classic Bet Stacker Blackjack 11,NOT_IN_CATALOGUE
Evolution,evolution,evolution:ClassicBetStackerBlackjack12,Classic Bet Stacker Blackjack 12,NOT_IN_CATALOGUE
Evolution,evolution,evolution:ClassicBetStackerBlackjack13,Classic Bet Stacker Blackjack 13,NOT_IN_CATALOGUE
Evolution,evolution,evolution:ClassicBetStackerBlackjack14,Classic Bet Stacker Blackjack 14,NOT_IN_CATALOGUE
Evolution,evolution,evolution:ClassicBetStackerBlackjack15,Classic Bet Stacker Blackjack 15,NOT_IN_CATALOGUE
Evolution,evolution,evolution:ClassicBetStackerBlackjack16,Classic Bet Stacker Blackjack 16,NOT_IN_CATALOGUE
Evolution,evolution,evolution:ClassicBetStackerBlackjack17,Classic Bet Stacker Blackjack 17,NOT_IN_CATALOGUE
Evolution,evolution,evolution:ClassicBetStackerBlackjack18,Classic Bet Stacker Blackjack 18,NOT_IN_CATALOGUE
Evolution,evolution,evolution:ClassicBetStackerBlackjack19,Classic Bet Stacker Blackjack 19,NOT_IN_CATALOGUE
Evolution,evolution,evolution:ClassicBetStackerBlackjack20,Classic Bet Stacker Blackjack 20,NOT_IN_CATALOGUE
Evolution,evolution,evolution:ClassicBetStackerBlackjack21,Classic Bet Stacker Blackjack 21,NOT_IN_CATALOGUE
Evolution,evolution,evolution:ClassicBetStackerBlackjack22,Classic Bet Stacker Blackjack 22,NOT_IN_CATALOGUE
Evolution,evolution,evolution:ClassicBetStackerBlackjack23,Classic Bet Stacker Blackjack 23,NOT_IN_CATALOGUE
Evolution,evolution,evolution:ClassicBetStackerBlackjack24,Classic Bet Stacker Blackjack 24,NOT_IN_CATALOGUE
Evolution,evolution,evolution:ClassicBetStackerBlackjack25,Classic Bet Stacker Blackjack 25,NOT_IN_CATALOGUE
Evolution,evolution,evolution:ClassicBetStackerBlackjack26,Classic Bet Stacker Blackjack 26,NOT_IN_CATALOGUE
Evolution,evolution,evolution:ClassicBetStackerBlackjack27,Classic Bet Stacker Blackjack 27,NOT_IN_CATALOGUE
Evolution,evolution,evolution:ClassicBetStackerBlackjack28,Classic Bet Stacker Blackjack 28,NOT_IN_CATALOGUE
Evolution,evolution,evolution:ClassicBetStackerBlackjack29,Classic Bet Stacker Blackjack 29,NOT_IN_CATALOGUE
Evolution,evolution,evolution:bjclassic1,Classic Speed Blackjack 1,READY
Evolution,evolution,evolution:bjclassic2,Classic Speed Blackjack 2,NOT_IN_CATALOGUE
Evolution,evolution,evolution:classic_speed_blackjack_3,Classic Speed Blackjack 3,NOT_IN_CATALOGUE
Evolution,evolution,evolution:blackjack_classic1,Classic Speed Blackjack 4,NOT_IN_CATALOGUE
Evolution,evolution,evolution:classic_speed_blackjack_5,Classic Speed Blackjack 5,NOT_IN_CATALOGUE
Evolution,evolution,evolution:classic_speed_blackjack_6,Classic Speed Blackjack 6,NOT_IN_CATALOGUE
Evolution,evolution,evolution:blackjack_classic2,Classic Speed Blackjack 7,NOT_IN_CATALOGUE
Evolution,evolution,evolution:ClassicSpeedBlackjack8,Classic Speed Blackjack 8,NOT_IN_CATALOGUE
Evolution,evolution,evolution:classic_speed_blackjack_9,Classic Speed Blackjack 9,NOT_IN_CATALOGUE
Evolution,evolution,evolution:bjclassic10,Classic Speed Blackjack 10,READY
Evolution,evolution,evolution:bjclassic11,Classic Speed Blackjack 11,READY
Evolution,evolution,evolution:bjclassic12,Classic Speed Blackjack 12,READY
Evolution,evolution,evolution:bjclassic13,Classic Speed Blackjack 13,READY
Evolution,evolution,evolution:bjclassic14,Classic Speed Blackjack 14,READY
Evolution,evolution,evolution:bjclassic15,Classic Speed Blackjack 15,NOT_IN_CATALOGUE
Evolution,evolution,evolution:bjclassic16,Classic Speed Blackjack 16,NOT_IN_CATALOGUE
Evolution,evolution,evolution:bjclassic27,Classic Speed Blackjack 17,NOT_IN_CATALOGUE
Evolution,evolution,evolution:bjclassic19,Classic Speed Blackjack 19,NOT_IN_CATALOGUE
Evolution,evolution,evolution:classic_speed_blackjack_20,Classic Speed Blackjack 20,NOT_IN_CATALOGUE
Evolution,evolution,evolution:classic_speed_blackjack_21,Classic Speed Blackjack 21,NOT_IN_CATALOGUE
Evolution,evolution,evolution:classic_speed_blackjack_22,Classic Speed Blackjack 22,NOT_IN_CATALOGUE
Evolution,evolution,evolution:classic_speed_blackjack_23,Classic Speed Blackjack 23,NOT_IN_CATALOGUE
Evolution,evolution,evolution:bjclassic34,Classic Speed Blackjack 24,NOT_IN_CATALOGUE
Evolution,evolution,evolution:classic_speed_blackjack_25,Classic Speed Blackjack 25,NOT_IN_CATALOGUE
Evolution,evolution,evolution:classic_speed_blackjack_26,Classic Speed Blackjack 26,NOT_IN_CATALOGUE
Evolution,evolution,evolution:classic_speed_blackjack_27,Classic Speed Blackjack 27,NOT_IN_CATALOGUE
Evolution,evolution,evolution:classic_speed_blackjack_29,Classic Speed Blackjack 29,READY
Evolution,evolution,evolution:classic_speed_blackjack_30,Classic Speed Blackjack 30,NOT_IN_CATALOGUE
Evolution,evolution,evolution:classic_speed_blackjack_31,Classic Speed Blackjack 31,NOT_IN_CATALOGUE
Evolution,evolution,evolution:bjclassic40,Classic Speed Blackjack 32,NOT_IN_CATALOGUE
Evolution,evolution,evolution:bjclassic33,Classic Speed Blackjack 33,NOT_IN_CATALOGUE
Evolution,evolution,evolution:classic_speed_blackjack_34,Classic Speed Blackjack 34,NOT_IN_CATALOGUE
Evolution,evolution,evolution:classic_speed_blackjack_36,Classic Speed Blackjack 36,NOT_IN_CATALOGUE
Evolution,evolution,evolution:classic_speed_blackjack_39,Classic Speed Blackjack 39,NOT_IN_CATALOGUE
Evolution,evolution,evolution:ClassicSpeedBlackjack40,Classic Speed Blackjack 40,NOT_IN_CATALOGUE
Evolution,evolution,evolution:classic_speed_blackjack_41,Classic Speed Blackjack 41,NOT_IN_CATALOGUE
Evolution,evolution,evolution:classic_speed_blackjack_45,Classic Speed Blackjack 45,NOT_IN_CATALOGUE
Evolution,evolution,evolution:classic_speed_blackjack_46,Classic Speed Blackjack 46,NOT_IN_CATALOGUE
Evolution,evolution,evolution:classic_speed_blackjack_47,Classic Speed Blackjack 47,NOT_IN_CATALOGUE
Evolution,evolution,evolution:classic_speed_blackjack_48,Classic Speed Blackjack 48,NOT_IN_CATALOGUE
Evolution,evolution,evolution:classic_speed_blackjack_49,Classic Speed Blackjack 49,NOT_IN_CATALOGUE
Evolution,evolution,evolution:classic_speed_blackjack_50,Classic Speed Blackjack 50,NOT_IN_CATALOGUE
Evolution,evolution,evolution:ClassicSpeedBlackjack51,Classic Speed Blackjack 51,NOT_IN_CATALOGUE
Evolution,evolution,evolution:ClassicSpeedBlackjack52,Classic Speed Blackjack 52,NOT_IN_CATALOGUE
Evolution,evolution,evolution:ClassicSpeedBlackjack53,Classic Speed Blackjack 53,NOT_IN_CATALOGUE
Evolution,evolution,evolution:ClassicSpeedBlackjack54,Classic Speed Blackjack 54,NOT_IN_CATALOGUE
Evolution,evolution,evolution:classic_speed_blackjack_57,Classic Speed Blackjack 57,NOT_IN_CATALOGUE
Evolution,evolution,evolution:classic_speed_blackjack_58,Classic Speed Blackjack 58,NOT_IN_CATALOGUE
Evolution,evolution,evolution:classic_speed_blackjack_59,Classic Speed Blackjack 59,NOT_IN_CATALOGUE
Evolution,evolution,evolution:ClassicSpeedBlackjack60,Classic Speed Blackjack 60,NOT_IN_CATALOGUE
Evolution,evolution,evolution:ClassicSpeedBlackjack61,Classic Speed Blackjack 61,NOT_IN_CATALOGUE
Evolution,evolution,evolution:ClassicSpeedBlackjack63,Classic Speed Blackjack 63,NOT_IN_CATALOGUE
Evolution,evolution,evolution:ClassicSpeedBlackjack70,Classic Speed Blackjack 70,NOT_IN_CATALOGUE
Evolution,evolution,evolution:ClassicSpeedBlackjack72,Classic Speed Blackjack 72,NOT_IN_CATALOGUE
Evolution,evolution,evolution:ClassicSpeedBlackjack73,Classic Speed Blackjack 73,NOT_IN_CATALOGUE
Evolution,evolution,evolution:ClassicSpeedBlackjack77,Classic Speed Blackjack 77,NOT_IN_CATALOGUE
Evolution,evolution,evolution:ClassicSpeedBlackjack82,Classic Speed Blackjack 82,NOT_IN_CATALOGUE
Evolution,evolution,evolution:ClassicSpeedBlackjack88,Classic Speed Blackjack 88,NOT_IN_CATALOGUE
Evolution,evolution,evolution:ClassicSpeedBlackjack89,Classic Speed Blackjack 89,NOT_IN_CATALOGUE
Evolution,evolution,evolution:ClassicSpeedBlackjack90,Classic Speed Blackjack 90,NOT_IN_CATALOGUE
Evolution,evolution,evolution:ClassicSpeedBlackjack95,Classic Speed Blackjack 95,NOT_IN_CATALOGUE
Evolution,evolution,evolution:ClassicSpeedBlackjack96,Classic Speed Blackjack 96,NOT_IN_CATALOGUE
Evolution,evolution,evolution:ClassicSpeedBlackjack97,Classic Speed Blackjack 97,NOT_IN_CATALOGUE
Evolution,evolution,evolution:ClassicSpeedBlackjack98,Classic Speed Blackjack 98,NOT_IN_CATALOGUE
Evolution,evolution,evolution:ClassicSpeedBlackjack99,Classic Speed Blackjack 99,NOT_IN_CATALOGUE
Evolution,evolution,evolution:ClassicSpeedBlackjack118,Classic Speed Blackjack 118,NOT_IN_CATALOGUE
Evolution,evolution,evolution:ClassicUkrainianBlackjack1,Classic Ukrainian Blackjack 1,NOT_IN_CATALOGUE
Evolution,evolution,evolution:ClassicUkrainianBlackjack2,Classic Ukrainian Blackjack 2,NOT_IN_CATALOGUE
Evolution,evolution,evolution:ClassicUkrainianBlackjack3,Classic Ukrainian Blackjack 3,NOT_IN_CATALOGUE
Evolution,evolution,evolution:ClassiqueBlackjackDeux,Classique Blackjack Deux,NOT_IN_CATALOGUE
Evolution,evolution,evolution:ClassiqueBlackjackTrois,Classique Blackjack Trois,NOT_IN_CATALOGUE
Evolution,evolution,evolution:ClassiqueBlackjackUn,Classique Blackjack Un,NOT_IN_CATALOGUE
Evolution,evolution,evolution:baccarat_controlled,Control Squeeze Baccarat,NOT_IN_CATALOGUE
Evolution,evolution,evolution:CoralBlackjack,Coral Blackjack,NOT_IN_CATALOGUE
Evolution,evolution,evolution:craps,Craps,READY
Evolution,evolution,evolution:CrazyBalls,Crazy Balls,READY
Evolution,evolution,evolution:CrazyCoinFlip,Crazy Coin Flip,READY
Evolution,evolution,evolution:CrazyPachinko,Crazy Pachinko,READY
Evolution,evolution,evolution:crazytime,Crazy Time,READY
Evolution,evolution,evolution:crazytimea,Crazy Time A,NOT_IN_CATALOGUE
Evolution,evolution,evolution:CrazyTimeItalia,Crazy Time Italia,NOT_IN_CATALOGUE
Evolution,evolution,evolution:DanskRoulette,Dansk Roulette,NOT_IN_CATALOGUE
Evolution,evolution,evolution:DeadorAliveSaloon,Dead or Alive: Saloon,READY
Evolution,evolution,evolution:deutsches_roulette,Deutsches Roulette,NOT_IN_CATALOGUE
Evolution,evolution,evolution:DiscoBalls,Disco Balls,NOT_IN_CATALOGUE
Evolution,evolution,evolution:DiscoRoulette,Disco Roulette,NOT_IN_CATALOGUE
Evolution,evolution,evolution:DiscoRouletteMT,Disco Roulette,NOT_IN_CATALOGUE
Evolution,evolution,evolution:double_ball,Double Ball Roulette,READY
Evolution,evolution,evolution:DragonDragon,Dragon Dragon,READY
Evolution,evolution,evolution:dragon_tiger,Dragon Tiger,READY
Evolution,evolution,evolution:DragonTigerPhoenix,Dragon Tiger Phoenix,READY
Evolution,evolution,evolution:DragonTigerRelampago,Dragon Tiger Relampago,NOT_IN_CATALOGUE
Evolution,evolution,evolution:DragonaraRoulette,Dragonara Roulette,NOT_IN_CATALOGUE
Evolution,evolution,evolution:dream_catcher,Dream Catcher,READY
Evolution,evolution,evolution:DynastyClassicBlackjack1,Dynasty Classic Blackjack 1,NOT_IN_CATALOGUE
Evolution,evolution,evolution:DynastyClassicBlackjack2,Dynasty Classic Blackjack 2,NOT_IN_CATALOGUE
Evolution,evolution,evolution:DynastyClassicBlackjack3,Dynasty Classic Blackjack 3,NOT_IN_CATALOGUE
Evolution,evolution,evolution:DynastyClassicBlackjack4,Dynasty Classic Blackjack 4,NOT_IN_CATALOGUE
Evolution,evolution,evolution:DynastyClassicBlackjack5,Dynasty Classic Blackjack 5,NOT_IN_CATALOGUE
Evolution,evolution,evolution:DynastyClassicBlackjack6,Dynasty Classic Blackjack 6,NOT_IN_CATALOGUE
Evolution,evolution,evolution:DynastyClassicBlackjack7,Dynasty Classic Blackjack 7,NOT_IN_CATALOGUE
Evolution,evolution,evolution:DynastyClassicBlackjack8,Dynasty Classic Blackjack 8,NOT_IN_CATALOGUE
Evolution,evolution,evolution:DynastyClassicBlackjack9,Dynasty Classic Blackjack 9,NOT_IN_CATALOGUE
Evolution,evolution,evolution:DynastyLightningRoulette,Dynasty Lightning Roulette,READY
Evolution,evolution,evolution:DynastyRoulette,Dynasty Roulette,READY
Evolution,evolution,evolution:DynastySpeedBaccarat1,Dynasty Speed Baccarat 1,READY
Evolution,evolution,evolution:DynastySpeedBaccarat2,Dynasty Speed Baccarat 2,READY
Evolution,evolution,evolution:DynastySpeedBaccarat3,Dynasty Speed Baccarat 3,READY
Evolution,evolution,evolution:DynastySpeedBaccarat4,Dynasty Speed Baccarat 4,READY
Evolution,evolution,evolution:DynastySpeedBaccarat5,Dynasty Speed Baccarat 5,READY
Evolution,evolution,evolution:DynastySpeedBaccarat6,Dynasty Speed Baccarat 6,READY
Evolution,evolution,evolution:DynastySpeedBaccarat7,Dynasty Speed Baccarat 7,READY
Evolution,evolution,evolution:DynastySpeedBaccarat8,Dynasty Speed Baccarat 8,READY
Evolution,evolution,evolution:DynastySpeedBaccarat9,Dynasty Speed Baccarat 9,NOT_IN_CATALOGUE
Evolution,evolution,evolution:DynastySpeedBaccarat10,Dynasty Speed Baccarat 10,NOT_IN_CATALOGUE
Evolution,evolution,evolution:DynastySpeedBaccarat11,Dynasty Speed Baccarat 11,NOT_IN_CATALOGUE
Evolution,evolution,evolution:DynastySpeedBaccarat12,Dynasty Speed Baccarat 12,NOT_IN_CATALOGUE
Evolution,evolution,evolution:DynastySpeedBaccarat13,Dynasty Speed Baccarat 13,NOT_IN_CATALOGUE
Evolution,evolution,evolution:DynastySpeedBaccarat14,Dynasty Speed Baccarat 14,NOT_IN_CATALOGUE
Evolution,evolution,evolution:DynastySpeedBaccarat15,Dynasty Speed Baccarat 15,NOT_IN_CATALOGUE
Evolution,evolution,evolution:DynastySpeedBaccarat16,Dynasty Speed Baccarat 16,NOT_IN_CATALOGUE
Evolution,evolution,evolution:DynastySpeedBaccarat17,Dynasty Speed Baccarat 17,NOT_IN_CATALOGUE
Evolution,evolution,evolution:DynastyVIPBlackjack1,Dynasty VIP Blackjack 1,NOT_IN_CATALOGUE
Evolution,evolution,evolution:DynastyVIPBlackjack2,Dynasty VIP Blackjack 2,NOT_IN_CATALOGUE
Evolution,evolution,evolution:DynastyVIPBlackjack3,Dynasty VIP Blackjack 3,NOT_IN_CATALOGUE
Evolution,evolution,evolution:DynastyVIPBlackjack4,Dynasty VIP Blackjack 4,NOT_IN_CATALOGUE
Evolution,evolution,evolution:DynastyVIPBlackjack5,Dynasty VIP Blackjack 5,NOT_IN_CATALOGUE
Evolution,evolution,evolution:DynastyVIPBlackjack6,Dynasty VIP Blackjack 6,NOT_IN_CATALOGUE
Evolution,evolution,evolution:DynastyVIPBlackjack7,Dynasty VIP Blackjack 7,NOT_IN_CATALOGUE
Evolution,evolution,evolution:DynastyVIPBlackjack8,Dynasty VIP Blackjack 8,NOT_IN_CATALOGUE
Evolution,evolution,evolution:EasyBlackjack,Easy Blackjack,READY
Evolution,evolution,evolution:SalonPriveBaccaratM,Elite VIP Speed Baccarat 1,NOT_IN_CATALOGUE
Evolution,evolution,evolution:SalonPriveBaccaratN,Elite VIP Speed Baccarat 2,NOT_IN_CATALOGUE
Evolution,evolution,evolution:EmperorDragonTiger,Emperor Dragon Tiger,READY
Evolution,evolution,evolution:EmperorGoldenWealthBaccarat,Emperor Golden Wealth Baccarat,NOT_IN_CATALOGUE
Evolution,evolution,evolution:EmperorRoulette,Emperor Roulette,NOT_IN_CATALOGUE
Evolution,evolution,evolution:EmperorSicBo,Emperor Sic Bo,NOT_IN_CATALOGUE
Evolution,evolution,evolution:EmperorSicBoA,Emperor Sic Bo A,READY
Evolution,evolution,evolution:EmperorSpeedBaccaratA,Emperor Speed Baccarat A,READY
Evolution,evolution,evolution:EmperorSpeedBaccaratB,Emperor Speed Baccarat B,READY
Evolution,evolution,evolution:EmperorSpeedBaccaratC,Emperor Speed Baccarat C,NOT_IN_CATALOGUE
Evolution,evolution,evolution:EmperorSpeedBaccaratD,Emperor Speed Baccarat D,NOT_IN_CATALOGUE
Evolution,evolution,evolution:EVOPowerBall,EVO PowerBall,NOT_IN_CATALOGUE
Evolution,evolution,evolution:EvoSpeedBlackjack1,Evo Speed Blackjack 1,READY
Evolution,evolution,evolution:EvoSpeedBlackjack2,Evo Speed Blackjack 2,NOT_IN_CATALOGUE
Evolution,evolution,evolution:EvoSpeedBlackjack3,Evo Speed Blackjack 3,NOT_IN_CATALOGUE
Evolution,evolution,evolution:EvoSpeedBlackjack4,Evo Speed Blackjack 4,NOT_IN_CATALOGUE
Evolution,evolution,evolution:EvoSpeedBlackjack5,Evo Speed Blackjack 5,NOT_IN_CATALOGUE
Evolution,evolution,evolution:EvoSpeedBlackjack6,Evo Speed Blackjack 6,NOT_IN_CATALOGUE
Evolution,evolution,evolution:EvoSpeedBlackjack7,Evo Speed Blackjack 7,NOT_IN_CATALOGUE
Evolution,evolution,evolution:EvoSpeedBlackjack10,Evo Speed Blackjack 10,NOT_IN_CATALOGUE
Evolution,evolution,evolution:EvoSpeedBlackjack11,Evo Speed Blackjack 11,NOT_IN_CATALOGUE
Evolution,evolution,evolution:ExtraChilliEpicSpins,Extra Chilli Epic Spins,READY
Evolution,evolution,evolution:extreme_texas_holdem,Extreme Texas Hold'em,NOT_IN_CATALOGUE
Evolution,evolution,evolution:fan_tan,Fan Tan,READY
Evolution,evolution,evolution:FireBallRoulette,FireBall Roulette,READY
Evolution,evolution,evolution:FirstPersonAmericanRoulette,First Person American Roulette,READY
Evolution,evolution,evolution:FirstPersonBacBo,First Person Bac Bo,READY
Evolution,evolution,evolution:rngbaccarat,First Person Baccarat,NOT_IN_CATALOGUE
Evolution,evolution,evolution:blackjack_rng,First Person Blackjack,READY
Evolution,evolution,evolution:blackjack_rng0,First Person Blackjack,READY
Evolution,evolution,evolution:rng-craps,First Person Craps,NOT_IN_CATALOGUE
Evolution,evolution,evolution:rngdragontiger,First Person Dragon Tiger,NOT_IN_CATALOGUE
Evolution,evolution,evolution:moneywheel_rng,First Person Dream Catcher,READY
Evolution,evolution,evolution:FirstPersonFootballStudio,First Person Football Studio,READY
Evolution,evolution,evolution:FirstPersonGoldenWealthBaccarat,First Person Golden Wealth Baccarat,READY
Evolution,evolution,evolution:FirstPersonHiLo,First Person HiLo,READY
Evolution,evolution,evolution:FirstPersonLightningBaccarat,First Person Lightning Baccarat,NOT_IN_CATALOGUE
Evolution,evolution,evolution:FirstPersonLightningBlackjack,First Person Lightning Blackjack,READY
Evolution,evolution,evolution:roulette_rng,First Person Lightning Roulette,READY
Evolution,evolution,evolution:rng,First Person Lobby,NOT_IN_CATALOGUE
Evolution,evolution,evolution:rng-megaball,First Person Mega Ball,READY
Evolution,evolution,evolution:FirstPersonProsperityTreeBaccarat,First Person Prosperity Tree Baccarat,READY
Evolution,evolution,evolution:roulette_fp_rng,First Person Roulette,NOT_IN_CATALOGUE
Evolution,evolution,evolution:FirstPersonSuperSicBo,First Person Super Sic Bo,NOT_IN_CATALOGUE
Evolution,evolution,evolution:rngtopcard,First Person Top Card,NOT_IN_CATALOGUE
Evolution,evolution,evolution:FirstPersonVideoPoker,First Person Video Poker,READY
Evolution,evolution,evolution:FirstPersonXXXtremeLightningBaccarat,First Person XXXtreme Lightning Baccarat,NOT_IN_CATALOGUE
Evolution,evolution,evolution:FirstPersonXXXtremeLightningRoulette,First Person XXXtreme Lightning Roulette,READY
Evolution,evolution,evolution:top_card,Football Studio,READY
Evolution,evolution,evolution:FootballStudioDice,Football Studio Dice,READY
Evolution,evolution,evolution:FootballStudioRoulette,Football Studio Roulette,NOT_IN_CATALOGUE
Evolution,evolution,evolution:FreeBetBlackjack1,Free Bet Blackjack 1,OTHER_PROVIDER
Evolution,evolution,evolution:FreeBetBlackjack2,Free Bet Blackjack 2,OTHER_PROVIDER
Evolution,evolution,evolution:FreeBetBlackjack3,Free Bet Blackjack 3,NOT_IN_CATALOGUE
Evolution,evolution,evolution:FreeBetBlackjack4,Free Bet Blackjack 4,NOT_IN_CATALOGUE
Evolution,evolution,evolution:FreeBetBlackjack5,Free Bet Blackjack 5,NOT_IN_CATALOGUE
Evolution,evolution,evolution:FreeBetBlackjack6,Free Bet Blackjack 6,NOT_IN_CATALOGUE
Evolution,evolution,evolution:FreeBetBlackjack7,Free Bet Blackjack 7,NOT_IN_CATALOGUE
Evolution,evolution,evolution:FreeBetBlackjack8,Free Bet Blackjack 8,NOT_IN_CATALOGUE
Evolution,evolution,evolution:FreeBetBlackjack9,Free Bet Blackjack 9,NOT_IN_CATALOGUE
Evolution,evolution,evolution:FreeBetBlackjack10,Free Bet Blackjack 10,NOT_IN_CATALOGUE
Evolution,evolution,evolution:FreeBetBlackjack11,Free Bet Blackjack 11,NOT_IN_CATALOGUE
Evolution,evolution,evolution:FreeBetBlackjack12,Free Bet Blackjack 12,NOT_IN_CATALOGUE
Evolution,evolution,evolution:FreeBetBlackjack13,Free Bet Blackjack 13,NOT_IN_CATALOGUE
Evolution,evolution,evolution:FreeBetBlackjack14,Free Bet Blackjack 14,NOT_IN_CATALOGUE
Evolution,evolution,evolution:FreeBetBlackjack15,Free Bet Blackjack 15,NOT_IN_CATALOGUE
Evolution,evolution,evolution:FreeBetBlackjack16,Free Bet Blackjack 16,NOT_IN_CATALOGUE
Evolution,evolution,evolution:FreeBetBlackjack22,Free Bet Blackjack 22,NOT_IN_CATALOGUE
Evolution,evolution,evolution:FreeBetVIPBlackjackA,Free Bet VIP Blackjack A,NOT_IN_CATALOGUE
Evolution,evolution,evolution:FreeBetVIPBlackjackB,Free Bet VIP Blackjack B,NOT_IN_CATALOGUE
Evolution,evolution,evolution:FreeBetVIPBlackjackC1,Free Bet VIP Blackjack C,NOT_IN_CATALOGUE
Evolution,evolution,evolution:FreeBetVIPBlackjackD1,Free Bet VIP Blackjack D,NOT_IN_CATALOGUE
Evolution,evolution,evolution:FreeBetVIPBlackjackE1,Free Bet VIP Blackjack E,NOT_IN_CATALOGUE
Evolution,evolution,evolution:FreeBetVIPBlackjackF1,Free Bet VIP Blackjack F,NOT_IN_CATALOGUE
Evolution,evolution,evolution:FreeBetVIPBlackjackG1,Free Bet VIP Blackjack G,NOT_IN_CATALOGUE
Evolution,evolution,evolution:FreeBetVIPBlackjackH1,Free Bet VIP Blackjack H,NOT_IN_CATALOGUE
Evolution,evolution,evolution:FreeBetVIPBlackjackI1,Free Bet VIP Blackjack I,NOT_IN_CATALOGUE
Evolution,evolution,evolution:FreeBetVIPBlackjackJ1,Free Bet VIP Blackjack J,NOT_IN_CATALOGUE
Evolution,evolution,evolution:french_roulette_gold,French Roulette Gold,READY
Evolution,evolution,evolution:FunkyTime,Funky Time,READY
Evolution,evolution,evolution:FutbolStudio,Futbol Studio,NOT_IN_CATALOGUE
Evolution,evolution,evolution:game_shows,Game Show Lobby,NOT_IN_CATALOGUE
Evolution,evolution,evolution:GoldVaultRoulette,Gold Vault Roulette,READY
Evolution,evolution,evolution:GoldenWealthBaccarat,Golden Wealth Baccarat,READY
Evolution,evolution,evolution:GrandJapaneseBlackjack,Grand Japanese Speed Blackjack,NOT_IN_CATALOGUE
Evolution,evolution,evolution:GrandKoreanBlackjack,Grand Korean Speed Blackjack,NOT_IN_CATALOGUE
Evolution,evolution,evolution:GreekLightningRoulette,Greek Lightning Roulette,NOT_IN_CATALOGUE
Evolution,evolution,evolution:GreekRoulette,Greek Roulette,NOT_IN_CATALOGUE
Evolution,evolution,evolution:HindiLightningRoulette,Hindi Lightning Roulette,NOT_IN_CATALOGUE
Evolution,evolution,evolution:HindiRoulette,Hindi Roulette,OTHER_PROVIDER
Evolution,evolution,evolution:HindiSpeedBaccarat,Hindi Speed Baccarat A,NOT_IN_CATALOGUE
Evolution,evolution,evolution:HindiSpeedBaccaratB,Hindi Speed Baccarat B,NOT_IN_CATALOGUE
Evolution,evolution,evolution:IceFishing,Ice Fishing,READY
Evolution,evolution,evolution:IceFishingItalia,Ice Fishing Italia,NOT_IN_CATALOGUE
Evolution,evolution,evolution:immersive_roulette,Immersive Roulette,READY
Evolution,evolution,evolution:InfiniteBetStackerBlackjack,Infinite Bet Stacker Blackjack,READY
Evolution,evolution,evolution:infinite_blackjack,Infinite Blackjack,READY
Evolution,evolution,evolution:InfiniteFreeBetBlackjack,Infinite Free Bet Blackjack,NOT_IN_CATALOGUE
Evolution,evolution,evolution:InfiniteFunFun21Blackjack,Infinite Fun Fun 21 Blackjack,READY
Evolution,evolution,evolution:instantroulette,Instant Roulette,READY
Evolution,evolution,evolution:InsuranceBaccarat,Insurance Baccarat,READY
Evolution,evolution,evolution:ItalianLightningRoulette,Italian Lightning Roulette,NOT_IN_CATALOGUE
Evolution,evolution,evolution:JadeBlackjack,Jade Blackjack,NOT_IN_CATALOGUE
Evolution,evolution,evolution:JapaneseDragonTiger,Japanese Dragon Tiger,NOT_IN_CATALOGUE
Evolution,evolution,evolution:JapaneseGoldenWealthBaccarat,Japanese Golden Wealth Baccarat,NOT_IN_CATALOGUE
Evolution,evolution,evolution:JapaneseLightningBaccarat,Japanese Lightning Baccarat,NOT_IN_CATALOGUE
Evolution,evolution,evolution:JapanesePlatinumPrivateBlackjack1,Japanese Platinum Private Blackjack 1,NOT_IN_CATALOGUE
Evolution,evolution,evolution:JapaneseProsperityTreeBaccarat,Japanese Prosperity Tree Baccarat,NOT_IN_CATALOGUE
Evolution,evolution,evolution:japanese_roulette,Japanese Roulette,NOT_IN_CATALOGUE
Evolution,evolution,evolution:JapaneseSalonPriveBaccarat,Japanese Salon Prive Baccarat,NOT_IN_CATALOGUE
Evolution,evolution,evolution:JapaneseSicBo,Japanese Sic Bo,NOT_IN_CATALOGUE
Evolution,evolution,evolution:JapaneseSpeedBaccaratA,Japanese Speed Baccarat A,NOT_IN_CATALOGUE
Evolution,evolution,evolution:JapaneseSpeedBaccaratB,Japanese Speed Baccarat B,NOT_IN_CATALOGUE
Evolution,evolution,evolution:JapaneseSpeedBaccaratC,Japanese Speed Baccarat C,NOT_IN_CATALOGUE
Evolution,evolution,evolution:JapaneseSpeedBaccaratD,Japanese Speed Baccarat D,NOT_IN_CATALOGUE
Evolution,evolution,evolution:JapaneseSpeedBaccaratE,Japanese Speed Baccarat E,NOT_IN_CATALOGUE
Evolution,evolution,evolution:JapaneseSpeedBlackjackA,Japanese Speed Blackjack A,NOT_IN_CATALOGUE
Evolution,evolution,evolution:JapaneseSpeedBlackjackB,Japanese Speed Blackjack B,NOT_IN_CATALOGUE
Evolution,evolution,evolution:JapaneseSpeedBlackjackC,Japanese Speed Blackjack C,NOT_IN_CATALOGUE
Evolution,evolution,evolution:JapaneseSpeedBlackjackD,Japanese Speed Blackjack D,NOT_IN_CATALOGUE
Evolution,evolution,evolution:JapaneseSpeedBlackjackE,Japanese Speed Blackjack E,NOT_IN_CATALOGUE
Evolution,evolution,evolution:JapaneseSpeedBlackjackF,Japanese Speed Blackjack F,NOT_IN_CATALOGUE
Evolution,evolution,evolution:JapaneseSpeedBlackjackG,Japanese Speed Blackjack G,NOT_IN_CATALOGUE
Evolution,evolution,evolution:JapaneseSpeedBlackjackH,Japanese Speed Blackjack H,NOT_IN_CATALOGUE
Evolution,evolution,evolution:JapaneseSpeedBlackjackI,Japanese Speed Blackjack I,NOT_IN_CATALOGUE
Evolution,evolution,evolution:JapaneseSpeedBlackjackJ,Japanese Speed Blackjack J,NOT_IN_CATALOGUE
Evolution,evolution,evolution:arabic_roulette,Jawhara Roulette,NOT_IN_CATALOGUE
Evolution,evolution,evolution:KlasikBetStackerBlackjack1,Klasik Bet Stacker Blackjack 1,NOT_IN_CATALOGUE
Evolution,evolution,evolution:KlasikBetStackerBlackjack2,Klasik Bet Stacker Blackjack 2,NOT_IN_CATALOGUE
Evolution,evolution,evolution:KlasikBlackjack,Klasik Blackjack,NOT_IN_CATALOGUE
Evolution,evolution,evolution:KlasikBlackjack1,Klasik Blackjack 1,NOT_IN_CATALOGUE
Evolution,evolution,evolution:KlasikBlackjack2,Klasik Blackjack 2,NOT_IN_CATALOGUE
Evolution,evolution,evolution:KlasikBlackjack3,Klasik Blackjack 3,NOT_IN_CATALOGUE
Evolution,evolution,evolution:KlasikBlackjack4,Klasik Blackjack 4,NOT_IN_CATALOGUE
Evolution,evolution,evolution:KlasikBlackjack5,Klasik Blackjack 5,NOT_IN_CATALOGUE
Evolution,evolution,evolution:KlasikBlackjack6,Klasik Blackjack 6,NOT_IN_CATALOGUE
Evolution,evolution,evolution:KlasikBlackjack7,Klasik Blackjack 7,NOT_IN_CATALOGUE
Evolution,evolution,evolution:KlasikBlackjack8,Klasik Blackjack 8,NOT_IN_CATALOGUE
Evolution,evolution,evolution:KlasikBlackjack9,Klasik Blackjack 9,NOT_IN_CATALOGUE
Evolution,evolution,evolution:KlasikBlackjack10,Klasik Blackjack 10,NOT_IN_CATALOGUE
Evolution,evolution,evolution:KlasikBlackjack11,Klasik Blackjack 11,NOT_IN_CATALOGUE
Evolution,evolution,evolution:KlasikBlackjack12,Klasik Blackjack 12,NOT_IN_CATALOGUE
Evolution,evolution,evolution:KlasikBlackjack13,Klasik Blackjack 13,NOT_IN_CATALOGUE
Evolution,evolution,evolution:KlasikBlackjack14,Klasik Blackjack 14,NOT_IN_CATALOGUE
Evolution,evolution,evolution:KlasikBlackjack15,Klasik Blackjack 15,NOT_IN_CATALOGUE
Evolution,evolution,evolution:KlasikBlackjack16,Klasik Blackjack 16,NOT_IN_CATALOGUE
Evolution,evolution,evolution:KlasikBlackjack18,Klasik Blackjack 18,NOT_IN_CATALOGUE
Evolution,evolution,evolution:KlasikBlackjack19,Klasik Blackjack 19,NOT_IN_CATALOGUE
Evolution,evolution,evolution:KlasikBlackjack20,Klasik Blackjack 20,NOT_IN_CATALOGUE
Evolution,evolution,evolution:KlasikBlackjack21,Klasik Blackjack 21,NOT_IN_CATALOGUE
Evolution,evolution,evolution:KlasikBlackjack22,Klasik Blackjack 22,NOT_IN_CATALOGUE
Evolution,evolution,evolution:KlasikFreebetBlackjack1,Klasik Freebet Blackjack 1,NOT_IN_CATALOGUE
Evolution,evolution,evolution:KlasikFreebetBlackjack2,Klasik Freebet Blackjack 2,NOT_IN_CATALOGUE
Evolution,evolution,evolution:KlasikSpeedBlackjack1,Klasik Speed Blackjack 1,NOT_IN_CATALOGUE
Evolution,evolution,evolution:KlasikSpeedBlackjack2,Klasik Speed Blackjack 2,NOT_IN_CATALOGUE
Evolution,evolution,evolution:KlasikSpeedBlackjack3,Klasik Speed Blackjack 3,NOT_IN_CATALOGUE
Evolution,evolution,evolution:KlasikSpeedBlackjack4,Klasik Speed Blackjack 4,NOT_IN_CATALOGUE
Evolution,evolution,evolution:KlasikSpeedBlackjack5,Klasik Speed Blackjack 5,NOT_IN_CATALOGUE
Evolution,evolution,evolution:KlasikSpeedBlackjack6,Klasik Speed Blackjack 6,NOT_IN_CATALOGUE
Evolution,evolution,evolution:KlasikSpeedBlackjack8,Klasik Speed Blackjack 8,NOT_IN_CATALOGUE
Evolution,evolution,evolution:KlasikSpeedBlackjack9,Klasik Speed Blackjack 9,NOT_IN_CATALOGUE
Evolution,evolution,evolution:KlasikSpeedBlackjack10,Klasik Speed Blackjack 10,NOT_IN_CATALOGUE
Evolution,evolution,evolution:KoreanDealerBaseballStudio,Korean Dealer Baseball Studio,NOT_IN_CATALOGUE
Evolution,evolution,evolution:KoreanDealerPowerBlackjack,Korean Dealer Power Blackjack,NOT_IN_CATALOGUE
Evolution,evolution,evolution:KoreanDealerSpeedBlackjack,Korean Dealer Speed Blackjack,NOT_IN_CATALOGUE
Evolution,evolution,evolution:KoreanGoldenWealthBaccarat,Korean Golden Wealth Baccarat,NOT_IN_CATALOGUE
Evolution,evolution,evolution:KoreanLightningBaccarat,Korean Lightning Baccarat,NOT_IN_CATALOGUE
Evolution,evolution,evolution:KoreanLightningDragonTiger,Korean Lightning Dragon Tiger,NOT_IN_CATALOGUE
Evolution,evolution,evolution:KoreanPlatinumPrivateBlackjack1,Korean Platinum Private Blackjack 1,NOT_IN_CATALOGUE
Evolution,evolution,evolution:KoreanPlatinumPrivateBlackjack2,Korean Platinum Private Blackjack 2,NOT_IN_CATALOGUE
Evolution,evolution,evolution:KoreanProsperityTreeBaccarat,Korean Prosperity Tree Baccarat,NOT_IN_CATALOGUE
Evolution,evolution,evolution:KoreanSalonPriveBaccarat,Korean Salon Prive Baccarat,NOT_IN_CATALOGUE
Evolution,evolution,evolution:KoreanSpeakingSpeedBaccarat,Korean Speaking Speed Baccarat,NOT_IN_CATALOGUE
Evolution,evolution,evolution:KoreanSpeakingSpeedBaccarat2,Korean Speaking Speed Baccarat 2,NOT_IN_CATALOGUE
Evolution,evolution,evolution:KoreanSpeedBaccaratA,Korean Speed Baccarat A,NOT_IN_CATALOGUE
Evolution,evolution,evolution:KoreanSpeedBaccaratB,Korean Speed Baccarat B,NOT_IN_CATALOGUE
Evolution,evolution,evolution:KoreanSpeedBaccaratC,Korean Speed Baccarat C,NOT_IN_CATALOGUE
Evolution,evolution,evolution:KoreanSpeedBaccaratD,Korean Speed Baccarat D,NOT_IN_CATALOGUE
Evolution,evolution,evolution:KoreanSpeedBaccaratE,Korean Speed Baccarat E,NOT_IN_CATALOGUE
Evolution,evolution,evolution:KoreanSpeedBaccaratF,Korean Speed Baccarat F,NOT_IN_CATALOGUE
Evolution,evolution,evolution:KoreanSpeedBaccaratG,Korean Speed Baccarat G,NOT_IN_CATALOGUE
Evolution,evolution,evolution:KoreanSpeedBaccaratH,Korean Speed Baccarat H,NOT_IN_CATALOGUE
Evolution,evolution,evolution:KoreanSpeedBlackjackA,Korean Speed Blackjack A,NOT_IN_CATALOGUE
Evolution,evolution,evolution:KoreanSpeedBlackjackB,Korean Speed Blackjack B,NOT_IN_CATALOGUE
Evolution,evolution,evolution:KoreanSpeedBlackjackC,Korean Speed Blackjack C,NOT_IN_CATALOGUE
Evolution,evolution,evolution:KoreanSpeedBlackjackD,Korean Speed Blackjack D,NOT_IN_CATALOGUE
Evolution,evolution,evolution:KoreanSpeedBlackjackE,Korean Speed Blackjack E,NOT_IN_CATALOGUE
Evolution,evolution,evolution:KoreanSpeedBlackjackF,Korean Speed Blackjack F,NOT_IN_CATALOGUE
Evolution,evolution,evolution:KoreanSpeedBlackjackG,Korean Speed Blackjack G,NOT_IN_CATALOGUE
Evolution,evolution,evolution:KoreanSpeedBlackjackH,Korean Speed Blackjack H,NOT_IN_CATALOGUE
Evolution,evolution,evolution:KoreanSpeedBlackjackI,Korean Speed Blackjack I,NOT_IN_CATALOGUE
Evolution,evolution,evolution:KoreanSpeedBlackjackJ,Korean Speed Blackjack J,NOT_IN_CATALOGUE
Evolution,evolution,evolution:KoreanSpeedBlackjackK,Korean Speed Blackjack K,NOT_IN_CATALOGUE
Evolution,evolution,evolution:KoreanSpeedBlackjackL,Korean Speed Blackjack L,NOT_IN_CATALOGUE
Evolution,evolution,evolution:KoreanSpeedBlackjackM,Korean Speed Blackjack M,NOT_IN_CATALOGUE
Evolution,evolution,evolution:KoreanSuperSpeedBaccarat,Korean Super Speed Baccarat,NOT_IN_CATALOGUE
Evolution,evolution,evolution:lightning_baccarat,Lightning Baccarat,READY
Evolution,evolution,evolution:LightningBlackjack,Lightning Blackjack,READY
Evolution,evolution,evolution:lightningdice,Lightning Dice,READY
Evolution,evolution,evolution:LightningDragonTiger,Lightning Dragon Tiger,READY
Evolution,evolution,evolution:lightning_roulette,Lightning Roulette,READY
Evolution,evolution,evolution:LightningSicBo,Lightning Sic Bo,READY
Evolution,evolution,evolution:LightningStorm,Lightning Storm,READY
Evolution,evolution,evolution:LotusRoulette,Lotus Roulette,NOT_IN_CATALOGUE
Evolution,evolution,evolution:LotusSicBo,Lotus Sic Bo,NOT_IN_CATALOGUE
Evolution,evolution,evolution:LotusSpeedBaccaratA,Lotus Speed Baccarat A,NOT_IN_CATALOGUE
Evolution,evolution,evolution:LotusSpeedBaccaratB,Lotus Speed Baccarat B,NOT_IN_CATALOGUE
Evolution,evolution,evolution:LotusSpeedBaccaratC,Lotus Speed Baccarat C,NOT_IN_CATALOGUE
Evolution,evolution,evolution:MarbleRace,Marble Race,READY
Evolution,evolution,evolution:megaball,Mega Ball,READY
Evolution,evolution,evolution:MegaBallenEspanol,Mega Bola,NOT_IN_CATALOGUE
Evolution,evolution,evolution:MegaBolaDaSorte,Mega Bola Da Sorte,NOT_IN_CATALOGUE
Evolution,evolution,evolution:MonopolyBigBaller,Monopoly Big Baller,READY
Evolution,evolution,evolution:monopoly,MONOPOLY Live,READY
Evolution,evolution,evolution:MONOPOLYRollem,MONOPOLY Roll 'em,NOT_IN_CATALOGUE
Evolution,evolution,evolution:MONOPOLYRoulette,MONOPOLY Roulette,READY
Evolution,evolution,evolution:MoonstoneBlackjack,Moonstone Blackjack,NOT_IN_CATALOGUE
Evolution,evolution,evolution:super_six,No Commission Baccarat,NOT_IN_CATALOGUE
Evolution,evolution,evolution:norsk_roulette,Norsk Roulette,NOT_IN_CATALOGUE
Evolution,evolution,evolution:OnyxBlackjack,Onyx Blackjack,NOT_IN_CATALOGUE
Evolution,evolution,evolution:PeekBaccarat,Peek Baccarat,READY
Evolution,evolution,evolution:PlatinumPriveBlackjack1,Platinum Private Blackjack 1,NOT_IN_CATALOGUE
Evolution,evolution,evolution:PlatinumPriveBlackjack2,Platinum Private Blackjack 2,NOT_IN_CATALOGUE
Evolution,evolution,evolution:PlatinumPriveBlackjack3,Platinum Private Blackjack 3,NOT_IN_CATALOGUE
Evolution,evolution,evolution:PlatinumPrivateBlackjack4,Platinum Private Blackjack 4,NOT_IN_CATALOGUE
Evolution,evolution,evolution:PlatinumPrivateBlackjack5,Platinum Private Blackjack 5,NOT_IN_CATALOGUE
Evolution,evolution,evolution:PlatinumPrivateBlackjack6,Platinum Private Blackjack 6,NOT_IN_CATALOGUE
Evolution,evolution,evolution:PlatinumPrivateBlackjack8,Platinum Private Blackjack 8,NOT_IN_CATALOGUE
Evolution,evolution,evolution:PlatinumPrivateBlackjack9,Platinum Private Blackjack 9,NOT_IN_CATALOGUE
Evolution,evolution,evolution:PlatinumPrivateBlackjack10,Platinum Private Blackjack 10,NOT_IN_CATALOGUE
Evolution,evolution,evolution:PlatinumPrivateBlackjack11,Platinum Private Blackjack 11,NOT_IN_CATALOGUE
Evolution,evolution,evolution:PlatinumPrivateBlackjack12,Platinum Private Blackjack 12,NOT_IN_CATALOGUE
Evolution,evolution,evolution:poker,Poker Lobby,NOT_IN_CATALOGUE
Evolution,evolution,evolution:powerblackjack,Power BlackJack,READY
Evolution,evolution,evolution:ProsperityTreeBaccarat,Prosperity Tree Baccarat,READY
Evolution,evolution,evolution:punto_banko,Punto Banco,NOT_IN_CATALOGUE
Evolution,evolution,evolution:RaceTrack,Race Track,READY
Evolution,evolution,evolution:RedBaron,Red Baron,READY
Evolution,evolution,evolution:RedBaron2,Red Baron 2,NOT_IN_CATALOGUE
Evolution,evolution,evolution:RedDoorRoulette,Red Door Roulette,READY
Evolution,evolution,evolution:RoletaAoVivo,Roleta Ao Vivo,NOT_IN_CATALOGUE
Evolution,evolution,evolution:RoletaRelampago,Roleta Relampago,NOT_IN_CATALOGUE
Evolution,evolution,evolution:RomanianClassicBetStackerBlackjack,Romanian Classic Bet Stacker Blackjack,NOT_IN_CATALOGUE
Evolution,evolution,evolution:RomanianFreeBetBlackjack,Romanian Free Bet Blackjack,NOT_IN_CATALOGUE
Evolution,evolution,evolution:roulette_direct,Roulette,OTHER_PROVIDER
Evolution,evolution,evolution:roulette_lobby,Roulette Lobby,OTHER_PROVIDER
Evolution,evolution,evolution:RuletaAutoFrancesa,Ruleta Auto Francesa,NOT_IN_CATALOGUE
Evolution,evolution,evolution:RuletaAutomatica,Ruleta Automatica,NOT_IN_CATALOGUE
Evolution,evolution,evolution:RuletaBolaRapidaenVivo,Ruleta Bola Rapida en Vivo,NOT_IN_CATALOGUE
Evolution,evolution,evolution:RuletaDualPlay,Ruleta Dual Play,NOT_IN_CATALOGUE
Evolution,evolution,evolution:RuletaenEspanol,Ruleta en Espanol,NOT_IN_CATALOGUE
Evolution,evolution,evolution:ruleta_envivo,Ruleta En Vivo,NOT_IN_CATALOGUE
Evolution,evolution,evolution:RuletaFrancesaenVivo,Ruleta Francesa en Vivo,NOT_IN_CATALOGUE
Evolution,evolution,evolution:RuletaPuertaRojaenVivo,Ruleta Puerta Roja en Vivo,NOT_IN_CATALOGUE
Evolution,evolution,evolution:RuletaRelampagoenVivo,Ruleta Relampago en Vivo,NOT_IN_CATALOGUE
Evolution,evolution,evolution:RuletaRelampagoXXXtreme,Ruleta Relampago XXXtreme,NOT_IN_CATALOGUE
Evolution,evolution,evolution:russian_roulette,Ruletka Live,NOT_IN_CATALOGUE
Evolution,evolution,evolution:RussianRoyalBlackjack,Russian Royal Blackjack,NOT_IN_CATALOGUE
Evolution,evolution,evolution:RussianRoyalBlackjack2,Russian Royal Blackjack 2,NOT_IN_CATALOGUE
Evolution,evolution,evolution:RussianRoyalBlackjack3,Russian Royal Blackjack 3,NOT_IN_CATALOGUE
Evolution,evolution,evolution:SalonPriveAutoRouletteA,Salon Prive Auto-Roulette A,NOT_IN_CATALOGUE
Evolution,evolution,evolution:SalonPriveAutoRouletteB,Salon Prive Auto-Roulette B,NOT_IN_CATALOGUE
Evolution,evolution,evolution:salon_private_baccarat,Salon Prive Baccarat A,NOT_IN_CATALOGUE
Evolution,evolution,evolution:salon_private_baccarat_2,Salon Prive Baccarat B,NOT_IN_CATALOGUE
Evolution,evolution,evolution:salon_prive_baccarat_c,Salon Prive Baccarat C,NOT_IN_CATALOGUE
Evolution,evolution,evolution:salon_prive_baccarat_d,Salon Prive Baccarat D,NOT_IN_CATALOGUE
Evolution,evolution,evolution:salon_prive_baccarat_e,Salon Prive Baccarat E,NOT_IN_CATALOGUE
Evolution,evolution,evolution:SalonPriveBaccaratF,Salon Prive Baccarat F,NOT_IN_CATALOGUE
Evolution,evolution,evolution:SalonPriveBaccaratG,Salon Prive Baccarat G,NOT_IN_CATALOGUE
Evolution,evolution,evolution:SalonPriveBaccaratH,Salon Prive Baccarat H,NOT_IN_CATALOGUE
Evolution,evolution,evolution:SalonPriveBaccaratI,Salon Prive Baccarat I,NOT_IN_CATALOGUE
Evolution,evolution,evolution:SalonPriveBaccaratJ,Salon Prive Baccarat J,NOT_IN_CATALOGUE
Evolution,evolution,evolution:SalonPriveBaccaratK,Salon Prive Baccarat K,NOT_IN_CATALOGUE
Evolution,evolution,evolution:SalonPriveBaccaratL,Salon Prive Baccarat L,NOT_IN_CATALOGUE
Evolution,evolution,evolution:salon_private_blackjack_one,Salon Prive Blackjack A,NOT_IN_CATALOGUE
Evolution,evolution,evolution:salon_private_blackjack_two,Salon Prive Blackjack B,NOT_IN_CATALOGUE
Evolution,evolution,evolution:salon_private_blackjack_three,Salon Prive Blackjack C,NOT_IN_CATALOGUE
Evolution,evolution,evolution:salon_private_blackjackd,Salon Prive Blackjack D,NOT_IN_CATALOGUE
Evolution,evolution,evolution:salon_private_blackjacke,Salon Prive Blackjack E,NOT_IN_CATALOGUE
Evolution,evolution,evolution:salon_private_blackjackf,Salon Prive Blackjack F,NOT_IN_CATALOGUE
Evolution,evolution,evolution:SalonPriveBlackjackG,Salon Prive Blackjack G,NOT_IN_CATALOGUE
Evolution,evolution,evolution:SalonPriveBlackjackH,Salon Prive Blackjack H,NOT_IN_CATALOGUE
Evolution,evolution,evolution:SalonPriveBlackjackI,Salon Prive Blackjack I,NOT_IN_CATALOGUE
Evolution,evolution,evolution:SalonPriveBlackjackJ,Salon Prive Blackjack J,NOT_IN_CATALOGUE
Evolution,evolution,evolution:SalonPriveBlackjackK,Salon Prive Blackjack K,NOT_IN_CATALOGUE
Evolution,evolution,evolution:SalonPriveBlackjackL,Salon Prive Blackjack L,NOT_IN_CATALOGUE
Evolution,evolution,evolution:SalonPriveBlackjackM,Salon Prive Blackjack M,NOT_IN_CATALOGUE
Evolution,evolution,evolution:SalonPriveBlackjackN,Salon Prive Blackjack N,NOT_IN_CATALOGUE
Evolution,evolution,evolution:SalonPriveBlackjackO,Salon Prive Blackjack O,NOT_IN_CATALOGUE
Evolution,evolution,evolution:salon_prive,Salon Prive Lobby,NOT_IN_CATALOGUE
Evolution,evolution,evolution:salon_private_roulette_one,Salon Prive Roulette,NOT_IN_CATALOGUE
Evolution,evolution,evolution:SortenabetRoletaImersivaVIP,Sortenabet Roleta Imersiva VIP,NOT_IN_CATALOGUE
Evolution,evolution,evolution:speed_auto_roulette,Speed Auto Roulette,OTHER_PROVIDER
Evolution,evolution,evolution:speed_baccarat_1,Speed Baccarat 1,READY
Evolution,evolution,evolution:speed_baccarat_2,Speed Baccarat 2,READY
Evolution,evolution,evolution:speed_baccarat_3,Speed Baccarat 3,OTHER_PROVIDER
Evolution,evolution,evolution:speed_baccarata,Speed Baccarat A,NOT_IN_CATALOGUE
Evolution,evolution,evolution:speed_baccaratb,Speed Baccarat B,NOT_IN_CATALOGUE
Evolution,evolution,evolution:speed_baccaratc,Speed Baccarat C,NOT_IN_CATALOGUE
Evolution,evolution,evolution:speed_baccaratd,Speed Baccarat D,NOT_IN_CATALOGUE
Evolution,evolution,evolution:speed_baccarate,Speed Baccarat E,READY
Evolution,evolution,evolution:speed_baccaratf,Speed Baccarat F,NOT_IN_CATALOGUE
Evolution,evolution,evolution:speed_baccaratg,Speed Baccarat G,NOT_IN_CATALOGUE
Evolution,evolution,evolution:speed_baccarath,Speed Baccarat H,NOT_IN_CATALOGUE
Evolution,evolution,evolution:speed_baccarati,Speed Baccarat I,READY
Evolution,evolution,evolution:speed_baccaratj,Speed Baccarat J,READY
Evolution,evolution,evolution:speed_baccaratl,Speed Baccarat L,NOT_IN_CATALOGUE
Evolution,evolution,evolution:speed_baccaratn,Speed Baccarat N,NOT_IN_CATALOGUE
Evolution,evolution,evolution:speed_baccaratq,Speed Baccarat Q,NOT_IN_CATALOGUE
Evolution,evolution,evolution:speed_baccaratr,Speed Baccarat R,NOT_IN_CATALOGUE
Evolution,evolution,evolution:speed_baccarats,Speed Baccarat S,NOT_IN_CATALOGUE
Evolution,evolution,evolution:speed_baccaratt,Speed Baccarat T,NOT_IN_CATALOGUE
Evolution,evolution,evolution:speed_baccaratw,Speed Baccarat W,NOT_IN_CATALOGUE
Evolution,evolution,evolution:speed_baccaratx,Speed Baccarat X,NOT_IN_CATALOGUE
Evolution,evolution,evolution:speed_baccarat_z,Speed Baccarat Z,NOT_IN_CATALOGUE
Evolution,evolution,evolution:SpeedBlackjackVarna,Speed Blackjack Varna,NOT_IN_CATALOGUE
Evolution,evolution,evolution:speed_roulette,Speed Roulette,READY
Evolution,evolution,evolution:SpeedSuperSicBo,Speed Super Sic Bo,NOT_IN_CATALOGUE
Evolution,evolution,evolution:speed_blackjack_a,Speed VIP Blackjack A,NOT_IN_CATALOGUE
Evolution,evolution,evolution:speed_blackjack_b,Speed VIP Blackjack B,NOT_IN_CATALOGUE
Evolution,evolution,evolution:speed_blackjack_c,Speed VIP Blackjack C,NOT_IN_CATALOGUE
Evolution,evolution,evolution:speed_blackjack_d,Speed VIP Blackjack D,NOT_IN_CATALOGUE
Evolution,evolution,evolution:speed_blackjack_e,Speed VIP Blackjack E,NOT_IN_CATALOGUE
Evolution,evolution,evolution:speed_blackjack_f,Speed VIP Blackjack F,NOT_IN_CATALOGUE
Evolution,evolution,evolution:speed_blackjack_g,Speed VIP Blackjack G,NOT_IN_CATALOGUE
Evolution,evolution,evolution:speed_blackjack_h,Speed VIP Blackjack H,NOT_IN_CATALOGUE
Evolution,evolution,evolution:speed_blackjack_i,Speed VIP Blackjack I,NOT_IN_CATALOGUE
Evolution,evolution,evolution:speed_blackjack_j,Speed VIP Blackjack J,NOT_IN_CATALOGUE
Evolution,evolution,evolution:speed_blackjack_k,Speed VIP Blackjack K,NOT_IN_CATALOGUE
Evolution,evolution,evolution:speed_blackjack_l,Speed VIP Blackjack L,NOT_IN_CATALOGUE
Evolution,evolution,evolution:speed_blackjack_m,Speed VIP Blackjack M,NOT_IN_CATALOGUE
Evolution,evolution,evolution:SpeedVIPBlackjackN,Speed VIP Blackjack N,NOT_IN_CATALOGUE
Evolution,evolution,evolution:SpeedVIPBlackjackO,Speed VIP Blackjack O,NOT_IN_CATALOGUE
Evolution,evolution,evolution:SpeedVIPBlackjackP,Speed VIP Blackjack P,NOT_IN_CATALOGUE
Evolution,evolution,evolution:SpeedVIPBlackjackQ,Speed VIP Blackjack Q,NOT_IN_CATALOGUE
Evolution,evolution,evolution:SpeedVIPBlackjackR,Speed VIP Blackjack R,NOT_IN_CATALOGUE
Evolution,evolution,evolution:SpeedVIPBlackjackS,Speed VIP Blackjack S,NOT_IN_CATALOGUE
Evolution,evolution,evolution:SpeedVIPBlackjackW,Speed VIP Blackjack W,NOT_IN_CATALOGUE
Evolution,evolution,evolution:SpeedVIPBlackjackX,Speed VIP Blackjack X,NOT_IN_CATALOGUE
Evolution,evolution,evolution:SpeedVIPBlackjackY,Speed VIP Blackjack Y,NOT_IN_CATALOGUE
Evolution,evolution,evolution:SpeedVIPBlackjack3,Speed VIP Blackjack Z,NOT_IN_CATALOGUE
Evolution,evolution,evolution:baccarat_squeeze,Squeeze Baccarat,NOT_IN_CATALOGUE
Evolution,evolution,evolution:StockMarket,Stock Market,READY
Evolution,evolution,evolution:SuomalainenBlackjack1,Suomalainen Blackjack 1,NOT_IN_CATALOGUE
Evolution,evolution,evolution:suomalainen_roulette,Suomalainen Ruletti,NOT_IN_CATALOGUE
Evolution,evolution,evolution:SuperAndarBahar,Super Andar Bahar,READY
Evolution,evolution,evolution:SuperColorGame,Super Color Game,READY
Evolution,evolution,evolution:super_sicbo,Super Sic Bo,READY
Evolution,evolution,evolution:SuperSpeedBaccarat,Super Speed Baccarat,NOT_IN_CATALOGUE
Evolution,evolution,evolution:SuperSpeedBaccaratA,Super Speed Baccarat A,NOT_IN_CATALOGUE
Evolution,evolution,evolution:SuperSpeedDragonTiger,Super Speed Dragon Tiger,READY
Evolution,evolution,evolution:svensk_roulette,Svensk Roulette,NOT_IN_CATALOGUE
Evolution,evolution,evolution:TeenPatti,Teen Patti,READY
Evolution,evolution,evolution:texas_holdem_bonus,Texas Hold'em Bonus Poker,READY
Evolution,evolution,evolution:ThaiSpeedBaccaratA,Thai Speed Baccarat A,READY
Evolution,evolution,evolution:ThaiSpeedBaccaratB,Thai Speed Baccarat B,READY
Evolution,evolution,evolution:ThaiSpeedBaccaratC,Thai Speed Baccarat C,READY
Evolution,evolution,evolution:three_card_poker,Three Card Poker,READY
Evolution,evolution,evolution:top_games,Top Games,NOT_IN_CATALOGUE
Evolution,evolution,evolution:triple_card,Triple Card Poker,NOT_IN_CATALOGUE
Evolution,evolution,evolution:TurkceCrazyTime,Turkce Crazy Time,NOT_IN_CATALOGUE
Evolution,evolution,evolution:TurkceFutbolStudyosu,Turkce Futbol Studyosu,NOT_IN_CATALOGUE
Evolution,evolution,evolution:turkce_roulette,Turkce Rulet,NOT_IN_CATALOGUE
Evolution,evolution,evolution:TurkceXXXtremeLightningRoulette,Turkce XXXtreme Lightning Roulette,NOT_IN_CATALOGUE
Evolution,evolution,evolution:TurkishLightningRoulette,Turkish Lightning Roulette,NOT_IN_CATALOGUE
Evolution,evolution,evolution:UkrainianFreeBetBlackjack,Ukrainian Free Bet Blackjack,NOT_IN_CATALOGUE
Evolution,evolution,evolution:ultimate_holdem,Ultimate Texas Hold'em,READY
Evolution,evolution,evolution:VeneziaRoulette,Venezia Roulette,NOT_IN_CATALOGUE
Evolution,evolution,evolution:VentunoBetStacker1,Ventuno Bet Stacker 1,NOT_IN_CATALOGUE
Evolution,evolution,evolution:VentunoBetStacker2,Ventuno Bet Stacker 2,NOT_IN_CATALOGUE
Evolution,evolution,evolution:Ventuno,Ventuno Capri,NOT_IN_CATALOGUE
Evolution,evolution,evolution:VentunoXTra,Ventuno Positano,NOT_IN_CATALOGUE
Evolution,evolution,evolution:VIPAlways6Blackjack1,VIP Always 6 Blackjack 1,NOT_IN_CATALOGUE
Evolution,evolution,evolution:VIPAlways6Blackjack2,VIP Always 6 Blackjack 2,NOT_IN_CATALOGUE
Evolution,evolution,evolution:VIPAlways6Blackjack3,VIP Always 6 Blackjack 3,NOT_IN_CATALOGUE
Evolution,evolution,evolution:BetStackerBlackjack1,VIP Bet Stacker Blackjack 1,NOT_IN_CATALOGUE
Evolution,evolution,evolution:BetStackerBlackjack2,VIP Bet Stacker Blackjack 2,NOT_IN_CATALOGUE
Evolution,evolution,evolution:BetStackerBlackjack3,VIP Bet Stacker Blackjack 3,NOT_IN_CATALOGUE
Evolution,evolution,evolution:BetStackerBlackjack4,VIP Bet Stacker Blackjack 4,NOT_IN_CATALOGUE
Evolution,evolution,evolution:VIPBetStackerBlackjack5,VIP Bet Stacker Blackjack 5,NOT_IN_CATALOGUE
Evolution,evolution,evolution:VIPBetStackerBlackjack6,VIP Bet Stacker Blackjack 6,NOT_IN_CATALOGUE
Evolution,evolution,evolution:VIPBetStackerBlackjack7,VIP Bet Stacker Blackjack 7,NOT_IN_CATALOGUE
Evolution,evolution,evolution:VIPBetStackerBlackjack8,VIP Bet Stacker Blackjack 8,NOT_IN_CATALOGUE
Evolution,evolution,evolution:VIPBetStackerBlackjack9,VIP Bet Stacker Blackjack 9,NOT_IN_CATALOGUE
Evolution,evolution,evolution:VIPBetStackerBlackjack10,VIP Bet Stacker Blackjack 10,NOT_IN_CATALOGUE
Evolution,evolution,evolution:VIPBlackjackemPortugues5,VIP Blackjack em Portugues 5,NOT_IN_CATALOGUE
Evolution,evolution,evolution:VIPBlackjackenEspanol7,VIP Blackjack en Espanol 1,NOT_IN_CATALOGUE
Evolution,evolution,evolution:VIPBlackjackenEspanol2,VIP Blackjack en Espanol 2,NOT_IN_CATALOGUE
Evolution,evolution,evolution:VIPBlackjackenEspanol3,VIP Blackjack en Espanol 3,NOT_IN_CATALOGUE
Evolution,evolution,evolution:VIPBlackjackenEspanol4,VIP Blackjack en Espanol 4,NOT_IN_CATALOGUE
Evolution,evolution,evolution:VIPBlackjackenEspanol5,VIP Blackjack en Espanol 5,NOT_IN_CATALOGUE
Evolution,evolution,evolution:VIPBlackjackenEspanol6,VIP Blackjack en Espanol 6,NOT_IN_CATALOGUE
Evolution,evolution,evolution:VIPBlackjackenEspanol07,VIP Blackjack en Espanol 7,NOT_IN_CATALOGUE
Evolution,evolution,evolution:VIPBlackjackenEspanol8,VIP Blackjack en Espanol 8,NOT_IN_CATALOGUE
Evolution,evolution,evolution:VIPBlackjackenEspanol9,VIP Blackjack en Espanol 9,NOT_IN_CATALOGUE
Evolution,evolution,evolution:VIPDiamond,VIP Diamond,NOT_IN_CATALOGUE
Evolution,evolution,evolution:vip_lounge,VIP Lobby,NOT_IN_CATALOGUE
Evolution,evolution,evolution:VIPPlatinum,VIP Platinum,NOT_IN_CATALOGUE
Evolution,evolution,evolution:vip_roulette,VIP Roulette,OTHER_PROVIDER
Evolution,evolution,evolution:War,War,READY
Evolution,evolution,evolution:XXXtremeLightningBaccarat,XXXtreme Lightning Baccarat,NOT_IN_CATALOGUE
Evolution,evolution,evolution:XXXTremeLightningRoulette,XXXTreme Lightning Roulette,READY
Ezugi,ezugi,ezugi:AmericanFootballAutoRoulette,American Football Auto Roulette,NOT_IN_CATALOGUE
Ezugi,ezugi,ezugi:AndarBahar,Andar Bahar,READY
Ezugi,ezugi,ezugi:AndarBaharLobby,Andar Bahar Lobby,NOT_IN_CATALOGUE
Ezugi,ezugi,ezugi:ArcadeRoulette,Arcade Roulette,NOT_IN_CATALOGUE
Ezugi,ezugi,ezugi:AutomaticRoulette,Auto Roulette,OTHER_PROVIDER
Ezugi,ezugi,ezugi:GoldenBaccarat,Baccarat A,READY
Ezugi,ezugi,ezugi:FortuneBaccarat,Baccarat B,READY
Ezugi,ezugi,ezugi:VIPFortuneBaccarat,Baccarat C,NOT_IN_CATALOGUE
Ezugi,ezugi,ezugi:SpeedFortuneBaccarat,Baccarat D,READY
Ezugi,ezugi,ezugi:BaccaratE,Baccarat E,READY
Ezugi,ezugi,ezugi:BaccaratLobby,Baccarat Lobby,OTHER_PROVIDER
Ezugi,ezugi,ezugi:BetonTeenPatti,Bet on Teen Patti,READY
Ezugi,ezugi,ezugi:BigCockKnockout,Big Cock Knockout,NOT_IN_CATALOGUE
Ezugi,ezugi,ezugi:BlackjackDaSorte,Blackjack Da Sorte,NOT_IN_CATALOGUE
Ezugi,ezugi,ezugi:BlackjackGold1,Blackjack Gold 1,NOT_IN_CATALOGUE
Ezugi,ezugi,ezugi:BlackjackLobby,Blackjack Lobby,OTHER_PROVIDER
Ezugi,ezugi,ezugi:BlackjackSalonPrive,Blackjack Salon Prive,NOT_IN_CATALOGUE
Ezugi,ezugi,ezugi:CasinoHold,Casino Hold'em,READY
Ezugi,ezugi,ezugi:OTTAndarBahar,Casino Marina Andar Bahar,NOT_IN_CATALOGUE
Ezugi,ezugi,ezugi:CasinoMarinaBaccarat1,Casino Marina Baccarat A,READY
Ezugi,ezugi,ezugi:CasinoMarinaBaccarat2,Casino Marina Baccarat B,READY
Ezugi,ezugi,ezugi:CasinoMarinaBaccarat3,Casino Marina Baccarat C,READY
Ezugi,ezugi,ezugi:CasinoMarinaBaccarat4,Casino Marina Baccarat D,READY
Ezugi,ezugi,ezugi:CasinoMarinaRoulette1,Casino Marina Roulette 1,READY
Ezugi,ezugi,ezugi:ChineseNewYearAutoRoulette,Chinese New Year Auto Roulette,NOT_IN_CATALOGUE
Ezugi,ezugi,ezugi:ChristmasAutoRoulette,Christmas Auto Roulette,NOT_IN_CATALOGUE
Ezugi,ezugi,ezugi:ClawRoulette,Claw Roulette,NOT_IN_CATALOGUE
Ezugi,ezugi,ezugi:CricketAutoRoulette,Cricket Auto Roulette,NOT_IN_CATALOGUE
Ezugi,ezugi,ezugi:CricketBallRoulette,Cricket Ball Roulette,NOT_IN_CATALOGUE
Ezugi,ezugi,ezugi:CricketWar,Cricket War,READY
Ezugi,ezugi,ezugi:DiamondRoulette,Diamond Roulette,READY
Ezugi,ezugi,ezugi:DiwaliAutoRoulette,Diwali Auto Roulette,NOT_IN_CATALOGUE
Ezugi,ezugi,ezugi:DragonTiger,Dragon Tiger,READY
Ezugi,ezugi,ezugi:DragonTigerDaSorte,Dragon Tiger Da Sorte,NOT_IN_CATALOGUE
Ezugi,ezugi,ezugi:EZBaccarat,EZ Baccarat,NOT_IN_CATALOGUE
Ezugi,ezugi,ezugi:EZDealerRoletaBrazileira,EZ Dealer Roleta Brasileira,NOT_IN_CATALOGUE
Ezugi,ezugi,ezugi:EZDealerRouletteBengali,EZ Dealer Roulette Bengali,MATCHED_NO_ARTWORK
Ezugi,ezugi,ezugi:EZDealerRouletteDiwali,EZ Dealer Roulette Diwali,NOT_IN_CATALOGUE
Ezugi,ezugi,ezugi:EZDealerRouletteEnglish,EZ Dealer Roulette English,MATCHED_NO_ARTWORK
Ezugi,ezugi,ezugi:EZDealerRouletteFootball,EZ Dealer Roulette Football,NOT_IN_CATALOGUE
Ezugi,ezugi,ezugi:EZDealerRouletteFrench,EZ Dealer Roulette French,READY
Ezugi,ezugi,ezugi:EZDealerRouletteHindi,EZ Dealer Roulette Hindi,NOT_IN_CATALOGUE
Ezugi,ezugi,ezugi:EZDealerRouletteJapanese,EZ Dealer Roulette Japanese,MATCHED_NO_ARTWORK
Ezugi,ezugi,ezugi:EZDealerRouletteLatina,EZ Dealer Roulette Latina,NOT_IN_CATALOGUE
Ezugi,ezugi,ezugi:EZDealerRouletteMandarin,EZ Dealer Roulette Mandarin,MATCHED_NO_ARTWORK
Ezugi,ezugi,ezugi:EZDealerRouletteNederlands,EZ Dealer Roulette Nederlands,NOT_IN_CATALOGUE
Ezugi,ezugi,ezugi:EZDealerRouletteRussian,EZ Dealer Roulette Russian,NOT_IN_CATALOGUE
Ezugi,ezugi,ezugi:EZDealerRouletteSavanna,EZ Dealer Roulette Savanna,NOT_IN_CATALOGUE
Ezugi,ezugi,ezugi:EZDealerRoulette,EZ Dealer Roulette Thai,NOT_IN_CATALOGUE
Ezugi,ezugi,ezugi:EZDealerTurkishRoulette,EZ Dealer Turkish Roulette,NOT_IN_CATALOGUE
Ezugi,ezugi,ezugi:EZMarbleRaceBollywood,EZ Marble Race Bollywood,NOT_IN_CATALOGUE
Ezugi,ezugi,ezugi:EZMarbleRaceLasVegas,EZ Marble Race Las Vegas,NOT_IN_CATALOGUE
Ezugi,ezugi,ezugi:EZMarbleRaceMonaco,EZ Marble Race Monaco,NOT_IN_CATALOGUE
Ezugi,ezugi,ezugi:FootballAutoRoulette,Football Auto Roulette,NOT_IN_CATALOGUE
Ezugi,ezugi,ezugi:CanadaBlackjack,Gold Blackjack 2,NOT_IN_CATALOGUE
Ezugi,ezugi,ezugi:Blackjack3,Gold Blackjack 3,READY
Ezugi,ezugi,ezugi:BlackjackGold5,Gold Blackjack 5,READY
Ezugi,ezugi,ezugi:GoldenGoalRoulette,Golden Goal Roulette,NOT_IN_CATALOGUE
Ezugi,ezugi,ezugi:HalloweenAutoRoulette,Halloween Auto Roulette,NOT_IN_CATALOGUE
Ezugi,ezugi,ezugi:HorseRacingAutoRoulette,Horse Racing Auto Roulette,NOT_IN_CATALOGUE
Ezugi,ezugi,ezugi:RouletteGold2,Italian Roulette,NOT_IN_CATALOGUE
Ezugi,ezugi,ezugi:GoldenBaccaratKnockOut,Knockout Baccarat,NOT_IN_CATALOGUE
Ezugi,ezugi,ezugi:LondonLiveRoulette,London Live Roulette,NOT_IN_CATALOGUE
Ezugi,ezugi,ezugi:Lucky7,Lucky 7,NOT_IN_CATALOGUE
Ezugi,ezugi,ezugi:NamasteRoulette,Namaste Roulette,READY
Ezugi,ezugi,ezugi:NoCommissionBaccaratA,No Commission Baccarat A,NOT_IN_CATALOGUE
Ezugi,ezugi,ezugi:NoCommissionBaccaratB,No Commission Baccarat B,NOT_IN_CATALOGUE
Ezugi,ezugi,ezugi:NoCommissionOverUnderBaccarat,No Commission Over Under Baccarat,NOT_IN_CATALOGUE
Ezugi,ezugi,ezugi:OneDayTeenPattiClassic,One Day Teen Patti Classic,NOT_IN_CATALOGUE
Ezugi,ezugi,ezugi:OracleCasinoRoulette360,Oracle 360 Roulette,READY
Ezugi,ezugi,ezugi:OracleCasinoRoulette,Oracle Real Roulette,NOT_IN_CATALOGUE
Ezugi,ezugi,ezugi:OverUnderBaccarat,Over Under Baccarat,NOT_IN_CATALOGUE
Ezugi,ezugi,ezugi:PokerLobby,Poker Lobby,NOT_IN_CATALOGUE
Ezugi,ezugi,ezugi:PortomasoCasinoRoulette,Portomaso Roulette 2,NOT_IN_CATALOGUE
Ezugi,ezugi,ezugi:PowerPlayRoulette,Power Play Roulette,NOT_IN_CATALOGUE
Ezugi,ezugi,ezugi:AutomaticRoulette1,Prestige Auto Roulette,READY
Ezugi,ezugi,ezugi:RevolutionRoulette,Revolution Roulette,NOT_IN_CATALOGUE
Ezugi,ezugi,ezugi:RideFreeBlackjack,Ride Free Blackjack,NOT_IN_CATALOGUE
Ezugi,ezugi,ezugi:RoletaDaSorte,Roleta Da Sorte,NOT_IN_CATALOGUE
Ezugi,ezugi,ezugi:RouletteLobby,Roulette Lobby,OTHER_PROVIDER
Ezugi,ezugi,ezugi:RuletadelSol,Ruleta del Sol,READY
Ezugi,ezugi,ezugi:RouletteGold3,Russian Roulette,NOT_IN_CATALOGUE
Ezugi,ezugi,ezugi:Sicbo,Sic Bo,READY
Ezugi,ezugi,ezugi:SkylineRoulette,Skyline Roulette,NOT_IN_CATALOGUE
Ezugi,ezugi,ezugi:CumbiaRuleta1,Spanish Roulette,NOT_IN_CATALOGUE
Ezugi,ezugi,ezugi:SpanishUnlimitedBlackjack,Spanish Unlimited Blackjack,NOT_IN_CATALOGUE
Ezugi,ezugi,ezugi:SpeedAutoRoulette,Speed Auto Roulette,READY
Ezugi,ezugi,ezugi:SpeedRoulette,Speed Roulette,READY
Ezugi,ezugi,ezugi:GoldenBaccaratSuperSix,Super 6 Baccarat,NOT_IN_CATALOGUE
Ezugi,ezugi,ezugi:TeenPati,Teen Patti,OTHER_PROVIDER
Ezugi,ezugi,ezugi:TurkishLiveRoulette,Turkish Live Roulette,NOT_IN_CATALOGUE
Ezugi,ezugi,ezugi:TurkishRoulette,Turkish Roulette,READY
Ezugi,ezugi,ezugi:UltimateAndarBahar,Ultimate Andar Bahar,NOT_IN_CATALOGUE
Ezugi,ezugi,ezugi:UltimateAutoRoulette,Ultimate Auto Roulette,NOT_IN_CATALOGUE
Ezugi,ezugi,ezugi:UltimateFlip,Ultimate Flip,NOT_IN_CATALOGUE
Ezugi,ezugi,ezugi:UltimateRoulette,Ultimate Roulette,NOT_IN_CATALOGUE
Ezugi,ezugi,ezugi:UltimateSicBo,Ultimate Sic Bo,READY
Ezugi,ezugi,ezugi:UnlimitedBlackjack,Unlimited Blackjack,NOT_IN_CATALOGUE
Ezugi,ezugi,ezugi:UnlimitedBlackjackAG,Unlimited Blackjack AG,NOT_IN_CATALOGUE
Ezugi,ezugi,ezugi:VIPBlackjack,VIP Diamond Blackjack,NOT_IN_CATALOGUE
Ezugi,ezugi,ezugi:VIPRoulette,VIP Roulette,OTHER_PROVIDER
Ezugi,ezugi,ezugi:VIPBlackjackwithSurrender,VIP Surrender Blackjack,NOT_IN_CATALOGUE
Ezugi,ezugi,ezugi:XocDia,Xoc Dia,NOT_IN_CATALOGUE
Hacksaw Gaming,hacksaw,hacksaw:2Wild2Die,2 Wild 2 Die,READY
Hacksaw Gaming,hacksaw,hacksaw:2Wild2Die88,2 Wild 2 Die,READY
Hacksaw Gaming,hacksaw,hacksaw:2Wild2Die92,2 Wild 2 Die,READY
Hacksaw Gaming,hacksaw,hacksaw:2Wild2Die94,2 Wild 2 Die,READY
Hacksaw Gaming,hacksaw,hacksaw:3CursedChestsHoldAndWin,3 Cursed Chests: Hold & Win,READY
Hacksaw Gaming,hacksaw,hacksaw:3CursedChestsHoldAndWin92,3 Cursed Chests: Hold & Win,READY
Hacksaw Gaming,hacksaw,hacksaw:3CursedChestsHoldAndWin94,3 Cursed Chests: Hold & Win,READY
Hacksaw Gaming,hacksaw,hacksaw:3MagicPiggyBanksHoldAndWin,3 Magic Piggy Banks Hold & Win,NOT_IN_CATALOGUE
Hacksaw Gaming,hacksaw,hacksaw:3MagicPiggyBanksHoldAndWin92,3 Magic Piggy Banks Hold & Win,NOT_IN_CATALOGUE
Hacksaw Gaming,hacksaw,hacksaw:3MagicPiggyBanksHoldAndWin94,3 Magic Piggy Banks Hold & Win,NOT_IN_CATALOGUE
Hacksaw Gaming,hacksaw,hacksaw:AikoandtheWindSpirit,Aiko and the Wind Spirit,READY
Hacksaw Gaming,hacksaw,hacksaw:AikoandtheWindSpirit92,Aiko and the Wind Spirit,READY
Hacksaw Gaming,hacksaw,hacksaw:AikoandtheWindSpirit94,Aiko and the Wind Spirit,READY
Hacksaw Gaming,hacksaw,hacksaw:AliensAmongUs,Aliens Among Us,READY
Hacksaw Gaming,hacksaw,hacksaw:AliensAmongUs92,Aliens Among Us,READY
Hacksaw Gaming,hacksaw,hacksaw:AliensAmongUs94,Aliens Among Us,READY
Hacksaw Gaming,hacksaw,hacksaw:AlphaEagle,Alpha Eagle,READY
Hacksaw Gaming,hacksaw,hacksaw:AlphaEagle88,Alpha Eagle,READY
Hacksaw Gaming,hacksaw,hacksaw:AlphaEagle92,Alpha Eagle,READY
Hacksaw Gaming,hacksaw,hacksaw:AlphaEagle94,Alpha Eagle,READY
Hacksaw Gaming,hacksaw,hacksaw:ArizonaJamesandtheLostRelics,Arizona James and the Lost Relics,NOT_IN_CATALOGUE
Hacksaw Gaming,hacksaw,hacksaw:ArizonaJamesandtheLostRelics92,Arizona James and the Lost Relics,NOT_IN_CATALOGUE
Hacksaw Gaming,hacksaw,hacksaw:ArizonaJamesandtheLostRelics94,Arizona James and the Lost Relics,NOT_IN_CATALOGUE
Hacksaw Gaming,hacksaw,hacksaw:ArmyofAres,Army of Ares,READY
Hacksaw Gaming,hacksaw,hacksaw:ArmyofAres92,Army of Ares,READY
Hacksaw Gaming,hacksaw,hacksaw:ArmyofAres94,Army of Ares,READY
Hacksaw Gaming,hacksaw,hacksaw:AztecTwist,Aztec Twist,READY
Hacksaw Gaming,hacksaw,hacksaw:Baccarat,Baccarat,READY
Hacksaw Gaming,hacksaw,hacksaw:Balloons,Balloons,READY
Hacksaw Gaming,hacksaw,hacksaw:BashBros,Bash Bros,READY
Hacksaw Gaming,hacksaw,hacksaw:BashBros92,Bash Bros,READY
Hacksaw Gaming,hacksaw,hacksaw:BashBros94,Bash Bros,READY
Hacksaw Gaming,hacksaw,hacksaw:BeamBoys,Beam Boys,READY
Hacksaw Gaming,hacksaw,hacksaw:BeamBoys88,Beam Boys,READY
Hacksaw Gaming,hacksaw,hacksaw:BeamBoys92,Beam Boys,READY
Hacksaw Gaming,hacksaw,hacksaw:BeamBoys94,Beam Boys,READY
Hacksaw Gaming,hacksaw,hacksaw:BeastBelow,Beast Below,READY
Hacksaw Gaming,hacksaw,hacksaw:BeastBelow88,Beast Below,READY
Hacksaw Gaming,hacksaw,hacksaw:BeastBelow92,Beast Below,READY
Hacksaw Gaming,hacksaw,hacksaw:BeastBelow94,Beast Below,READY
Hacksaw Gaming,hacksaw,hacksaw:BennytheBeer,Benny the Beer,READY
Hacksaw Gaming,hacksaw,hacksaw:BennytheBeer88,Benny the Beer,READY
Hacksaw Gaming,hacksaw,hacksaw:BennytheBeer92,Benny the Beer,READY
Hacksaw Gaming,hacksaw,hacksaw:BennytheBeer94,Benny the Beer,READY
Hacksaw Gaming,hacksaw,hacksaw:Blocks,Blocks,READY
Hacksaw Gaming,hacksaw,hacksaw:Blocks88,Blocks,READY
Hacksaw Gaming,hacksaw,hacksaw:Blocks92,Blocks,READY
Hacksaw Gaming,hacksaw,hacksaw:Blocks94,Blocks,READY
Hacksaw Gaming,hacksaw,hacksaw:Blocks97,Blocks,READY
Hacksaw Gaming,hacksaw,hacksaw:Blocks98,Blocks,READY
Hacksaw Gaming,hacksaw,hacksaw:Blonko,Blonko,READY
Hacksaw Gaming,hacksaw,hacksaw:Blonko94,Blonko,READY
Hacksaw Gaming,hacksaw,hacksaw:Bloodthirst,Bloodthirst,READY
Hacksaw Gaming,hacksaw,hacksaw:Bloodthirst88,Bloodthirst,READY
Hacksaw Gaming,hacksaw,hacksaw:Bloodthirst92,Bloodthirst,READY
Hacksaw Gaming,hacksaw,hacksaw:Bloodthirst94,Bloodthirst,READY
Hacksaw Gaming,hacksaw,hacksaw:BookofTime,Book of Time,READY
Hacksaw Gaming,hacksaw,hacksaw:BookofTime88,Book of Time,READY
Hacksaw Gaming,hacksaw,hacksaw:BookofTime92,Book of Time,READY
Hacksaw Gaming,hacksaw,hacksaw:BookofTime94,Book of Time,READY
Hacksaw Gaming,hacksaw,hacksaw:BoozeBash88,Booze Bash,READY
Hacksaw Gaming,hacksaw,hacksaw:BoozeBash92,Booze Bash,READY
Hacksaw Gaming,hacksaw,hacksaw:BoozeBash94,Booze Bash,READY
Hacksaw Gaming,hacksaw,hacksaw:BoozeBash96,Booze Bash,READY
Hacksaw Gaming,hacksaw,hacksaw:BornWild,Born Wild,READY
Hacksaw Gaming,hacksaw,hacksaw:BornWild88,Born Wild,READY
Hacksaw Gaming,hacksaw,hacksaw:BornWild92,Born Wild,READY
Hacksaw Gaming,hacksaw,hacksaw:BornWild94,Born Wild,READY
Hacksaw Gaming,hacksaw,hacksaw:BouncyBombs88,Bouncy Bombs,READY
Hacksaw Gaming,hacksaw,hacksaw:BouncyBombs92,Bouncy Bombs,READY
Hacksaw Gaming,hacksaw,hacksaw:BouncyBombs94,Bouncy Bombs,READY
Hacksaw Gaming,hacksaw,hacksaw:BouncyBombs96,Bouncy Bombs,READY
Hacksaw Gaming,hacksaw,hacksaw:Boxes,Boxes,READY
Hacksaw Gaming,hacksaw,hacksaw:Boxes88,Boxes,READY
Hacksaw Gaming,hacksaw,hacksaw:Boxes92,Boxes,READY
Hacksaw Gaming,hacksaw,hacksaw:Boxes94,Boxes,READY
Hacksaw Gaming,hacksaw,hacksaw:Boxes97,Boxes,READY
Hacksaw Gaming,hacksaw,hacksaw:Boxes98,Boxes,READY
Hacksaw Gaming,hacksaw,hacksaw:BreakBones,Break Bones,READY
Hacksaw Gaming,hacksaw,hacksaw:BreakBones88,Break Bones,READY
Hacksaw Gaming,hacksaw,hacksaw:BreakBones92,Break Bones,READY
Hacksaw Gaming,hacksaw,hacksaw:BreakBones94,Break Bones,READY
Hacksaw Gaming,hacksaw,hacksaw:BreaktheIce,Break the Ice,READY
Hacksaw Gaming,hacksaw,hacksaw:BuffaloStacknSync,Buffalo Stack'n'Sync,READY
Hacksaw Gaming,hacksaw,hacksaw:BuffaloStacknSync88,Buffalo Stack'n'Sync,READY
Hacksaw Gaming,hacksaw,hacksaw:BuffaloStacknSync92,Buffalo Stack'n'Sync,READY
Hacksaw Gaming,hacksaw,hacksaw:BuffaloStacknSync94,Buffalo Stack'n'Sync,READY
Hacksaw Gaming,hacksaw,hacksaw:BulletsandBounty,Bullets and Bounty,READY
Hacksaw Gaming,hacksaw,hacksaw:BulletsandBounty92,Bullets and Bounty,READY
Hacksaw Gaming,hacksaw,hacksaw:BulletsandBounty94,Bullets and Bounty,READY
Hacksaw Gaming,hacksaw,hacksaw:CashCompass,Cash Compass,READY
Hacksaw Gaming,hacksaw,hacksaw:CashCrew88,Cash Crew,READY
Hacksaw Gaming,hacksaw,hacksaw:CashCrew92,Cash Crew,READY
Hacksaw Gaming,hacksaw,hacksaw:CashCrew94,Cash Crew,READY
Hacksaw Gaming,hacksaw,hacksaw:CashCrew96,Cash Crew,READY
Hacksaw Gaming,hacksaw,hacksaw:CashCrooks,Cash Crooks,NOT_IN_CATALOGUE
Hacksaw Gaming,hacksaw,hacksaw:CashCrooks92,Cash Crooks,NOT_IN_CATALOGUE
Hacksaw Gaming,hacksaw,hacksaw:CashCrooks94,Cash Crooks,NOT_IN_CATALOGUE
Hacksaw Gaming,hacksaw,hacksaw:CashPool,Cash Pool,READY
Hacksaw Gaming,hacksaw,hacksaw:CashQuest,Cash Quest,READY
Hacksaw Gaming,hacksaw,hacksaw:CashQuest88,Cash Quest,READY
Hacksaw Gaming,hacksaw,hacksaw:CashQuest92,Cash Quest,READY
Hacksaw Gaming,hacksaw,hacksaw:CashQuest94,Cash Quest,READY
Hacksaw Gaming,hacksaw,hacksaw:CashScratch,Cash Scratch,READY
Hacksaw Gaming,hacksaw,hacksaw:CashVaultI,Cash Vault I,READY
Hacksaw Gaming,hacksaw,hacksaw:CashVaultII,Cash Vault II,READY
Hacksaw Gaming,hacksaw,hacksaw:ChaosCrew,Chaos Crew,READY
Hacksaw Gaming,hacksaw,hacksaw:ChaosCrew2,Chaos Crew 2,READY
Hacksaw Gaming,hacksaw,hacksaw:ChaosCrew288,Chaos Crew 2,READY
Hacksaw Gaming,hacksaw,hacksaw:ChaosCrew292,Chaos Crew 2,READY
Hacksaw Gaming,hacksaw,hacksaw:ChaosCrew294,Chaos Crew 2,READY
Hacksaw Gaming,hacksaw,hacksaw:ChaosCrew3,Chaos Crew 3,READY
Hacksaw Gaming,hacksaw,hacksaw:ChaosCrew392,Chaos Crew 3,READY
Hacksaw Gaming,hacksaw,hacksaw:ChaosCrew394,Chaos Crew 3,READY
Hacksaw Gaming,hacksaw,hacksaw:ChaosCrewScratch,Chaos Crew Scratch,READY
Hacksaw Gaming,hacksaw,hacksaw:CircleofLife,Circle of Life,READY
Hacksaw Gaming,hacksaw,hacksaw:CircleofLife92,Circle of Life,READY
Hacksaw Gaming,hacksaw,hacksaw:CircleofLife94,Circle of Life,READY
Hacksaw Gaming,hacksaw,hacksaw:CloudPrincess88,Cloud Princess,READY
Hacksaw Gaming,hacksaw,hacksaw:CloudPrincess92,Cloud Princess,READY
Hacksaw Gaming,hacksaw,hacksaw:CloudPrincess94,Cloud Princess,READY
Hacksaw Gaming,hacksaw,hacksaw:CloudPrincess96,Cloud Princess,READY
Hacksaw Gaming,hacksaw,hacksaw:CoffeeDealer,Coffee Dealer,NOT_IN_CATALOGUE
Hacksaw Gaming,hacksaw,hacksaw:CoffeeDealer92,Coffee Dealer,NOT_IN_CATALOGUE
Hacksaw Gaming,hacksaw,hacksaw:CoffeeDealer94,Coffee Dealer,NOT_IN_CATALOGUE
Hacksaw Gaming,hacksaw,hacksaw:Coins,Coins,READY
Hacksaw Gaming,hacksaw,hacksaw:Coins88,Coins,READY
Hacksaw Gaming,hacksaw,hacksaw:Coins92,Coins,READY
Hacksaw Gaming,hacksaw,hacksaw:Coins94,Coins,READY
Hacksaw Gaming,hacksaw,hacksaw:Coins97,Coins,READY
Hacksaw Gaming,hacksaw,hacksaw:Coins98,Coins,READY
Hacksaw Gaming,hacksaw,hacksaw:Colors,Colors,READY
Hacksaw Gaming,hacksaw,hacksaw:Colors88,Colors,READY
Hacksaw Gaming,hacksaw,hacksaw:Colors92,Colors,READY
Hacksaw Gaming,hacksaw,hacksaw:Colors94,Colors,READY
Hacksaw Gaming,hacksaw,hacksaw:Colors97,Colors,READY
Hacksaw Gaming,hacksaw,hacksaw:Colors98,Colors,READY
Hacksaw Gaming,hacksaw,hacksaw:CrazyDonuts,Crazy Donuts,READY
Hacksaw Gaming,hacksaw,hacksaw:Cubes,Cubes,READY
Hacksaw Gaming,hacksaw,hacksaw:CubesTwo,Cubes 2,MATCHED_NO_ARTWORK
Hacksaw Gaming,hacksaw,hacksaw:CursedCrypt88,Cursed Crypt,READY
Hacksaw Gaming,hacksaw,hacksaw:CursedCrypt92,Cursed Crypt,READY
Hacksaw Gaming,hacksaw,hacksaw:CursedCrypt94,Cursed Crypt,READY
Hacksaw Gaming,hacksaw,hacksaw:CursedCrypt96,Cursed Crypt,READY
Hacksaw Gaming,hacksaw,hacksaw:CursedSeas,Cursed Seas,READY
Hacksaw Gaming,hacksaw,hacksaw:CursedSeas88,Cursed Seas,READY
Hacksaw Gaming,hacksaw,hacksaw:CursedSeas92,Cursed Seas,READY
Hacksaw Gaming,hacksaw,hacksaw:CursedSeas94,Cursed Seas,READY
Hacksaw Gaming,hacksaw,hacksaw:CuttheGrass,Cut the Grass,READY
Hacksaw Gaming,hacksaw,hacksaw:DandyDiamonds,Dandy Diamonds,READY
Hacksaw Gaming,hacksaw,hacksaw:DandyDiamonds92,Dandy Diamonds,READY
Hacksaw Gaming,hacksaw,hacksaw:DandyDiamonds94,Dandy Diamonds,READY
Hacksaw Gaming,hacksaw,hacksaw:DannyDollar88,Danny Dollar,READY
Hacksaw Gaming,hacksaw,hacksaw:DannyDollar92,Danny Dollar,READY
Hacksaw Gaming,hacksaw,hacksaw:DannyDollar94,Danny Dollar,READY
Hacksaw Gaming,hacksaw,hacksaw:DannyDollar96,Danny Dollar,READY
Hacksaw Gaming,hacksaw,hacksaw:DarkSpiral,Dark Spiral,READY
Hacksaw Gaming,hacksaw,hacksaw:DarkSpiral92,Dark Spiral,READY
Hacksaw Gaming,hacksaw,hacksaw:DarkSpiral94,Dark Spiral,READY
Hacksaw Gaming,hacksaw,hacksaw:DarkSummoning,Dark Summoning,READY
Hacksaw Gaming,hacksaw,hacksaw:DarkSummoning88,Dark Summoning,READY
Hacksaw Gaming,hacksaw,hacksaw:DarkSummoning92,Dark Summoning,READY
Hacksaw Gaming,hacksaw,hacksaw:DarkSummoning94,Dark Summoning,READY
Hacksaw Gaming,hacksaw,hacksaw:DawnofKings88,Dawn of Kings,READY
Hacksaw Gaming,hacksaw,hacksaw:DawnofKings92,Dawn of Kings,READY
Hacksaw Gaming,hacksaw,hacksaw:DawnofKings94,Dawn of Kings,READY
Hacksaw Gaming,hacksaw,hacksaw:DawnofKings96,Dawn of Kings,READY
Hacksaw Gaming,hacksaw,hacksaw:DealWithDeath,Deal With Death,READY
Hacksaw Gaming,hacksaw,hacksaw:DealWithDeath92,Deal With Death,READY
Hacksaw Gaming,hacksaw,hacksaw:DealWithDeath94,Deal With Death,READY
Hacksaw Gaming,hacksaw,hacksaw:DeathBecomesYou,Death Becomes You,READY
Hacksaw Gaming,hacksaw,hacksaw:DeathBecomesYou92,Death Becomes You,READY
Hacksaw Gaming,hacksaw,hacksaw:DeathBecomesYou94,Death Becomes You,READY
Hacksaw Gaming,hacksaw,hacksaw:DemonicDolls,Demonic Dolls,NOT_IN_CATALOGUE
Hacksaw Gaming,hacksaw,hacksaw:DemonicDolls92,Demonic Dolls,NOT_IN_CATALOGUE
Hacksaw Gaming,hacksaw,hacksaw:DemonicDolls94,Demonic Dolls,NOT_IN_CATALOGUE
Hacksaw Gaming,hacksaw,hacksaw:Densho,Densho,READY
Hacksaw Gaming,hacksaw,hacksaw:Densho88,Densho,READY
Hacksaw Gaming,hacksaw,hacksaw:Densho92,Densho,READY
Hacksaw Gaming,hacksaw,hacksaw:Densho94,Densho,READY
Hacksaw Gaming,hacksaw,hacksaw:DiamondRush,Diamond Rush,READY
Hacksaw Gaming,hacksaw,hacksaw:Dice88,Dice,READY
Hacksaw Gaming,hacksaw,hacksaw:Dice92,Dice,READY
Hacksaw Gaming,hacksaw,hacksaw:Dice94,Dice,READY
Hacksaw Gaming,hacksaw,hacksaw:Dice96,Dice,READY
Hacksaw Gaming,hacksaw,hacksaw:Dice97,Dice,READY
Hacksaw Gaming,hacksaw,hacksaw:Dice98,Dice,READY
Hacksaw Gaming,hacksaw,hacksaw:DivineDrop88,Divine Drop,READY
Hacksaw Gaming,hacksaw,hacksaw:DivineDrop92,Divine Drop,READY
Hacksaw Gaming,hacksaw,hacksaw:DivineDrop94,Divine Drop,READY
Hacksaw Gaming,hacksaw,hacksaw:DivineDrop96,Divine Drop,READY
Hacksaw Gaming,hacksaw,hacksaw:DonnyandDanny,Donny and Danny,READY
Hacksaw Gaming,hacksaw,hacksaw:DonnyandDanny92,Donny and Danny,READY
Hacksaw Gaming,hacksaw,hacksaw:DonnyandDanny94,Donny and Danny,READY
Hacksaw Gaming,hacksaw,hacksaw:DonnyDough88,Donny Dough,READY
Hacksaw Gaming,hacksaw,hacksaw:DonnyDough92,Donny Dough,READY
Hacksaw Gaming,hacksaw,hacksaw:DonnyDough94,Donny Dough,READY
Hacksaw Gaming,hacksaw,hacksaw:DonnyDough96,Donny Dough,READY
Hacksaw Gaming,hacksaw,hacksaw:DonutDivision,Donut Division,READY
Hacksaw Gaming,hacksaw,hacksaw:DonutDivision88,Donut Division,READY
Hacksaw Gaming,hacksaw,hacksaw:DonutDivision92,Donut Division,READY
Hacksaw Gaming,hacksaw,hacksaw:DonutDivision94,Donut Division,READY
Hacksaw Gaming,hacksaw,hacksaw:DorkUnit,Dork Unit,READY
Hacksaw Gaming,hacksaw,hacksaw:DorkUnit88,Dork Unit,READY
Hacksaw Gaming,hacksaw,hacksaw:DorkUnit92,Dork Unit,READY
Hacksaw Gaming,hacksaw,hacksaw:DorkUnit94,Dork Unit,READY
Hacksaw Gaming,hacksaw,hacksaw:DorksoftheDeep,Dorks of the Deep,READY
Hacksaw Gaming,hacksaw,hacksaw:DorksoftheDeep88,Dorks of the Deep,READY
Hacksaw Gaming,hacksaw,hacksaw:DorksoftheDeep92,Dorks of the Deep,READY
Hacksaw Gaming,hacksaw,hacksaw:DorksoftheDeep94,Dorks of the Deep,READY
Hacksaw Gaming,hacksaw,hacksaw:DoubleRainbow,Double Rainbow,READY
Hacksaw Gaming,hacksaw,hacksaw:DoubleRainbow88,Double Rainbow,READY
Hacksaw Gaming,hacksaw,hacksaw:DoubleRainbow92,Double Rainbow,READY
Hacksaw Gaming,hacksaw,hacksaw:DoubleRainbow94,Double Rainbow,READY
Hacksaw Gaming,hacksaw,hacksaw:DoubleSalary1Year,Double Salary 1 Year,READY
Hacksaw Gaming,hacksaw,hacksaw:DrZappo,Dr Zappo,NOT_IN_CATALOGUE
Hacksaw Gaming,hacksaw,hacksaw:DrZappo92,Dr Zappo,NOT_IN_CATALOGUE
Hacksaw Gaming,hacksaw,hacksaw:DrZappo94,Dr Zappo,NOT_IN_CATALOGUE
Hacksaw Gaming,hacksaw,hacksaw:DragonsDomain88,Dragon's Domain,READY
Hacksaw Gaming,hacksaw,hacksaw:DragonsDomain92,Dragon's Domain,READY
Hacksaw Gaming,hacksaw,hacksaw:DragonsDomain94,Dragon's Domain,READY
Hacksaw Gaming,hacksaw,hacksaw:DragonsDomain96,Dragon's Domain,READY
Hacksaw Gaming,hacksaw,hacksaw:DreamCarSpeed,Dream Car Speed,READY
Hacksaw Gaming,hacksaw,hacksaw:DreamCarSUV,Dream Car SUV,READY
Hacksaw Gaming,hacksaw,hacksaw:DreamCarUrban,Dream Car Urban,READY
Hacksaw Gaming,hacksaw,hacksaw:Dropem,Drop'em,READY
Hacksaw Gaming,hacksaw,hacksaw:Dropem88,Drop'em,READY
Hacksaw Gaming,hacksaw,hacksaw:Dropem92,Drop'em,READY
Hacksaw Gaming,hacksaw,hacksaw:Dropem94,Drop'em,READY
Hacksaw Gaming,hacksaw,hacksaw:DuelatDawn,Duel at Dawn,READY
Hacksaw Gaming,hacksaw,hacksaw:DuelatDawn88,Duel at Dawn,READY
Hacksaw Gaming,hacksaw,hacksaw:DuelatDawn92,Duel at Dawn,READY
Hacksaw Gaming,hacksaw,hacksaw:DuelatDawn94,Duel at Dawn,READY
Hacksaw Gaming,hacksaw,hacksaw:DuskPrincess,Dusk Princess,READY
Hacksaw Gaming,hacksaw,hacksaw:DuskPrincess92,Dusk Princess,READY
Hacksaw Gaming,hacksaw,hacksaw:DuskPrincess94,Dusk Princess,READY
Hacksaw Gaming,hacksaw,hacksaw:DynastyofDeath,Dynasty of Death,READY
Hacksaw Gaming,hacksaw,hacksaw:DynastyofDeath92,Dynasty of Death,READY
Hacksaw Gaming,hacksaw,hacksaw:DynastyofDeath94,Dynasty of Death,READY
Hacksaw Gaming,hacksaw,hacksaw:EggstraCash,Eggstra Cash,READY
Hacksaw Gaming,hacksaw,hacksaw:EpicBulletsAndBounty,Epic Bullets & Bounty,NOT_IN_CATALOGUE
Hacksaw Gaming,hacksaw,hacksaw:EpicBulletsAndBounty92,Epic Bullets & Bounty,NOT_IN_CATALOGUE
Hacksaw Gaming,hacksaw,hacksaw:EpicBulletsAndBounty94,Epic Bullets & Bounty,NOT_IN_CATALOGUE
Hacksaw Gaming,hacksaw,hacksaw:EpicZeZeus,Epic Ze Zeus,NOT_IN_CATALOGUE
Hacksaw Gaming,hacksaw,hacksaw:EpicZeZeus92,Epic Ze Zeus,NOT_IN_CATALOGUE
Hacksaw Gaming,hacksaw,hacksaw:EpicZeZeus94,Epic Ze Zeus,NOT_IN_CATALOGUE
Hacksaw Gaming,hacksaw,hacksaw:EternalDuel,Eternal Duel,READY
Hacksaw Gaming,hacksaw,hacksaw:EternalDuel92,Eternal Duel,READY
Hacksaw Gaming,hacksaw,hacksaw:EternalDuel94,Eternal Duel,READY
Hacksaw Gaming,hacksaw,hacksaw:EvilEyes88,Evil Eyes,READY
Hacksaw Gaming,hacksaw,hacksaw:EvilEyes92,Evil Eyes,READY
Hacksaw Gaming,hacksaw,hacksaw:EvilEyes94,Evil Eyes,READY
Hacksaw Gaming,hacksaw,hacksaw:EvilEyes96,Evil Eyes,READY
Hacksaw Gaming,hacksaw,hacksaw:Express200Scratch,Express 200 Scratch,READY
Hacksaw Gaming,hacksaw,hacksaw:EyeofMedusa,Eye of Medusa,READY
Hacksaw Gaming,hacksaw,hacksaw:EyeofMedusa92,Eye of Medusa,READY
Hacksaw Gaming,hacksaw,hacksaw:EyeofMedusa94,Eye of Medusa,READY
Hacksaw Gaming,hacksaw,hacksaw:EyeofthePanda,Eye of the Panda,READY
Hacksaw Gaming,hacksaw,hacksaw:EyeofthePanda88,Eye of the Panda,READY
Hacksaw Gaming,hacksaw,hacksaw:EyeofthePanda92,Eye of the Panda,READY
Hacksaw Gaming,hacksaw,hacksaw:EyeofthePanda94,Eye of the Panda,READY
Hacksaw Gaming,hacksaw,hacksaw:FearTheDark,Fear The Dark,READY
Hacksaw Gaming,hacksaw,hacksaw:FearTheDark88,Fear The Dark,READY
Hacksaw Gaming,hacksaw,hacksaw:FearTheDark92,Fear The Dark,READY
Hacksaw Gaming,hacksaw,hacksaw:FearTheDark94,Fear The Dark,READY
Hacksaw Gaming,hacksaw,hacksaw:FeelTheBeat,Feel The Beat,READY
Hacksaw Gaming,hacksaw,hacksaw:FeelTheBeat88,Feel The Beat,READY
Hacksaw Gaming,hacksaw,hacksaw:FeelTheBeat92,Feel The Beat,READY
Hacksaw Gaming,hacksaw,hacksaw:FeelTheBeat94,Feel The Beat,READY
Hacksaw Gaming,hacksaw,hacksaw:FighterPit,Fighter Pit,READY
Hacksaw Gaming,hacksaw,hacksaw:FighterPit88,Fighter Pit,READY
Hacksaw Gaming,hacksaw,hacksaw:FighterPit92,Fighter Pit,READY
Hacksaw Gaming,hacksaw,hacksaw:FighterPit94,Fighter Pit,READY
Hacksaw Gaming,hacksaw,hacksaw:FiremyLaser,Fire my Laser,READY
Hacksaw Gaming,hacksaw,hacksaw:FiremyLaser88,Fire my Laser,READY
Hacksaw Gaming,hacksaw,hacksaw:FiremyLaser92,Fire my Laser,READY
Hacksaw Gaming,hacksaw,hacksaw:FiremyLaser94,Fire my Laser,READY
Hacksaw Gaming,hacksaw,hacksaw:FistofDestruction88,Fist of Destruction,READY
Hacksaw Gaming,hacksaw,hacksaw:FistofDestruction92,Fist of Destruction,READY
Hacksaw Gaming,hacksaw,hacksaw:FistofDestruction94,Fist of Destruction,READY
Hacksaw Gaming,hacksaw,hacksaw:FistofDestruction96,Fist of Destruction,READY
Hacksaw Gaming,hacksaw,hacksaw:FistofDestructionMegamultiplier,Fist of Destruction Megamultiplier,NOT_IN_CATALOGUE
Hacksaw Gaming,hacksaw,hacksaw:FistofDestructionMegamultiplier92,Fist of Destruction Megamultiplier,NOT_IN_CATALOGUE
Hacksaw Gaming,hacksaw,hacksaw:FistofDestructionMegamultiplier94,Fist of Destruction Megamultiplier,NOT_IN_CATALOGUE
Hacksaw Gaming,hacksaw,hacksaw:FootballScratch,Football Scratch,READY
Hacksaw Gaming,hacksaw,hacksaw:ForestFortune,Forest Fortune,READY
Hacksaw Gaming,hacksaw,hacksaw:ForestFortune88,Forest Fortune,READY
Hacksaw Gaming,hacksaw,hacksaw:ForestFortune92,Forest Fortune,READY
Hacksaw Gaming,hacksaw,hacksaw:ForestFortune94,Forest Fortune,READY
Hacksaw Gaming,hacksaw,hacksaw:FranksFarm,Frank's Farm,READY
Hacksaw Gaming,hacksaw,hacksaw:FranksFarm88,Frank's Farm,READY
Hacksaw Gaming,hacksaw,hacksaw:FranksFarm92,Frank's Farm,READY
Hacksaw Gaming,hacksaw,hacksaw:FranksFarm94,Frank's Farm,READY
Hacksaw Gaming,hacksaw,hacksaw:FredsFoodTruck,Fred's Food Truck,READY
Hacksaw Gaming,hacksaw,hacksaw:FredsFoodTruck88,Fred's Food Truck,READY
Hacksaw Gaming,hacksaw,hacksaw:FredsFoodTruck92,Fred's Food Truck,READY
Hacksaw Gaming,hacksaw,hacksaw:FredsFoodTruck94,Fred's Food Truck,READY
Hacksaw Gaming,hacksaw,hacksaw:FRKNBananas88,FRKN Bananas,READY
Hacksaw Gaming,hacksaw,hacksaw:FRKNBananas92,FRKN Bananas,READY
Hacksaw Gaming,hacksaw,hacksaw:FRKNBananas94,FRKN Bananas,READY
Hacksaw Gaming,hacksaw,hacksaw:FRKNBananas96,FRKN Bananas,READY
Hacksaw Gaming,hacksaw,hacksaw:FrogsScratch,Frogs Scratch,READY
Hacksaw Gaming,hacksaw,hacksaw:FruitDuel,Fruit Duel,READY
Hacksaw Gaming,hacksaw,hacksaw:FruitDuel88,Fruit Duel,READY
Hacksaw Gaming,hacksaw,hacksaw:FruitDuel92,Fruit Duel,READY
Hacksaw Gaming,hacksaw,hacksaw:FruitDuel94,Fruit Duel,READY
Hacksaw Gaming,hacksaw,hacksaw:Frutz,Frutz,READY
Hacksaw Gaming,hacksaw,hacksaw:GettheCHEESE88,Get the CHEESE,READY
Hacksaw Gaming,hacksaw,hacksaw:GettheCHEESE92,Get the CHEESE,READY
Hacksaw Gaming,hacksaw,hacksaw:GettheCHEESE94,Get the CHEESE,READY
Hacksaw Gaming,hacksaw,hacksaw:GettheCHEESE96,Get the CHEESE,READY
Hacksaw Gaming,hacksaw,hacksaw:GladiatorLegends,Gladiator Legends,READY
Hacksaw Gaming,hacksaw,hacksaw:GladiatorLegends88,Gladiator Legends,READY
Hacksaw Gaming,hacksaw,hacksaw:GladiatorLegends92,Gladiator Legends,READY
Hacksaw Gaming,hacksaw,hacksaw:GladiatorLegends94,Gladiator Legends,READY
Hacksaw Gaming,hacksaw,hacksaw:GoPanda,Go Panda,READY
Hacksaw Gaming,hacksaw,hacksaw:GoldCoins,Gold Coins,READY
Hacksaw Gaming,hacksaw,hacksaw:GoldRush,Gold Rush,READY
Hacksaw Gaming,hacksaw,hacksaw:GreatGameRockies,Great Game Rockies,READY
Hacksaw Gaming,hacksaw,hacksaw:GreatGameRockies92,Great Game Rockies,READY
Hacksaw Gaming,hacksaw,hacksaw:GreatGameRockies94,Great Game Rockies,READY
Hacksaw Gaming,hacksaw,hacksaw:GreatGameSerengeti,Great Game Serengeti,NOT_IN_CATALOGUE
Hacksaw Gaming,hacksaw,hacksaw:GreatGameSerengeti92,Great Game Serengeti,NOT_IN_CATALOGUE
Hacksaw Gaming,hacksaw,hacksaw:GreatGameSerengeti94,Great Game Serengeti,NOT_IN_CATALOGUE
Hacksaw Gaming,hacksaw,hacksaw:GronksGems,Gronk's Gems,READY
Hacksaw Gaming,hacksaw,hacksaw:GronksGems88,Gronk's Gems,READY
Hacksaw Gaming,hacksaw,hacksaw:GronksGems92,Gronk's Gems,READY
Hacksaw Gaming,hacksaw,hacksaw:GronksGems94,Gronk's Gems,READY
Hacksaw Gaming,hacksaw,hacksaw:GrugMakeFire,Grug Make Fire,READY
Hacksaw Gaming,hacksaw,hacksaw:GrugMakeFire92,Grug Make Fire,READY
Hacksaw Gaming,hacksaw,hacksaw:GrugMakeFire94,Grug Make Fire,READY
Hacksaw Gaming,hacksaw,hacksaw:HandofAnubis,Hand of Anubis,READY
Hacksaw Gaming,hacksaw,hacksaw:HandofAnubis88,Hand of Anubis,READY
Hacksaw Gaming,hacksaw,hacksaw:HandofAnubis92,Hand of Anubis,READY
Hacksaw Gaming,hacksaw,hacksaw:HandofAnubis94,Hand of Anubis,READY
Hacksaw Gaming,hacksaw,hacksaw:HappyScratch,Happy Scratch,READY
Hacksaw Gaming,hacksaw,hacksaw:HarvestWilds,Harvest Wilds,READY
Hacksaw Gaming,hacksaw,hacksaw:HarvestWilds88,Harvest Wilds,READY
Hacksaw Gaming,hacksaw,hacksaw:HarvestWilds92,Harvest Wilds,READY
Hacksaw Gaming,hacksaw,hacksaw:HarvestWilds94,Harvest Wilds,READY
Hacksaw Gaming,hacksaw,hacksaw:HiLo,Hi-Lo,READY
Hacksaw Gaming,hacksaw,hacksaw:HiLo88,Hi-Lo,READY
Hacksaw Gaming,hacksaw,hacksaw:HiLo92,Hi-Lo,READY
Hacksaw Gaming,hacksaw,hacksaw:HiLo94,Hi-Lo,READY
Hacksaw Gaming,hacksaw,hacksaw:HiLo97,Hi-Lo,READY
Hacksaw Gaming,hacksaw,hacksaw:HiLo98,Hi-Lo,READY
Hacksaw Gaming,hacksaw,hacksaw:HopnPop,Hop'n'Pop,READY
Hacksaw Gaming,hacksaw,hacksaw:HotRoss,Hot Ross,READY
Hacksaw Gaming,hacksaw,hacksaw:HotRoss92,Hot Ross,READY
Hacksaw Gaming,hacksaw,hacksaw:HotRoss94,Hot Ross,READY
Hacksaw Gaming,hacksaw,hacksaw:HoundsofHell88,Hounds of Hell,MATCHED_NO_ARTWORK
Hacksaw Gaming,hacksaw,hacksaw:HoundsofHell92,Hounds of Hell,MATCHED_NO_ARTWORK
Hacksaw Gaming,hacksaw,hacksaw:HoundsofHell94,Hounds of Hell,MATCHED_NO_ARTWORK
Hacksaw Gaming,hacksaw,hacksaw:HoundsofHell96,Hounds of Hell,MATCHED_NO_ARTWORK
Hacksaw Gaming,hacksaw,hacksaw:ImmortalDesire,Immortal Desire,READY
Hacksaw Gaming,hacksaw,hacksaw:ImmortalDesire88,Immortal Desire,READY
Hacksaw Gaming,hacksaw,hacksaw:ImmortalDesire92,Immortal Desire,READY
Hacksaw Gaming,hacksaw,hacksaw:ImmortalDesire94,Immortal Desire,READY
Hacksaw Gaming,hacksaw,hacksaw:Invictus,Invictus,READY
Hacksaw Gaming,hacksaw,hacksaw:Invictus88,Invictus,READY
Hacksaw Gaming,hacksaw,hacksaw:Invictus92,Invictus,READY
Hacksaw Gaming,hacksaw,hacksaw:Invictus94,Invictus,READY
Hacksaw Gaming,hacksaw,hacksaw:Itsbananas,It's bananas!,READY
Hacksaw Gaming,hacksaw,hacksaw:ITERO,ITERO,READY
Hacksaw Gaming,hacksaw,hacksaw:ITERO88,ITERO,READY
Hacksaw Gaming,hacksaw,hacksaw:ITERO92,ITERO,READY
Hacksaw Gaming,hacksaw,hacksaw:ITERO94,ITERO,READY
Hacksaw Gaming,hacksaw,hacksaw:JawsofJustice,Jaws of Justice,READY
Hacksaw Gaming,hacksaw,hacksaw:JawsofJustice92,Jaws of Justice,READY
Hacksaw Gaming,hacksaw,hacksaw:JawsofJustice94,Jaws of Justice,READY
Hacksaw Gaming,hacksaw,hacksaw:JellySlice88,Jelly Slice,READY
Hacksaw Gaming,hacksaw,hacksaw:JellySlice92,Jelly Slice,READY
Hacksaw Gaming,hacksaw,hacksaw:JellySlice94,Jelly Slice,READY
Hacksaw Gaming,hacksaw,hacksaw:JellySlice96,Jelly Slice,READY
Hacksaw Gaming,hacksaw,hacksaw:JokerBombs,Joker Bombs,READY
Hacksaw Gaming,hacksaw,hacksaw:JokerBombs88,Joker Bombs,READY
Hacksaw Gaming,hacksaw,hacksaw:JokerBombs92,Joker Bombs,READY
Hacksaw Gaming,hacksaw,hacksaw:JokerBombs94,Joker Bombs,READY
Hacksaw Gaming,hacksaw,hacksaw:Keepem88,Keep'em,READY
Hacksaw Gaming,hacksaw,hacksaw:Keepem92,Keep'em,READY
Hacksaw Gaming,hacksaw,hacksaw:Keepem94,Keep'em,READY
Hacksaw Gaming,hacksaw,hacksaw:Keepem96,Keep'em,READY
Hacksaw Gaming,hacksaw,hacksaw:KeepemCool,Keep'em Cool,READY
Hacksaw Gaming,hacksaw,hacksaw:KeepemCool88,Keep'em Cool,READY
Hacksaw Gaming,hacksaw,hacksaw:KeepemCool92,Keep'em Cool,READY
Hacksaw Gaming,hacksaw,hacksaw:KeepemCool94,Keep'em Cool,READY
Hacksaw Gaming,hacksaw,hacksaw:KingCarrot,King Carrot,READY
Hacksaw Gaming,hacksaw,hacksaw:KingCarrot88,King Carrot,READY
Hacksaw Gaming,hacksaw,hacksaw:KingCarrot92,King Carrot,READY
Hacksaw Gaming,hacksaw,hacksaw:KingCarrot94,King Carrot,READY
Hacksaw Gaming,hacksaw,hacksaw:KingTreasure,King Treasure,READY
Hacksaw Gaming,hacksaw,hacksaw:Klowns,Klowns,READY
Hacksaw Gaming,hacksaw,hacksaw:Klowns88,Klowns,READY
Hacksaw Gaming,hacksaw,hacksaw:Klowns92,Klowns,READY
Hacksaw Gaming,hacksaw,hacksaw:Klowns94,Klowns,READY
Hacksaw Gaming,hacksaw,hacksaw:KoiCash,Koi Cash,READY
Hacksaw Gaming,hacksaw,hacksaw:LeBandit,Le Bandit,READY
Hacksaw Gaming,hacksaw,hacksaw:LeBandit88,Le Bandit,READY
Hacksaw Gaming,hacksaw,hacksaw:LeBandit92,Le Bandit,READY
Hacksaw Gaming,hacksaw,hacksaw:LeBandit94,Le Bandit,READY
Hacksaw Gaming,hacksaw,hacksaw:LeBanditHoldAndWin,Le Bandit Hold & Win,NOT_IN_CATALOGUE
Hacksaw Gaming,hacksaw,hacksaw:LeBanditHoldAndWin92,Le Bandit Hold & Win,NOT_IN_CATALOGUE
Hacksaw Gaming,hacksaw,hacksaw:LeBanditHoldAndWin94,Le Bandit Hold & Win,NOT_IN_CATALOGUE
Hacksaw Gaming,hacksaw,hacksaw:LeBunny,Le Bunny,READY
Hacksaw Gaming,hacksaw,hacksaw:LeBunny92,Le Bunny,READY
Hacksaw Gaming,hacksaw,hacksaw:LeBunny94,Le Bunny,READY
Hacksaw Gaming,hacksaw,hacksaw:LeClubber,Le Clubber,NOT_IN_CATALOGUE
Hacksaw Gaming,hacksaw,hacksaw:LeClubber92,Le Clubber,NOT_IN_CATALOGUE
Hacksaw Gaming,hacksaw,hacksaw:LeClubber94,Le Clubber,NOT_IN_CATALOGUE
Hacksaw Gaming,hacksaw,hacksaw:LeCowboy,Le Cowboy,READY
Hacksaw Gaming,hacksaw,hacksaw:LeCowboy92,Le Cowboy,READY
Hacksaw Gaming,hacksaw,hacksaw:LeCowboy94,Le Cowboy,READY
Hacksaw Gaming,hacksaw,hacksaw:LeDigger,Le Digger,READY
Hacksaw Gaming,hacksaw,hacksaw:LeDigger92,Le Digger,READY
Hacksaw Gaming,hacksaw,hacksaw:LeDigger94,Le Digger,READY
Hacksaw Gaming,hacksaw,hacksaw:LeFisherman,Le Fisherman,READY
Hacksaw Gaming,hacksaw,hacksaw:LeFisherman92,Le Fisherman,READY
Hacksaw Gaming,hacksaw,hacksaw:LeFisherman94,Le Fisherman,READY
Hacksaw Gaming,hacksaw,hacksaw:LeFootballFan,Le Football Fan,NOT_IN_CATALOGUE
Hacksaw Gaming,hacksaw,hacksaw:LeFootballFan92,Le Football Fan,NOT_IN_CATALOGUE
Hacksaw Gaming,hacksaw,hacksaw:LeFootballFan94,Le Football Fan,NOT_IN_CATALOGUE
Hacksaw Gaming,hacksaw,hacksaw:LeFutbol,Le Futbol,NOT_IN_CATALOGUE
Hacksaw Gaming,hacksaw,hacksaw:LeFutbol92,Le Futbol,NOT_IN_CATALOGUE
Hacksaw Gaming,hacksaw,hacksaw:LeFutbol94,Le Futbol,NOT_IN_CATALOGUE
Hacksaw Gaming,hacksaw,hacksaw:LeFutebol,Le Futebol,NOT_IN_CATALOGUE
Hacksaw Gaming,hacksaw,hacksaw:LeFutebol94,Le Futebol,NOT_IN_CATALOGUE
Hacksaw Gaming,hacksaw,hacksaw:LeHooligan,Le Hooligan,READY
Hacksaw Gaming,hacksaw,hacksaw:LeHooligan92,Le Hooligan,READY
Hacksaw Gaming,hacksaw,hacksaw:LeHooligan94,Le Hooligan,READY
Hacksaw Gaming,hacksaw,hacksaw:LeKing,Le King,READY
Hacksaw Gaming,hacksaw,hacksaw:LeKing88,Le King,READY
Hacksaw Gaming,hacksaw,hacksaw:LeKing92,Le King,READY
Hacksaw Gaming,hacksaw,hacksaw:LeKing94,Le King,READY
Hacksaw Gaming,hacksaw,hacksaw:LePharaoh88,Le Pharaoh,READY
Hacksaw Gaming,hacksaw,hacksaw:LePharaoh92,Le Pharaoh,READY
Hacksaw Gaming,hacksaw,hacksaw:LePharaoh94,Le Pharaoh,READY
Hacksaw Gaming,hacksaw,hacksaw:LePharaoh96,Le Pharaoh,READY
Hacksaw Gaming,hacksaw,hacksaw:LePrechaun,Le Prechaun,READY
Hacksaw Gaming,hacksaw,hacksaw:LePrechaun92,Le Prechaun,READY
Hacksaw Gaming,hacksaw,hacksaw:LePrechaun94,Le Prechaun,READY
Hacksaw Gaming,hacksaw,hacksaw:LeSanta,Le Santa,READY
Hacksaw Gaming,hacksaw,hacksaw:LeSanta92,Le Santa,READY
Hacksaw Gaming,hacksaw,hacksaw:LeSanta94,Le Santa,READY
Hacksaw Gaming,hacksaw,hacksaw:LeSoccer,Le Soccer,NOT_IN_CATALOGUE
Hacksaw Gaming,hacksaw,hacksaw:LeSoccer92,Le Soccer,NOT_IN_CATALOGUE
Hacksaw Gaming,hacksaw,hacksaw:LeSoccer94,Le Soccer,NOT_IN_CATALOGUE
Hacksaw Gaming,hacksaw,hacksaw:LeSortudo,Le Sortudo,NOT_IN_CATALOGUE
Hacksaw Gaming,hacksaw,hacksaw:LeSortudo92,Le Sortudo,NOT_IN_CATALOGUE
Hacksaw Gaming,hacksaw,hacksaw:LeSortudo94,Le Sortudo,NOT_IN_CATALOGUE
Hacksaw Gaming,hacksaw,hacksaw:LeVampire,Le Vampire,NOT_IN_CATALOGUE
Hacksaw Gaming,hacksaw,hacksaw:LeVampire92,Le Vampire,NOT_IN_CATALOGUE
Hacksaw Gaming,hacksaw,hacksaw:LeVampire94,Le Vampire,NOT_IN_CATALOGUE
Hacksaw Gaming,hacksaw,hacksaw:LeViking,Le Viking,READY
Hacksaw Gaming,hacksaw,hacksaw:LeViking88,Le Viking,READY
Hacksaw Gaming,hacksaw,hacksaw:LeViking92,Le Viking,READY
Hacksaw Gaming,hacksaw,hacksaw:LeViking94,Le Viking,READY
Hacksaw Gaming,hacksaw,hacksaw:LeVoetbal92,Le Voetbal,NOT_IN_CATALOGUE
Hacksaw Gaming,hacksaw,hacksaw:LeVoetbal94,Le Voetbal,NOT_IN_CATALOGUE
Hacksaw Gaming,hacksaw,hacksaw:LeZeus,Le Zeus,READY
Hacksaw Gaming,hacksaw,hacksaw:LeZeus92,Le Zeus,READY
Hacksaw Gaming,hacksaw,hacksaw:LeZeus94,Le Zeus,READY
Hacksaw Gaming,hacksaw,hacksaw:LetitSnow,Let it Snow,READY
Hacksaw Gaming,hacksaw,hacksaw:LifeandDeath,Life and Death,READY
Hacksaw Gaming,hacksaw,hacksaw:LifeandDeath88,Life and Death,READY
Hacksaw Gaming,hacksaw,hacksaw:LifeandDeath92,Life and Death,READY
Hacksaw Gaming,hacksaw,hacksaw:LifeandDeath94,Life and Death,READY
Hacksaw Gaming,hacksaw,hacksaw:Limbo88,Limbo,READY
Hacksaw Gaming,hacksaw,hacksaw:Limbo92,Limbo,READY
Hacksaw Gaming,hacksaw,hacksaw:Limbo94,Limbo,READY
Hacksaw Gaming,hacksaw,hacksaw:Limbo96,Limbo,READY
Hacksaw Gaming,hacksaw,hacksaw:Limbo97,Limbo,READY
Hacksaw Gaming,hacksaw,hacksaw:Limbo98,Limbo,READY
Hacksaw Gaming,hacksaw,hacksaw:Lines,Lines,READY
Hacksaw Gaming,hacksaw,hacksaw:Lines88,Lines,READY
Hacksaw Gaming,hacksaw,hacksaw:Lines92,Lines,READY
Hacksaw Gaming,hacksaw,hacksaw:Lines94,Lines,READY
Hacksaw Gaming,hacksaw,hacksaw:Lines97,Lines,READY
Hacksaw Gaming,hacksaw,hacksaw:LoveIsAllYouNeed,Love is all you need,READY
Hacksaw Gaming,hacksaw,hacksaw:LuckyNumbersx8,Lucky Numbers x8,NOT_IN_CATALOGUE
Hacksaw Gaming,hacksaw,hacksaw:LuckyNumbersx12,Lucky Numbers x12,NOT_IN_CATALOGUE
Hacksaw Gaming,hacksaw,hacksaw:LuckyNumbersx16,Lucky Numbers x16,NOT_IN_CATALOGUE
Hacksaw Gaming,hacksaw,hacksaw:LuckyNumbersx20,Lucky Numbers x20,NOT_IN_CATALOGUE
Hacksaw Gaming,hacksaw,hacksaw:LuckyScratch,Lucky Scratch,READY
Hacksaw Gaming,hacksaw,hacksaw:LuckyShot,Lucky Shot,READY
Hacksaw Gaming,hacksaw,hacksaw:MagicPiggy,Magic Piggy,READY
Hacksaw Gaming,hacksaw,hacksaw:MagicPiggy88,Magic Piggy,READY
Hacksaw Gaming,hacksaw,hacksaw:MagicPiggy92,Magic Piggy,READY
Hacksaw Gaming,hacksaw,hacksaw:MagicPiggy94,Magic Piggy,READY
Hacksaw Gaming,hacksaw,hacksaw:MagicPiggyOG,Magic Piggy OG,READY
Hacksaw Gaming,hacksaw,hacksaw:MagicPiggyOG94,Magic Piggy OG,READY
Hacksaw Gaming,hacksaw,hacksaw:MarlinMasters,Marlin Masters,READY
Hacksaw Gaming,hacksaw,hacksaw:MarlinMasters88,Marlin Masters,READY
Hacksaw Gaming,hacksaw,hacksaw:MarlinMasters92,Marlin Masters,READY
Hacksaw Gaming,hacksaw,hacksaw:MarlinMasters94,Marlin Masters,READY
Hacksaw Gaming,hacksaw,hacksaw:MarlinMastersOG,Marlin Masters OG,NOT_IN_CATALOGUE
Hacksaw Gaming,hacksaw,hacksaw:MarlinMastersOG92,Marlin Masters OG,NOT_IN_CATALOGUE
Hacksaw Gaming,hacksaw,hacksaw:MarlinMastersOG94,Marlin Masters OG,NOT_IN_CATALOGUE
Hacksaw Gaming,hacksaw,hacksaw:MarlinMastersAtlantis,Marlin Masters: Atlantis,READY
Hacksaw Gaming,hacksaw,hacksaw:MarlinMastersAtlantis92,Marlin Masters: Atlantis,READY
Hacksaw Gaming,hacksaw,hacksaw:MarlinMastersAtlantis94,Marlin Masters: Atlantis,READY
Hacksaw Gaming,hacksaw,hacksaw:MarlinMastersTheBigHaul,Marlin Masters: The Big Haul,MATCHED_NO_ARTWORK
Hacksaw Gaming,hacksaw,hacksaw:MarlinMastersTheBigHaul92,Marlin Masters: The Big Haul,MATCHED_NO_ARTWORK
Hacksaw Gaming,hacksaw,hacksaw:MarlinMastersTheBigHaul94,Marlin Masters: The Big Haul,MATCHED_NO_ARTWORK
Hacksaw Gaming,hacksaw,hacksaw:MaxWinMachine,Max Win Machine,NOT_IN_CATALOGUE
Hacksaw Gaming,hacksaw,hacksaw:MaxWinMachine92,Max Win Machine,NOT_IN_CATALOGUE
Hacksaw Gaming,hacksaw,hacksaw:MaxWinMachine94,Max Win Machine,NOT_IN_CATALOGUE
Hacksaw Gaming,hacksaw,hacksaw:MayanStackways,Mayan Stackways,READY
Hacksaw Gaming,hacksaw,hacksaw:MayanStackways88,Mayan Stackways,READY
Hacksaw Gaming,hacksaw,hacksaw:MayanStackways92,Mayan Stackways,READY
Hacksaw Gaming,hacksaw,hacksaw:MayanStackways94,Mayan Stackways,READY
Hacksaw Gaming,hacksaw,hacksaw:MiamiMayhem,Miami Mayhem,READY
Hacksaw Gaming,hacksaw,hacksaw:MiamiMayhem92,Miami Mayhem,READY
Hacksaw Gaming,hacksaw,hacksaw:MiamiMayhem94,Miami Mayhem,READY
Hacksaw Gaming,hacksaw,hacksaw:MiamiMultiplier,Miami Multiplier,MATCHED_NO_ARTWORK
Hacksaw Gaming,hacksaw,hacksaw:MightyMasks,Mighty Masks,READY
Hacksaw Gaming,hacksaw,hacksaw:MightyMasks88,Mighty Masks,READY
Hacksaw Gaming,hacksaw,hacksaw:MightyMasks92,Mighty Masks,READY
Hacksaw Gaming,hacksaw,hacksaw:MightyMasks94,Mighty Masks,READY
Hacksaw Gaming,hacksaw,hacksaw:Mines,Mines,READY
Hacksaw Gaming,hacksaw,hacksaw:Mines88,Mines,READY
Hacksaw Gaming,hacksaw,hacksaw:Mines92,Mines,READY
Hacksaw Gaming,hacksaw,hacksaw:Mines94,Mines,READY
Hacksaw Gaming,hacksaw,hacksaw:Mines97,Mines,READY
Hacksaw Gaming,hacksaw,hacksaw:Mines98,Mines,READY
Hacksaw Gaming,hacksaw,hacksaw:MinesSupreme,Mines Supreme,NOT_IN_CATALOGUE
Hacksaw Gaming,hacksaw,hacksaw:MinesSupreme92,Mines Supreme,NOT_IN_CATALOGUE
Hacksaw Gaming,hacksaw,hacksaw:MinesSupreme94,Mines Supreme,NOT_IN_CATALOGUE
Hacksaw Gaming,hacksaw,hacksaw:MintedMike,Minted Mike,NOT_IN_CATALOGUE
Hacksaw Gaming,hacksaw,hacksaw:MintedMike92,Minted Mike,NOT_IN_CATALOGUE
Hacksaw Gaming,hacksaw,hacksaw:MintedMike94,Minted Mike,NOT_IN_CATALOGUE
Hacksaw Gaming,hacksaw,hacksaw:Moneyplane,Moneyplane,NOT_IN_CATALOGUE
Hacksaw Gaming,hacksaw,hacksaw:Moneyplane92,Moneyplane,NOT_IN_CATALOGUE
Hacksaw Gaming,hacksaw,hacksaw:Moneyplane94,Moneyplane,NOT_IN_CATALOGUE
Hacksaw Gaming,hacksaw,hacksaw:MunchyMilo,Munchy Milo,READY
Hacksaw Gaming,hacksaw,hacksaw:MunchyMilo92,Munchy Milo,READY
Hacksaw Gaming,hacksaw,hacksaw:MunchyMilo94,Munchy Milo,READY
Hacksaw Gaming,hacksaw,hacksaw:MysteryMotel,Mystery Motel,MATCHED_NO_ARTWORK
Hacksaw Gaming,hacksaw,hacksaw:NitroNights,Nitro Nights,READY
Hacksaw Gaming,hacksaw,hacksaw:NitroNights92,Nitro Nights,READY
Hacksaw Gaming,hacksaw,hacksaw:NitroNights94,Nitro Nights,READY
Hacksaw Gaming,hacksaw,hacksaw:OctoAttack88,Octo Attack,READY
Hacksaw Gaming,hacksaw,hacksaw:OctoAttack92,Octo Attack,READY
Hacksaw Gaming,hacksaw,hacksaw:OctoAttack94,Octo Attack,READY
Hacksaw Gaming,hacksaw,hacksaw:OctoAttack96,Octo Attack,READY
Hacksaw Gaming,hacksaw,hacksaw:OmNom,OmNom,READY
Hacksaw Gaming,hacksaw,hacksaw:OrbofDestiny88,Orb of Destiny,READY
Hacksaw Gaming,hacksaw,hacksaw:OrbofDestiny92,Orb of Destiny,READY
Hacksaw Gaming,hacksaw,hacksaw:OrbofDestiny94,Orb of Destiny,READY
Hacksaw Gaming,hacksaw,hacksaw:OrbofDestiny96,Orb of Destiny,READY
Hacksaw Gaming,hacksaw,hacksaw:OutlawsInc,Outlaws Inc,READY
Hacksaw Gaming,hacksaw,hacksaw:OutlawsInc88,Outlaws Inc,READY
Hacksaw Gaming,hacksaw,hacksaw:OutlawsInc92,Outlaws Inc,READY
Hacksaw Gaming,hacksaw,hacksaw:OutlawsInc94,Outlaws Inc,READY
Hacksaw Gaming,hacksaw,hacksaw:PhoenixDuelReels,Phoenix DuelReels,READY
Hacksaw Gaming,hacksaw,hacksaw:PhoenixDuelReels88,Phoenix DuelReels,READY
Hacksaw Gaming,hacksaw,hacksaw:PhoenixDuelReels92,Phoenix DuelReels,READY
Hacksaw Gaming,hacksaw,hacksaw:PhoenixDuelReels94,Phoenix DuelReels,READY
Hacksaw Gaming,hacksaw,hacksaw:Plinko,Plinko,READY
Hacksaw Gaming,hacksaw,hacksaw:Plinko88,Plinko,READY
Hacksaw Gaming,hacksaw,hacksaw:Plinko92,Plinko,READY
Hacksaw Gaming,hacksaw,hacksaw:Plinko94,Plinko,READY
Hacksaw Gaming,hacksaw,hacksaw:Plinko97,Plinko,READY
Hacksaw Gaming,hacksaw,hacksaw:Plinko98,Plinko,READY
Hacksaw Gaming,hacksaw,hacksaw:Plinko99,Plinko,READY
Hacksaw Gaming,hacksaw,hacksaw:PowerofTen,Power of Ten,READY
Hacksaw Gaming,hacksaw,hacksaw:PowerofTen92,Power of Ten,READY
Hacksaw Gaming,hacksaw,hacksaw:PowerofTen94,Power of Ten,READY
Hacksaw Gaming,hacksaw,hacksaw:PrayForSix,Pray For Six,READY
Hacksaw Gaming,hacksaw,hacksaw:PrayForSix92,Pray For Six,READY
Hacksaw Gaming,hacksaw,hacksaw:PrayForSix94,Pray For Six,READY
Hacksaw Gaming,hacksaw,hacksaw:PrayforThree88,Pray for Three,READY
Hacksaw Gaming,hacksaw,hacksaw:PrayforThree92,Pray for Three,READY
Hacksaw Gaming,hacksaw,hacksaw:PrayforThree94,Pray for Three,READY
Hacksaw Gaming,hacksaw,hacksaw:PrayforThree96,Pray for Three,READY
Hacksaw Gaming,hacksaw,hacksaw:PrinceTreasure,Prince Treasure,READY
Hacksaw Gaming,hacksaw,hacksaw:PugLife,Pug Life,READY
Hacksaw Gaming,hacksaw,hacksaw:PugLife88,Pug Life,READY
Hacksaw Gaming,hacksaw,hacksaw:PugLife92,Pug Life,READY
Hacksaw Gaming,hacksaw,hacksaw:PugLife94,Pug Life,READY
Hacksaw Gaming,hacksaw,hacksaw:QueenTreasure,Queen Treasure,READY
Hacksaw Gaming,hacksaw,hacksaw:RadMaxx,Rad Maxx,READY
Hacksaw Gaming,hacksaw,hacksaw:RadMaxx88,Rad Maxx,READY
Hacksaw Gaming,hacksaw,hacksaw:RadMaxx92,Rad Maxx,READY
Hacksaw Gaming,hacksaw,hacksaw:RadMaxx94,Rad Maxx,READY
Hacksaw Gaming,hacksaw,hacksaw:RainbowPrincess,Rainbow Princess,READY
Hacksaw Gaming,hacksaw,hacksaw:RainbowPrincess92,Rainbow Princess,READY
Hacksaw Gaming,hacksaw,hacksaw:RainbowPrincess94,Rainbow Princess,READY
Hacksaw Gaming,hacksaw,hacksaw:RatRiches,Rat Riches,READY
Hacksaw Gaming,hacksaw,hacksaw:RedRascal,Red Rascal,READY
Hacksaw Gaming,hacksaw,hacksaw:RedRascal92,Red Rascal,READY
Hacksaw Gaming,hacksaw,hacksaw:RedRascal94,Red Rascal,READY
Hacksaw Gaming,hacksaw,hacksaw:ReignofRome88,Reign of Rome,READY
Hacksaw Gaming,hacksaw,hacksaw:ReignofRome92,Reign of Rome,READY
Hacksaw Gaming,hacksaw,hacksaw:ReignofRome94,Reign of Rome,READY
Hacksaw Gaming,hacksaw,hacksaw:ReignofRome96,Reign of Rome,READY
Hacksaw Gaming,hacksaw,hacksaw:RIPCity,RIP City,READY
Hacksaw Gaming,hacksaw,hacksaw:RIPCity88,RIP City,READY
Hacksaw Gaming,hacksaw,hacksaw:RIPCity92,RIP City,READY
Hacksaw Gaming,hacksaw,hacksaw:RIPCity94,RIP City,READY
Hacksaw Gaming,hacksaw,hacksaw:RiseofFortuna,Rise of Fortuna,READY
Hacksaw Gaming,hacksaw,hacksaw:RiseofFortuna92,Rise of Fortuna,READY
Hacksaw Gaming,hacksaw,hacksaw:RiseofFortuna94,Rise of Fortuna,READY
Hacksaw Gaming,hacksaw,hacksaw:RiseofYmir88,Rise of Ymir,READY
Hacksaw Gaming,hacksaw,hacksaw:RiseofYmir92,Rise of Ymir,READY
Hacksaw Gaming,hacksaw,hacksaw:RiseofYmir94,Rise of Ymir,READY
Hacksaw Gaming,hacksaw,hacksaw:RiseofYmir96,Rise of Ymir,READY
Hacksaw Gaming,hacksaw,hacksaw:RocketReels,Rocket Reels,READY
Hacksaw Gaming,hacksaw,hacksaw:RocketReels88,Rocket Reels,READY
Hacksaw Gaming,hacksaw,hacksaw:RocketReels92,Rocket Reels,READY
Hacksaw Gaming,hacksaw,hacksaw:RocketReels94,Rocket Reels,READY
Hacksaw Gaming,hacksaw,hacksaw:RoninStackways,Ronin Stackways,READY
Hacksaw Gaming,hacksaw,hacksaw:RoninStackways88,Ronin Stackways,READY
Hacksaw Gaming,hacksaw,hacksaw:RoninStackways92,Ronin Stackways,READY
Hacksaw Gaming,hacksaw,hacksaw:RoninStackways94,Ronin Stackways,READY
Hacksaw Gaming,hacksaw,hacksaw:Rotten,Rotten,READY
Hacksaw Gaming,hacksaw,hacksaw:Rotten88,Rotten,READY
Hacksaw Gaming,hacksaw,hacksaw:Rotten92,Rotten,READY
Hacksaw Gaming,hacksaw,hacksaw:Rotten94,Rotten,READY
Hacksaw Gaming,hacksaw,hacksaw:RubyRush,Ruby Rush,READY
Hacksaw Gaming,hacksaw,hacksaw:RustyAndCurly,Rusty & Curly,READY
Hacksaw Gaming,hacksaw,hacksaw:RustyAndCurly88,Rusty & Curly,READY
Hacksaw Gaming,hacksaw,hacksaw:RustyAndCurly92,Rusty & Curly,READY
Hacksaw Gaming,hacksaw,hacksaw:RustyAndCurly94,Rusty & Curly,READY
Hacksaw Gaming,hacksaw,hacksaw:SandandAshes,Sand and Ashes,READY
Hacksaw Gaming,hacksaw,hacksaw:SandandAshes92,Sand and Ashes,READY
Hacksaw Gaming,hacksaw,hacksaw:SandandAshes94,Sand and Ashes,READY
Hacksaw Gaming,hacksaw,hacksaw:ScratchEm,Scratch 'Em,READY
Hacksaw Gaming,hacksaw,hacksaw:SCRATCHBronze,SCRATCH! Bronze,READY
Hacksaw Gaming,hacksaw,hacksaw:SCRATCHGold,SCRATCH! Gold,READY
Hacksaw Gaming,hacksaw,hacksaw:SCRATCHPlatinum,SCRATCH! Platinum,READY
Hacksaw Gaming,hacksaw,hacksaw:SCRATCHSilver,SCRATCH! Silver,READY
Hacksaw Gaming,hacksaw,hacksaw:Scratchy,Scratchy,READY
Hacksaw Gaming,hacksaw,hacksaw:ScratchyBig,Scratchy Big,READY
Hacksaw Gaming,hacksaw,hacksaw:ScratchyMini,Scratchy Mini,READY
Hacksaw Gaming,hacksaw,hacksaw:ShaolinMaster,Shaolin Master,READY
Hacksaw Gaming,hacksaw,hacksaw:ShaolinMaster88,Shaolin Master,READY
Hacksaw Gaming,hacksaw,hacksaw:ShaolinMaster92,Shaolin Master,READY
Hacksaw Gaming,hacksaw,hacksaw:ShaolinMaster94,Shaolin Master,READY
Hacksaw Gaming,hacksaw,hacksaw:ShavetheBeard,Shave the Beard,READY
Hacksaw Gaming,hacksaw,hacksaw:ShavetheSheep,Shave the Sheep,READY
Hacksaw Gaming,hacksaw,hacksaw:SixSixSix88,SixSixSix,READY
Hacksaw Gaming,hacksaw,hacksaw:SixSixSix92,SixSixSix,READY
Hacksaw Gaming,hacksaw,hacksaw:SixSixSix94,SixSixSix,READY
Hacksaw Gaming,hacksaw,hacksaw:SixSixSix96,SixSixSix,READY
Hacksaw Gaming,hacksaw,hacksaw:SlayersInc88,Slayers Inc,READY
Hacksaw Gaming,hacksaw,hacksaw:SlayersInc92,Slayers Inc,READY
Hacksaw Gaming,hacksaw,hacksaw:SlayersInc94,Slayers Inc,READY
Hacksaw Gaming,hacksaw,hacksaw:SlayersInc96,Slayers Inc,READY
Hacksaw Gaming,hacksaw,hacksaw:SmokingDragon,Smoking Dragon,READY
Hacksaw Gaming,hacksaw,hacksaw:SmokingDragon92,Smoking Dragon,READY
Hacksaw Gaming,hacksaw,hacksaw:SmokingDragon94,Smoking Dragon,READY
Hacksaw Gaming,hacksaw,hacksaw:SnowScrathcer92,Snow Scratcher,READY
Hacksaw Gaming,hacksaw,hacksaw:SnowSlingers,Snow Slingers,READY
Hacksaw Gaming,hacksaw,hacksaw:SnowSlingers88,Snow Slingers,READY
Hacksaw Gaming,hacksaw,hacksaw:SnowSlingers92,Snow Slingers,READY
Hacksaw Gaming,hacksaw,hacksaw:SnowSlingers94,Snow Slingers,READY
Hacksaw Gaming,hacksaw,hacksaw:SpearofAthena,Spear of Athena,READY
Hacksaw Gaming,hacksaw,hacksaw:SpearofAthena92,Spear of Athena,READY
Hacksaw Gaming,hacksaw,hacksaw:SpearofAthena94,Spear of Athena,READY
Hacksaw Gaming,hacksaw,hacksaw:SpeedCrash88,Speed Crash,READY
Hacksaw Gaming,hacksaw,hacksaw:SpeedCrash92,Speed Crash,READY
Hacksaw Gaming,hacksaw,hacksaw:SpeedCrash94,Speed Crash,READY
Hacksaw Gaming,hacksaw,hacksaw:SpeedCrash96,Speed Crash,READY
Hacksaw Gaming,hacksaw,hacksaw:SpeedCrash97,Speed Crash,READY
Hacksaw Gaming,hacksaw,hacksaw:SpeedCrash98,Speed Crash,READY
Hacksaw Gaming,hacksaw,hacksaw:Spinman,Spinman,READY
Hacksaw Gaming,hacksaw,hacksaw:Spinman88,Spinman,READY
Hacksaw Gaming,hacksaw,hacksaw:Spinman92,Spinman,READY
Hacksaw Gaming,hacksaw,hacksaw:Spinman94,Spinman,READY
Hacksaw Gaming,hacksaw,hacksaw:SpinmanHV,Spinman H.V.,READY
Hacksaw Gaming,hacksaw,hacksaw:SpinmanHV88,Spinman H.V.,READY
Hacksaw Gaming,hacksaw,hacksaw:SpinmanHV92,Spinman H.V.,READY
Hacksaw Gaming,hacksaw,hacksaw:SpinmanHV94,Spinman H.V.,READY
Hacksaw Gaming,hacksaw,hacksaw:SpookyScaryScratchy92,Spooky Scary Scratchy,READY
Hacksaw Gaming,hacksaw,hacksaw:StackEm,Stack 'Em,READY
Hacksaw Gaming,hacksaw,hacksaw:StackEm88,Stack 'Em,READY
Hacksaw Gaming,hacksaw,hacksaw:StackEm92,Stack 'Em,READY
Hacksaw Gaming,hacksaw,hacksaw:StackEm94,Stack 'Em,READY
Hacksaw Gaming,hacksaw,hacksaw:StackEmScratch92,Stack'Em Scratch,READY
Hacksaw Gaming,hacksaw,hacksaw:Steamrunners,Steamrunners,READY
Hacksaw Gaming,hacksaw,hacksaw:Steamrunners92,Steamrunners,READY
Hacksaw Gaming,hacksaw,hacksaw:Steamrunners94,Steamrunners,READY
Hacksaw Gaming,hacksaw,hacksaw:Stickem,Stick 'Em,READY
Hacksaw Gaming,hacksaw,hacksaw:Stormborn,Stormborn,READY
Hacksaw Gaming,hacksaw,hacksaw:Stormborn92,Stormborn,READY
Hacksaw Gaming,hacksaw,hacksaw:Stormborn94,Stormborn,READY
Hacksaw Gaming,hacksaw,hacksaw:Stormforged,Stormforged,READY
Hacksaw Gaming,hacksaw,hacksaw:Stormforged88,Stormforged,READY
Hacksaw Gaming,hacksaw,hacksaw:Stormforged92,Stormforged,READY
Hacksaw Gaming,hacksaw,hacksaw:Stormforged94,Stormforged,READY
Hacksaw Gaming,hacksaw,hacksaw:StrengthofHercules,Strength of Hercules,READY
Hacksaw Gaming,hacksaw,hacksaw:StrengthofHercules88,Strength of Hercules,READY
Hacksaw Gaming,hacksaw,hacksaw:StrengthofHercules92,Strength of Hercules,READY
Hacksaw Gaming,hacksaw,hacksaw:StrengthofHercules94,Strength of Hercules,READY
Hacksaw Gaming,hacksaw,hacksaw:SummerScratch,Summer Scratch,READY
Hacksaw Gaming,hacksaw,hacksaw:SunPrincess,Sun Princess,READY
Hacksaw Gaming,hacksaw,hacksaw:SunPrincess92,Sun Princess,READY
Hacksaw Gaming,hacksaw,hacksaw:SunPrincess94,Sun Princess,READY
Hacksaw Gaming,hacksaw,hacksaw:SupernovaGalaxyOrbsHoldandWin,Supernova Galaxy Orbs Hold & Win,NOT_IN_CATALOGUE
Hacksaw Gaming,hacksaw,hacksaw:SupernovaGalaxyOrbsHoldandWin92,Supernova Galaxy Orbs Hold & Win,NOT_IN_CATALOGUE
Hacksaw Gaming,hacksaw,hacksaw:SupernovaGalaxyOrbsHoldandWin94,Supernova Galaxy Orbs Hold & Win,NOT_IN_CATALOGUE
Hacksaw Gaming,hacksaw,hacksaw:SuperstarSevens,Superstar Sevens,READY
Hacksaw Gaming,hacksaw,hacksaw:SuperstarSevens92,Superstar Sevens,READY
Hacksaw Gaming,hacksaw,hacksaw:SuperstarSevens94,Superstar Sevens,READY
Hacksaw Gaming,hacksaw,hacksaw:SupremeZeus,Supreme Zeus,NOT_IN_CATALOGUE
Hacksaw Gaming,hacksaw,hacksaw:SupremeZeus92,Supreme Zeus,NOT_IN_CATALOGUE
Hacksaw Gaming,hacksaw,hacksaw:SupremeZeus94,Supreme Zeus,NOT_IN_CATALOGUE
Hacksaw Gaming,hacksaw,hacksaw:TaitheToad88,Tai the Toad,READY
Hacksaw Gaming,hacksaw,hacksaw:TaitheToad92,Tai the Toad,READY
Hacksaw Gaming,hacksaw,hacksaw:TaitheToad94,Tai the Toad,READY
Hacksaw Gaming,hacksaw,hacksaw:TaitheToad96,Tai the Toad,READY
Hacksaw Gaming,hacksaw,hacksaw:TastyTreats,Tasty Treats,READY
Hacksaw Gaming,hacksaw,hacksaw:TastyTreats88,Tasty Treats,READY
Hacksaw Gaming,hacksaw,hacksaw:TastyTreats92,Tasty Treats,READY
Hacksaw Gaming,hacksaw,hacksaw:TastyTreats94,Tasty Treats,READY
Hacksaw Gaming,hacksaw,hacksaw:TempleofTorment,Temple of Torment,READY
Hacksaw Gaming,hacksaw,hacksaw:TempleofTorment88,Temple of Torment,READY
Hacksaw Gaming,hacksaw,hacksaw:TempleofTorment92,Temple of Torment,READY
Hacksaw Gaming,hacksaw,hacksaw:TempleofTorment94,Temple of Torment,READY
Hacksaw Gaming,hacksaw,hacksaw:TheCount,The Count,READY
Hacksaw Gaming,hacksaw,hacksaw:TheCount92,The Count,READY
Hacksaw Gaming,hacksaw,hacksaw:TheCount94,The Count,READY
Hacksaw Gaming,hacksaw,hacksaw:TheJadepathHoldAndWin,The Jade path Hold & Win,NOT_IN_CATALOGUE
Hacksaw Gaming,hacksaw,hacksaw:TheJadepathHoldAndWin92,The Jade path Hold & Win,NOT_IN_CATALOGUE
Hacksaw Gaming,hacksaw,hacksaw:TheJadepathHoldAndWin94,The Jade path Hold & Win,NOT_IN_CATALOGUE
Hacksaw Gaming,hacksaw,hacksaw:TheLuxe,The Luxe,READY
Hacksaw Gaming,hacksaw,hacksaw:TheLuxe92,The Luxe,READY
Hacksaw Gaming,hacksaw,hacksaw:TheLuxe94,The Luxe,READY
Hacksaw Gaming,hacksaw,hacksaw:TheLuxeHV,The Luxe H.V.,READY
Hacksaw Gaming,hacksaw,hacksaw:TheLuxeHV92,The Luxe H.V.,READY
Hacksaw Gaming,hacksaw,hacksaw:TheLuxeHV94,The Luxe H.V.,READY
Hacksaw Gaming,hacksaw,hacksaw:ThePerfectScratch,The Perfect Scratch,READY
Hacksaw Gaming,hacksaw,hacksaw:TheRespinners,The Respinners,READY
Hacksaw Gaming,hacksaw,hacksaw:TheWildwoodCurse,The Wildwood Curse,MATCHED_NO_ARTWORK
Hacksaw Gaming,hacksaw,hacksaw:TheWildwoodCurse92,The Wildwood Curse,MATCHED_NO_ARTWORK
Hacksaw Gaming,hacksaw,hacksaw:TheWildwoodCurse94,The Wildwood Curse,MATCHED_NO_ARTWORK
Hacksaw Gaming,hacksaw,hacksaw:TigerLegends,Tiger Legends,MATCHED_NO_ARTWORK
Hacksaw Gaming,hacksaw,hacksaw:TigerLegends92,Tiger Legends,MATCHED_NO_ARTWORK
Hacksaw Gaming,hacksaw,hacksaw:TigerLegends94,Tiger Legends,MATCHED_NO_ARTWORK
Hacksaw Gaming,hacksaw,hacksaw:TigerScratch,Tiger Scratch,READY
Hacksaw Gaming,hacksaw,hacksaw:TimeSpinners,Time Spinners,READY
Hacksaw Gaming,hacksaw,hacksaw:TimeSpinners88,Time Spinners,READY
Hacksaw Gaming,hacksaw,hacksaw:TimeSpinners92,Time Spinners,READY
Hacksaw Gaming,hacksaw,hacksaw:TimeSpinners94,Time Spinners,READY
Hacksaw Gaming,hacksaw,hacksaw:ToshiVideoClub,Toshi Video Club,READY
Hacksaw Gaming,hacksaw,hacksaw:ToshiVideoClub88,Toshi Video Club,READY
Hacksaw Gaming,hacksaw,hacksaw:ToshiVideoClub92,Toshi Video Club,READY
Hacksaw Gaming,hacksaw,hacksaw:ToshiVideoClubrtp94,Toshi Video Club,READY
Hacksaw Gaming,hacksaw,hacksaw:ToshiWaysClub,Toshi Ways Club,READY
Hacksaw Gaming,hacksaw,hacksaw:ToshiWaysClub92,Toshi Ways Club,READY
Hacksaw Gaming,hacksaw,hacksaw:ToshiWaysClub94,Toshi Ways Club,READY
Hacksaw Gaming,hacksaw,hacksaw:TresPinatasHoldAndWin,Tres Pinatas Hold & Win,NOT_IN_CATALOGUE
Hacksaw Gaming,hacksaw,hacksaw:TresPinatasHoldAndWin92,Tres Pinatas Hold & Win,NOT_IN_CATALOGUE
Hacksaw Gaming,hacksaw,hacksaw:TresPinatasHoldAndWin94,Tres Pinatas Hold & Win,NOT_IN_CATALOGUE
Hacksaw Gaming,hacksaw,hacksaw:TwentyOne,Twenty-One,READY
Hacksaw Gaming,hacksaw,hacksaw:TwentyOne88,Twenty-One,READY
Hacksaw Gaming,hacksaw,hacksaw:TwentyOne92,Twenty-One,READY
Hacksaw Gaming,hacksaw,hacksaw:TwentyOne94,Twenty-One,READY
Hacksaw Gaming,hacksaw,hacksaw:TwentyOne97,Twenty-One,READY
Hacksaw Gaming,hacksaw,hacksaw:TwentyOne98,Twenty-One,READY
Hacksaw Gaming,hacksaw,hacksaw:TwistedLab88,Twisted Lab,READY
Hacksaw Gaming,hacksaw,hacksaw:TwistedLab92,Twisted Lab,READY
Hacksaw Gaming,hacksaw,hacksaw:TwistedLab94,Twisted Lab,READY
Hacksaw Gaming,hacksaw,hacksaw:TwistedLab96,Twisted Lab,READY
Hacksaw Gaming,hacksaw,hacksaw:UltimateSlotofAmerica88,Ultimate Slot of America,READY
Hacksaw Gaming,hacksaw,hacksaw:UltimateSlotofAmerica92,Ultimate Slot of America,READY
Hacksaw Gaming,hacksaw,hacksaw:UltimateSlotofAmerica94,Ultimate Slot of America,READY
Hacksaw Gaming,hacksaw,hacksaw:UltimateSlotofAmerica96,Ultimate Slot of America,READY
Hacksaw Gaming,hacksaw,hacksaw:UndeadFortune,Undead Fortune,READY
Hacksaw Gaming,hacksaw,hacksaw:UndeadFortune88,Undead Fortune,READY
Hacksaw Gaming,hacksaw,hacksaw:UndeadFortune92,Undead Fortune,READY
Hacksaw Gaming,hacksaw,hacksaw:UndeadFortune94,Undead Fortune,READY
Hacksaw Gaming,hacksaw,hacksaw:VendingMachine,Vending Machine,READY
Hacksaw Gaming,hacksaw,hacksaw:VendingMachine88,Vending Machine,READY
Hacksaw Gaming,hacksaw,hacksaw:VendingMachine92,Vending Machine,READY
Hacksaw Gaming,hacksaw,hacksaw:VendingMachine94,Vending Machine,READY
Hacksaw Gaming,hacksaw,hacksaw:WantedDeadoraWild,Wanted Dead or a Wild,READY
Hacksaw Gaming,hacksaw,hacksaw:WantedDeadoraWild88,Wanted Dead or a Wild,READY
Hacksaw Gaming,hacksaw,hacksaw:WantedDeadoraWild92,Wanted Dead or a Wild,READY
Hacksaw Gaming,hacksaw,hacksaw:WantedDeadoraWild94,Wanted Dead or a Wild,READY
Hacksaw Gaming,hacksaw,hacksaw:WarriorWays,Warrior Ways,READY
Hacksaw Gaming,hacksaw,hacksaw:WarriorWays88,Warrior Ways,READY
Hacksaw Gaming,hacksaw,hacksaw:WarriorWays92,Warrior Ways,READY
Hacksaw Gaming,hacksaw,hacksaw:WarriorWays94,Warrior Ways,READY
Hacksaw Gaming,hacksaw,hacksaw:Wheel,Wheel,READY
Hacksaw Gaming,hacksaw,hacksaw:Wheel88,Wheel,READY
Hacksaw Gaming,hacksaw,hacksaw:Wheel92,Wheel,READY
Hacksaw Gaming,hacksaw,hacksaw:Wheel94,Wheel,READY
Hacksaw Gaming,hacksaw,hacksaw:Wheel97,Wheel,READY
Hacksaw Gaming,hacksaw,hacksaw:Wheel98,Wheel,READY
Hacksaw Gaming,hacksaw,hacksaw:WickedGrin,Wicked Grin,NOT_IN_CATALOGUE
Hacksaw Gaming,hacksaw,hacksaw:WickedGrin92,Wicked Grin,NOT_IN_CATALOGUE
Hacksaw Gaming,hacksaw,hacksaw:WickedGrin94,Wicked Grin,NOT_IN_CATALOGUE
Hacksaw Gaming,hacksaw,hacksaw:WingsOfHorus,Wings of Horus,READY
Hacksaw Gaming,hacksaw,hacksaw:WingsOfHorus88,Wings of Horus,READY
Hacksaw Gaming,hacksaw,hacksaw:WingsOfHorus92,Wings of Horus,READY
Hacksaw Gaming,hacksaw,hacksaw:WingsOfHorus94,Wings of Horus,READY
Hacksaw Gaming,hacksaw,hacksaw:Wishbringer,Wishbringer,READY
Hacksaw Gaming,hacksaw,hacksaw:Wishbringer88,Wishbringer,READY
Hacksaw Gaming,hacksaw,hacksaw:Wishbringer92,Wishbringer,READY
Hacksaw Gaming,hacksaw,hacksaw:Wishbringer94,Wishbringer,READY
Hacksaw Gaming,hacksaw,hacksaw:XmasDrop,Xmas Drop,READY
Hacksaw Gaming,hacksaw,hacksaw:XmasDrop88,Xmas Drop,READY
Hacksaw Gaming,hacksaw,hacksaw:XmasDrop92,Xmas Drop,READY
Hacksaw Gaming,hacksaw,hacksaw:XmasDrop94,Xmas Drop,READY
Hacksaw Gaming,hacksaw,hacksaw:Xpander,Xpander,READY
Hacksaw Gaming,hacksaw,hacksaw:Xpander88,Xpander,READY
Hacksaw Gaming,hacksaw,hacksaw:Xpander92,Xpander,READY
Hacksaw Gaming,hacksaw,hacksaw:ZeZeus88,Ze Zeus,READY
Hacksaw Gaming,hacksaw,hacksaw:ZeZeus92,Ze Zeus,READY
Hacksaw Gaming,hacksaw,hacksaw:ZeZeus94,Ze Zeus,READY
Hacksaw Gaming,hacksaw,hacksaw:ZeZeus96,Ze Zeus,READY
Hacksaw Gaming,hacksaw,hacksaw:ZeusZeZecond,Zeus Ze Zecond,READY
Hacksaw Gaming,hacksaw,hacksaw:ZeusZeZecond92,Zeus Ze Zecond,READY
Hacksaw Gaming,hacksaw,hacksaw:ZeusZeZecond94,Zeus Ze Zecond,READY
Playtech,playtech,playtech:1OfAKind,1-Of-A-Kind,NOT_IN_CATALOGUE
Playtech,playtech,playtech:1ofaKindA1,1-Of-A-Kind,NOT_IN_CATALOGUE
Playtech,playtech,playtech:1OfAKindC1,1-Of-A-Kind,NOT_IN_CATALOGUE
Playtech,playtech,playtech:3CardBrag,3 Card Brag,NOT_IN_CATALOGUE
Playtech,playtech,playtech:4CashPlanesMultiplayer,4 Cash Planes: Multiplayer,NOT_IN_CATALOGUE
Playtech,playtech,playtech:4CrazyCluckers,4 Crazy Cluckers,NOT_IN_CATALOGUE
Playtech,playtech,playtech:4CrazyCluckersB1,4 Crazy Cluckers,NOT_IN_CATALOGUE
Playtech,playtech,playtech:4CrazyCluckersC1,4 Crazy Cluckers,NOT_IN_CATALOGUE
Playtech,playtech,playtech:4CrazyCluckersPowerPlayJackpot,4 Crazy Cluckers: PowerPlay Jackpot,NOT_IN_CATALOGUE
Playtech,playtech,playtech:9StarsAblaze,9 Stars Ablaze,NOT_IN_CATALOGUE
Playtech,playtech,playtech:9StarsAblazeB1,9 Stars Ablaze,NOT_IN_CATALOGUE
Playtech,playtech,playtech:9StarsAblazeC1,9 Stars Ablaze,NOT_IN_CATALOGUE
Playtech,playtech,playtech:15Diamonds,15 Diamonds,NOT_IN_CATALOGUE
Playtech,playtech,playtech:15DiamondsB1,15 Diamonds,NOT_IN_CATALOGUE
Playtech,playtech,playtech:15StarsAblaze,15 Stars Ablaze,NOT_IN_CATALOGUE
Playtech,playtech,playtech:15StarsAblazeB1,15 Stars Ablaze,NOT_IN_CATALOGUE
Playtech,playtech,playtech:15StarsAblazeC1,15 Stars Ablaze,NOT_IN_CATALOGUE
Playtech,playtech,playtech:20StarsAblaze,20 Stars Ablaze,NOT_IN_CATALOGUE
Playtech,playtech,playtech:20StarsAblazeB1,20 Stars Ablaze,NOT_IN_CATALOGUE
Playtech,playtech,playtech:20StarsAblazeC1,20 Stars Ablaze,NOT_IN_CATALOGUE
Playtech,playtech,playtech:28Mansions,28 Mansions,READY
Playtech,playtech,playtech:81GoldCascade,81 Gold Cascade,READY
Playtech,playtech,playtech:81GoldCascadeA1,81 Gold Cascade,READY
Playtech,playtech,playtech:81GoldCascadeB1,81 Gold Cascade,READY
Playtech,playtech,playtech:81GoldCascadeC1,81 Gold Cascade,READY
Playtech,playtech,playtech:81JokerHotReels,81 Joker Hot Reels,NOT_IN_CATALOGUE
Playtech,playtech,playtech:81JokerHotReelsB1,81 Joker Hot Reels,NOT_IN_CATALOGUE
Playtech,playtech,playtech:81JokerHotReelsC1,81 Joker Hot Reels,NOT_IN_CATALOGUE
Playtech,playtech,playtech:81MahjongCascade,81 Mahjong Cascade,NOT_IN_CATALOGUE
Playtech,playtech,playtech:101Roulette,101 Roulette,READY
Playtech,playtech,playtech:nightout,A Night Out,READY
Playtech,playtech,playtech:AbsolutelyMammoth,Absolutely Mammoth,READY
Playtech,playtech,playtech:AbsolutelyMammothL95,Absolutely Mammoth,READY
Playtech,playtech,playtech:AbsolutelyMammothPA,Absolutely Mammoth,READY
Playtech,playtech,playtech:AbsolutelyMammothPowerPlayJackpot,Absolutely Mammoth Power Play Jackpot,NOT_IN_CATALOGUE
Playtech,playtech,playtech:AcesandFacesMultihand,Aces and Faces Multi-hand,NOT_IN_CATALOGUE
Playtech,playtech,playtech:AdventuresBeyondWonderland,Adventures Beyond Wonderland,NOT_IN_CATALOGUE
Playtech,playtech,playtech:AdventuresBeyondWonderlandBrasil,Adventures Beyond Wonderland Brasil,NOT_IN_CATALOGUE
Playtech,playtech,playtech:AdventuresBeyondWonderlandLive,Adventures Beyond Wonderland Live,READY
Playtech,playtech,playtech:AgeofEgypt,Age of Egypt,READY
Playtech,playtech,playtech:AgeoftheDogs,Age of the Dogs,NOT_IN_CATALOGUE
Playtech,playtech,playtech:AgeoftheDogsA1,Age of the Dogs,NOT_IN_CATALOGUE
Playtech,playtech,playtech:AgeoftheDogsB1,Age of the Dogs,NOT_IN_CATALOGUE
Playtech,playtech,playtech:AgeoftheDogsC1,Age of the Dogs,NOT_IN_CATALOGUE
Playtech,playtech,playtech:AgeoftheGods,Age of the Gods,READY
Playtech,playtech,playtech:AgeoftheGodsAgeoftheGods,Age of the Gods,READY
Playtech,playtech,playtech:AgeoftheGodsNorseBookofDwarves,Age of the Gods Norse: Book of Dwarves,READY
Playtech,playtech,playtech:AgeoftheGodsNorseGodsandGiants,Age of the Gods Norse: Gods and Giants,NOT_IN_CATALOGUE
Playtech,playtech,playtech:AgeoftheGodsKingofAsgard,Age of the Gods Norse: King of Asgard,NOT_IN_CATALOGUE
Playtech,playtech,playtech:AgeoftheGodsNorseNorseLegends,Age of the Gods Norse: Norse Legends,READY
Playtech,playtech,playtech:AgeoftheGodsNorseWaysofThunder,Age of the Gods Norse: Ways of Thunder,READY
Playtech,playtech,playtech:AgeOfTheGodsScratch,Age Of The Gods Scratch,NOT_IN_CATALOGUE
Playtech,playtech,playtech:AgeoftheGodsAmazonWild,Age of the Gods: Amazon Wild,READY
Playtech,playtech,playtech:AgeoftheGodsAmazonWildB1,Age of the Gods: Amazon Wild,READY
Playtech,playtech,playtech:AgeoftheGodsAmazonWildC1,Age of the Gods: Amazon Wild,READY
Playtech,playtech,playtech:AgeoftheGodsApolloPower,Age of the Gods: Apollo Power,NOT_IN_CATALOGUE
Playtech,playtech,playtech:AgeOfTheGodsBookOfOracle,Age of the Gods: Book of Oracle,READY
Playtech,playtech,playtech:AgeoftheGodsCashCollect,Age of the Gods: Cash Collect,NOT_IN_CATALOGUE
Playtech,playtech,playtech:AgeoftheGodsCashCollectB1,Age of the Gods: Cash Collect,NOT_IN_CATALOGUE
Playtech,playtech,playtech:AgeoftheGodsCashCollectC1,Age of the Gods: Cash Collect,NOT_IN_CATALOGUE
Playtech,playtech,playtech:AgeoftheGodsEpicTroy,Age of the Gods: Epic Troy,READY
Playtech,playtech,playtech:AgeoftheGodsFurious4A1,Age of the Gods: Furious 4,READY
Playtech,playtech,playtech:FuriousFour,Age of the Gods: Furious 4,READY
Playtech,playtech,playtech:AgeoftheGodsGloriousGriffin,Age of the Gods: Glorious Griffin,READY
Playtech,playtech,playtech:AgeoftheGodsGodofStorms,Age of the Gods: God of Storms,NOT_IN_CATALOGUE
Playtech,playtech,playtech:AgeoftheGodsGodofStorms1,Age of the Gods: God of Storms,NOT_IN_CATALOGUE
Playtech,playtech,playtech:AgeoftheGodsGodofStorms3,Age of the Gods: God of Storms 3,READY
Playtech,playtech,playtech:AgeoftheGodsGodofStorms39582,Age of the Gods: God of Storms 3,READY
Playtech,playtech,playtech:AgeoftheGodsGodofStormsB1,Age of the Gods: God of Storms 3,READY
Playtech,playtech,playtech:AgeoftheGodsGodofStormsFireBlaze,Age of the Gods: God of Storms Fire Blaze,NOT_IN_CATALOGUE
Playtech,playtech,playtech:AgeoftheGodsGodofStormsFireBlazeA1,Age of the Gods: God of Storms Fire Blaze,NOT_IN_CATALOGUE
Playtech,playtech,playtech:AgeoftheGodsGodofStormsFireBlazeB1,Age of the Gods: God of Storms Fire Blaze,NOT_IN_CATALOGUE
Playtech,playtech,playtech:AgeoftheGodsGodofStormsFireBlazeC1,Age of the Gods: God of Storms Fire Blaze,NOT_IN_CATALOGUE
Playtech,playtech,playtech:AgeoftheGodsGodofStormsII,Age of the Gods: God of Storms II,NOT_IN_CATALOGUE
Playtech,playtech,playtech:AgeoftheGodsGoldTrio,Age of the Gods: Gold Trio,NOT_IN_CATALOGUE
Playtech,playtech,playtech:AgeoftheGodsGoldTrioA1,Age of the Gods: Gold Trio,NOT_IN_CATALOGUE
Playtech,playtech,playtech:AgeoftheGodsGoldTrioB1,Age of the Gods: Gold Trio,NOT_IN_CATALOGUE
Playtech,playtech,playtech:AgeoftheGodsGoldTrioC1,Age of the Gods: Gold Trio,NOT_IN_CATALOGUE
Playtech,playtech,playtech:AgeoftheGodsHelios,Age of the Gods: Helios,READY
Playtech,playtech,playtech:AgeoftheGodsHeliosA1,Age of the Gods: Helios,READY
Playtech,playtech,playtech:AgeoftheGodsHeliosB1,Age of the Gods: Helios,READY
Playtech,playtech,playtech:AgeoftheGodsHeliosFBB1,Age of the Gods: Helios,READY
Playtech,playtech,playtech:AgeoftheGodsHerculesRules,Age of the Gods: Hercules Rules,NOT_IN_CATALOGUE
Playtech,playtech,playtech:AgeoftheGodsKeno,Age of the Gods: Keno,NOT_IN_CATALOGUE
Playtech,playtech,playtech:AgeoftheGodsKeno96,Age of the Gods: Keno,NOT_IN_CATALOGUE
Playtech,playtech,playtech:KingofOlympus,Age of the Gods: King of Olympus,NOT_IN_CATALOGUE
Playtech,playtech,playtech:KingofOlympus92,Age of the Gods: King of Olympus,NOT_IN_CATALOGUE
Playtech,playtech,playtech:AgeoftheGodsKingofOlympusFireBlazeXtreme,Age of the Gods: King of Olympus Fire Blaze Xtreme,READY
Playtech,playtech,playtech:AgeoftheGodsKingofOlympusFireBlazeXtremeA1,Age of the Gods: King of Olympus Fire Blaze Xtreme,READY
Playtech,playtech,playtech:AgeoftheGodsKingofOlympusFireBlazeXtremeB1,Age of the Gods: King of Olympus Fire Blaze Xtreme,READY
Playtech,playtech,playtech:AgeoftheGodsKingofOlympusFireBlazeXtremeC1,Age of the Gods: King of Olympus Fire Blaze Xtreme,READY
Playtech,playtech,playtech:AgeoftheGodsKingofOlympusMegaways,Age of the Gods: King of Olympus Megaways,NOT_IN_CATALOGUE
Playtech,playtech,playtech:AgeoftheGodsKingofOlympusMegaways95,Age of the Gods: King of Olympus Megaways,NOT_IN_CATALOGUE
Playtech,playtech,playtech:AgeoftheGodsKingofOlympusMegawaysB1,Age of the Gods: King of Olympus Megaways,NOT_IN_CATALOGUE
Playtech,playtech,playtech:AgeoftheGodsKingofOlympusMegawaysC1,Age of the Gods: King of Olympus Megaways,NOT_IN_CATALOGUE
Playtech,playtech,playtech:AgeoftheGodsMazeKeeper,Age of the Gods: Maze Keeper,NOT_IN_CATALOGUE
Playtech,playtech,playtech:AgeoftheGodsMazeKeeper95,Age of the Gods: Maze Keeper,NOT_IN_CATALOGUE
Playtech,playtech,playtech:AgeoftheGodsMedusaandMonsters,Age of the Gods: Medusa & Monsters,READY
Playtech,playtech,playtech:AgeoftheGodsMightyMidas,Age of the Gods: Mighty Midas,NOT_IN_CATALOGUE
Playtech,playtech,playtech:PrinceofOlympus,Age of the Gods: Prince of Olympus,READY
Playtech,playtech,playtech:AgeOftheGodsRulerOfDead,Age of the Gods: Ruler of Dead,NOT_IN_CATALOGUE
Playtech,playtech,playtech:AgeoftheGodsRuleroftheSeas,Age of the Gods: Ruler of the Seas,READY
Playtech,playtech,playtech:AgeoftheGodsRuleroftheSky,Age of the Gods: Ruler of the Sky,READY
Playtech,playtech,playtech:AgeoftheGodsRulerofOlympus,Age of the Gods: Rulers of Olympus,READY
Playtech,playtech,playtech:AgeoftheGodsSpinaWin,Age of the Gods: Spin a Win,READY
Playtech,playtech,playtech:AgeoftheGodsWheelsofOlympus,Age of the Gods: Wheels of Olympus,READY
Playtech,playtech,playtech:AgeoftheGodsWonderWarrior,Age of the Gods: Wonder Warrior,NOT_IN_CATALOGUE
Playtech,playtech,playtech:AgeoftheGodsWonderWarriors,Age of the Gods: Wonder Warriors,NOT_IN_CATALOGUE
Playtech,playtech,playtech:AgeoftheGodsWheelofOlympus,Age of the Gods. Wheel of Olympus,NOT_IN_CATALOGUE
Playtech,playtech,playtech:AllbetsBlackjack,All bets Blackjack,NOT_IN_CATALOGUE
Playtech,playtech,playtech:AlohawaiiCashCollect91,Alohawaii Cash Collect,READY
Playtech,playtech,playtech:AlohawaiiCashCollect95,Alohawaii: Cash Collect,READY
Playtech,playtech,playtech:AmericanRoulette,American Speed Roulette,NOT_IN_CATALOGUE
Playtech,playtech,playtech:AnacondaUncoiled,Anaconda Uncoiled,READY
Playtech,playtech,playtech:AnacondaUncoiled93,Anaconda Uncoiled,READY
Playtech,playtech,playtech:AnacondaUncoiled95,Anaconda Uncoiled,READY
Playtech,playtech,playtech:AnacondaWild,Anaconda Wild,READY
Playtech,playtech,playtech:AnacondaWild2,Anaconda Wild 2,READY
Playtech,playtech,playtech:AnacondaWild2PowerPlay,Anaconda Wild 2 Power Play,NOT_IN_CATALOGUE
Playtech,playtech,playtech:AnacondaWildScratch,Anaconda Wild Scratch,NOT_IN_CATALOGUE
Playtech,playtech,playtech:AndarBahar,Andar Bahar,READY
Playtech,playtech,playtech:AnimalInstinct,Animal Instinct,NOT_IN_CATALOGUE
Playtech,playtech,playtech:AnimalInstinct91,Animal Instinct,NOT_IN_CATALOGUE
Playtech,playtech,playtech:AnimalInstinct95,Animal Instinct,NOT_IN_CATALOGUE
Playtech,playtech,playtech:ArabicRoulette,Arabic Roulette,NOT_IN_CATALOGUE
Playtech,playtech,playtech:Archer,Archer,READY
Playtech,playtech,playtech:Archer96,Archer,READY
Playtech,playtech,playtech:ArowanasLuck,Arowanas Luck,READY
Playtech,playtech,playtech:AtlantisCashCollect,Atlantis Cash Collect,NOT_IN_CATALOGUE
Playtech,playtech,playtech:AtlantisCashCollectL95,Atlantis: Cash Collect,NOT_IN_CATALOGUE
Playtech,playtech,playtech:Slingshot,Auto Roulette,OTHER_PROVIDER
Playtech,playtech,playtech:AutoRoulette2,Auto Roulette 2,READY
Playtech,playtech,playtech:AztecExpeditionThundershots,Aztec Expedition Thundershots,READY
Playtech,playtech,playtech:AztecFruits,Aztec Fruits,READY
Playtech,playtech,playtech:AztecFruitsA1,Aztec Fruits,READY
Playtech,playtech,playtech:AztecFruitsB1,Aztec Fruits,READY
Playtech,playtech,playtech:AztecFruitsC1,Aztec Fruits,READY
Playtech,playtech,playtech:AztecaBonusLines,Azteca Bonus Lines,READY
Playtech,playtech,playtech:AztecaBonusLines90,Azteca Bonus Lines,READY
Playtech,playtech,playtech:AztecaBonusLinesPowerPlayJackpot,Azteca Bonus Lines: PowerPlay Jackpot,NOT_IN_CATALOGUE
Playtech,playtech,playtech:AztecaBonusLines94,Azteca: Bonus Lines,READY
Playtech,playtech,playtech:AztecaCashCollect,Azteca: Cash Collect,READY
Playtech,playtech,playtech:AztecaCashCollect90,Azteca: Cash Collect,READY
Playtech,playtech,playtech:AztecaCashCollect95,Azteca: Cash Collect,READY
Playtech,playtech,playtech:AztecaCashCollectFB,Azteca: Cash Collect FB,NOT_IN_CATALOGUE
Playtech,playtech,playtech:BaaBaaBaa,"Baa, Baa, Baa",READY
Playtech,playtech,playtech:BaaBaaBaaA1,"Baa, Baa, Baa",READY
Playtech,playtech,playtech:BaaBaaBaaB1,"Baa, Baa, Baa",READY
Playtech,playtech,playtech:BaaBaaBaaC1,"Baa, Baa, Baa",READY
Playtech,playtech,playtech:BaccaratandSicboLobby,Baccarat & Sicbo Lobby,NOT_IN_CATALOGUE
Playtech,playtech,playtech:SpeedBaccarat2,Baccarat Brasileira,NOT_IN_CATALOGUE
Playtech,playtech,playtech:SpeedBaccarat2NC,Baccarat Brasileira NC,NOT_IN_CATALOGUE
Playtech,playtech,playtech:BaccaratRapidoBrasilero,Baccarat Rapido Brasilero,NOT_IN_CATALOGUE
Playtech,playtech,playtech:BaccaratRapidoBrasileroNC,Baccarat Rapido Brasilero NC,NOT_IN_CATALOGUE
Playtech,playtech,playtech:SoireeBlackjack1,Baccarat Soirée,NOT_IN_CATALOGUE
Playtech,playtech,playtech:BaccaratSoireeNC,Baccarat Soirée NC,NOT_IN_CATALOGUE
Playtech,playtech,playtech:BaccaratVZN1,Baccarat VZN 1,NOT_IN_CATALOGUE
Playtech,playtech,playtech:BaccaratVZN2,Baccarat VZN 2,NOT_IN_CATALOGUE
Playtech,playtech,playtech:BaccaratVZN3,Baccarat VZN 3,NOT_IN_CATALOGUE
Playtech,playtech,playtech:BaiShi,Bai Shi,READY
Playtech,playtech,playtech:BancaFrancesa,Banca Francesa,NOT_IN_CATALOGUE
Playtech,playtech,playtech:BeachLife,Beach Life,NOT_IN_CATALOGUE
Playtech,playtech,playtech:BearBuzz,Bear Buzz,NOT_IN_CATALOGUE
Playtech,playtech,playtech:BearBuzzA1,Bear Buzz,NOT_IN_CATALOGUE
Playtech,playtech,playtech:BearBuzzB1,Bear Buzz,NOT_IN_CATALOGUE
Playtech,playtech,playtech:BearBuzzC1,Bear Buzz,NOT_IN_CATALOGUE
Playtech,playtech,playtech:BeeFrenzy,Bee Frenzy,READY
Playtech,playtech,playtech:BellagioLiveBaccarat,Bellagio Live Baccarat,NOT_IN_CATALOGUE
Playtech,playtech,playtech:BellagioLiveRoulette,Bellagio Live Roulette,NOT_IN_CATALOGUE
Playtech,playtech,playtech:BermudaTriangle,Bermuda Triangle,READY
Playtech,playtech,playtech:BerryBerryBonanza,Berry Berry Bonanza,READY
Playtech,playtech,playtech:BetOnDragonTiger,Bet On Dragon Tiger,READY
Playtech,playtech,playtech:BetterWilds,Better Wilds,READY
Playtech,playtech,playtech:BetterWildsPowerPlay,Better Wilds PowerPlay Jackpot,NOT_IN_CATALOGUE
Playtech,playtech,playtech:BigBadTowers,Big Bad Towers,NOT_IN_CATALOGUE
Playtech,playtech,playtech:BigBadTowersA1,Big Bad Towers,NOT_IN_CATALOGUE
Playtech,playtech,playtech:BigBadTowersB1,Big Bad Towers,NOT_IN_CATALOGUE
Playtech,playtech,playtech:BigBadTowersC1,Big Bad Towers,NOT_IN_CATALOGUE
Playtech,playtech,playtech:BigBadTowersD1,Big Bad Towers,NOT_IN_CATALOGUE
Playtech,playtech,playtech:BigBadWolfCashCollectLink,Big Bad Wolf: Cash Collect & Link,NOT_IN_CATALOGUE
Playtech,playtech,playtech:BigBadWolfCashCollectLinkB1,Big Bad Wolf: Cash Collect & Link,NOT_IN_CATALOGUE
Playtech,playtech,playtech:BigBadWolfCashCollectLinkC1,Big Bad Wolf: Cash Collect & Link,NOT_IN_CATALOGUE
Playtech,playtech,playtech:BigBadWolfCashCollectLinkBaconBeach,Big Bad Wolf: Cash Collect & Link - Bacon Beach,NOT_IN_CATALOGUE
Playtech,playtech,playtech:BigBadWolfCashCollectLinkBaconBeachB1,Big Bad Wolf: Cash Collect & Link - Bacon Beach,NOT_IN_CATALOGUE
Playtech,playtech,playtech:BigBadWolfCashCollectLinkBaconBeachC1,Big Bad Wolf: Cash Collect & Link - Bacon Beach,NOT_IN_CATALOGUE
Playtech,playtech,playtech:BigBadWolfCrashandCrumble,Big Bad Wolf: Crash & Crumble,READY
Playtech,playtech,playtech:BigBadWolfHighSteaks,Big Bad Wolf: High Steaks,NOT_IN_CATALOGUE
Playtech,playtech,playtech:BigBadWolfHighSteaksA1,Big Bad Wolf: High Steaks,NOT_IN_CATALOGUE
Playtech,playtech,playtech:BigBadWolfHighSteaksB1,Big Bad Wolf: High Steaks,NOT_IN_CATALOGUE
Playtech,playtech,playtech:BigBadWolfHighSteaksC1,Big Bad Wolf: High Steaks,NOT_IN_CATALOGUE
Playtech,playtech,playtech:BigShots,Big Shots,READY
Playtech,playtech,playtech:BigSumo,Big Sumo,NOT_IN_CATALOGUE
Playtech,playtech,playtech:BigSumoA1,Big Sumo,NOT_IN_CATALOGUE
Playtech,playtech,playtech:BigSumoB1,Big Sumo,NOT_IN_CATALOGUE
Playtech,playtech,playtech:BigSumoC1,Big Sumo,NOT_IN_CATALOGUE
Playtech,playtech,playtech:BlackbeardsHoardCashSacks,Blackbeard’s Hoard Cash Sacks,NOT_IN_CATALOGUE
Playtech,playtech,playtech:BlackbeardsHoardCashSacksA1,Blackbeard’s Hoard Cash Sacks,NOT_IN_CATALOGUE
Playtech,playtech,playtech:BlackbeardsHoardCashSacksB1,Blackbeard’s Hoard Cash Sacks,NOT_IN_CATALOGUE
Playtech,playtech,playtech:BlackbeardsHoardCashSacksC1,Blackbeard’s Hoard Cash Sacks,NOT_IN_CATALOGUE
Playtech,playtech,playtech:Blackjack1,Blackjack 1,OTHER_PROVIDER
Playtech,playtech,playtech:Blackjack2,Blackjack 2,NOT_IN_CATALOGUE
Playtech,playtech,playtech:Blackjack3,Blackjack 3,NOT_IN_CATALOGUE
Playtech,playtech,playtech:Blackjack4,Blackjack 4,NOT_IN_CATALOGUE
Playtech,playtech,playtech:Blackjack5,Blackjack 5,NOT_IN_CATALOGUE
Playtech,playtech,playtech:Blackjack6,Blackjack 6,READY
Playtech,playtech,playtech:Blackjack7,Blackjack 7,READY
Playtech,playtech,playtech:Blackjack9,Blackjack 9,NOT_IN_CATALOGUE
Playtech,playtech,playtech:Blackjack10,Blackjack 10,OTHER_PROVIDER
Playtech,playtech,playtech:BlackjackemPortugues1,Blackjack em Português 1,NOT_IN_CATALOGUE
Playtech,playtech,playtech:BlackjackemPortugues2,Blackjack em Português 2,NOT_IN_CATALOGUE
Playtech,playtech,playtech:BlackjackemPortugues3,Blackjack em Português 3,NOT_IN_CATALOGUE
Playtech,playtech,playtech:BlackjackItaliano1,Blackjack Italiano 1,NOT_IN_CATALOGUE
Playtech,playtech,playtech:BlackjackItalianoVIP,Blackjack Italiano VIP,NOT_IN_CATALOGUE
Playtech,playtech,playtech:BlackjackLINK,Blackjack LINK,NOT_IN_CATALOGUE
Playtech,playtech,playtech:BlackjackLobby,Blackjack Lobby,OTHER_PROVIDER
Playtech,playtech,playtech:BlackjackQuickseat,Blackjack Quickseat,NOT_IN_CATALOGUE
Playtech,playtech,playtech:SoireeEliteBlackjack1,Blackjack Soirée 1,NOT_IN_CATALOGUE
Playtech,playtech,playtech:SoireeEliteBlackjack2,Blackjack Soirée 2,NOT_IN_CATALOGUE
Playtech,playtech,playtech:SoireeEliteVIPBlackjack,Blackjack Soirée 3,NOT_IN_CATALOGUE
Playtech,playtech,playtech:BlackjackSoiree4,Blackjack Soiree 4,NOT_IN_CATALOGUE
Playtech,playtech,playtech:BlackjackSoireeGold1,Blackjack Soiree Gold 1,NOT_IN_CATALOGUE
Playtech,playtech,playtech:BlackjackSoireeGold2,Blackjack Soiree Gold 2,NOT_IN_CATALOGUE
Playtech,playtech,playtech:BlackjackSoireeGold3,Blackjack Soiree Gold 3,NOT_IN_CATALOGUE
Playtech,playtech,playtech:BlackjackSoireeGold4,Blackjack Soiree Gold 4,NOT_IN_CATALOGUE
Playtech,playtech,playtech:BlackjackVZN4,Blackjack VZN 4,NOT_IN_CATALOGUE
Playtech,playtech,playtech:BlackjackVZN5,Blackjack VZN 5,NOT_IN_CATALOGUE
Playtech,playtech,playtech:BlackjackVZN6,Blackjack VZN 6,NOT_IN_CATALOGUE
Playtech,playtech,playtech:BlackjackVZN7,Blackjack VZN 7,NOT_IN_CATALOGUE
Playtech,playtech,playtech:BlackjackVZN8,Blackjack VZN 8,NOT_IN_CATALOGUE
Playtech,playtech,playtech:BlackjackVZN9,Blackjack VZN 9,NOT_IN_CATALOGUE
Playtech,playtech,playtech:BlackjackVZN10,Blackjack VZN 10,NOT_IN_CATALOGUE
Playtech,playtech,playtech:BlazingBells,Blazing Bells,READY
Playtech,playtech,playtech:BlazingBellsPowerPlay,Blazing Bells: Power Play,NOT_IN_CATALOGUE
Playtech,playtech,playtech:BlazingRainbows,Blazing Rainbows,NOT_IN_CATALOGUE
Playtech,playtech,playtech:BlazingRainbows91,Blazing Rainbows,NOT_IN_CATALOGUE
Playtech,playtech,playtech:BlazingRainbows93,Blazing Rainbows,NOT_IN_CATALOGUE
Playtech,playtech,playtech:BlazingRainbows94,Blazing Rainbows,NOT_IN_CATALOGUE
Playtech,playtech,playtech:BlitzScratch,Blitz Scratch,NOT_IN_CATALOGUE
Playtech,playtech,playtech:BlueWizard,Blue Wizard,READY
Playtech,playtech,playtech:BlueWizardCashCollectAndLink,Blue Wizard: Cash Collect & Link,NOT_IN_CATALOGUE
Playtech,playtech,playtech:BlueWizardCashCollectAndLinkA1,Blue Wizard: Cash Collect & Link,NOT_IN_CATALOGUE
Playtech,playtech,playtech:BlueWizardCashCollectAndLinkB1,Blue Wizard: Cash Collect & Link,NOT_IN_CATALOGUE
Playtech,playtech,playtech:BlueWizardCashCollectAndLinkC1,Blue Wizard: Cash Collect & Link,NOT_IN_CATALOGUE
Playtech,playtech,playtech:BonusBears,Bonus Bears,READY
Playtech,playtech,playtech:BonusTrainBandit,Bonus Train Bandit,NOT_IN_CATALOGUE
Playtech,playtech,playtech:BookofKings,Book of Kings,READY
Playtech,playtech,playtech:BookofKings2PPJackpot,Book of Kings 2 PP Jackpot,NOT_IN_CATALOGUE
Playtech,playtech,playtech:BookOfKingsPowerPlay,Book of Kings: Power Play,NOT_IN_CATALOGUE
Playtech,playtech,playtech:BookofSakura,Book of Sakura,NOT_IN_CATALOGUE
Playtech,playtech,playtech:BookofSakuraA1,Book of Sakura,NOT_IN_CATALOGUE
Playtech,playtech,playtech:BookofSakuraC1,Book of Sakura,NOT_IN_CATALOGUE
Playtech,playtech,playtech:BRMegaFireBlazeAgeoftheGodsRouletteLive,BR Mega Fire Blaze Age of the Gods Roulette Live,NOT_IN_CATALOGUE
Playtech,playtech,playtech:BrawlersBarCashCollect,Brawlers Bar Cash Collect,NOT_IN_CATALOGUE
Playtech,playtech,playtech:BrawlersBarCashCollectA1,Brawlers Bar Cash Collect,NOT_IN_CATALOGUE
Playtech,playtech,playtech:BrawlersBarCashCollectB1,Brawlers Bar Cash Collect,NOT_IN_CATALOGUE
Playtech,playtech,playtech:BreachtheVault,Breach the Vault,NOT_IN_CATALOGUE
Playtech,playtech,playtech:BreachtheVaultA1,Breach the Vault,NOT_IN_CATALOGUE
Playtech,playtech,playtech:BreachtheVaultB1,Breach the Vault,NOT_IN_CATALOGUE
Playtech,playtech,playtech:BreakoutBob,Breakout Bob,READY
Playtech,playtech,playtech:BubblegumBurst,Bubblegum Burst,READY
Playtech,playtech,playtech:BubblegumBurstA1,Bubblegum Burst,READY
Playtech,playtech,playtech:BubblegumBurstB1,Bubblegum Burst,READY
Playtech,playtech,playtech:BubblegumBurstC1,Bubblegum Burst,READY
Playtech,playtech,playtech:BuccaneerBells,Buccaneer Bells,NOT_IN_CATALOGUE
Playtech,playtech,playtech:BuccaneerBlast,Buccaneer Blast,NOT_IN_CATALOGUE
Playtech,playtech,playtech:QuantumAutoRoulette,Bucharest Quantum Roulette,NOT_IN_CATALOGUE
Playtech,playtech,playtech:TriumphRoulette,Bucharest Roulette,OTHER_PROVIDER
Playtech,playtech,playtech:BucharestRouletteFrench,Bucharest Roulette French,NOT_IN_CATALOGUE
Playtech,playtech,playtech:BuffaloBlitz,Buffalo Blitz,NOT_IN_CATALOGUE
Playtech,playtech,playtech:BuffaloBlitz92,Buffalo Blitz,NOT_IN_CATALOGUE
Playtech,playtech,playtech:BuffaloBlitz94,Buffalo Blitz,NOT_IN_CATALOGUE
Playtech,playtech,playtech:BuffaloBlitzJP,Buffalo Blitz,NOT_IN_CATALOGUE
Playtech,playtech,playtech:BuffaloBlitz3,Buffalo Blitz 3,NOT_IN_CATALOGUE
Playtech,playtech,playtech:BuffaloBlitz3B1,Buffalo Blitz 3,NOT_IN_CATALOGUE
Playtech,playtech,playtech:BuffaloBlitz3C1,Buffalo Blitz 3,NOT_IN_CATALOGUE
Playtech,playtech,playtech:BuffaloBlitzII,Buffalo Blitz II,NOT_IN_CATALOGUE
Playtech,playtech,playtech:BuffaloBlitzII93,Buffalo Blitz II,NOT_IN_CATALOGUE
Playtech,playtech,playtech:BuffaloBlitzLive,Buffalo Blitz Live Slots,NOT_IN_CATALOGUE
Playtech,playtech,playtech:BuffaloBlitzShowEspana,Buffalo Blitz Show,NOT_IN_CATALOGUE
Playtech,playtech,playtech:BuffaloBlitzCashCollect,Buffalo Blitz: Cash Collect,NOT_IN_CATALOGUE
Playtech,playtech,playtech:BuffaloBlitzCashCollectB1,Buffalo Blitz: Cash Collect,NOT_IN_CATALOGUE
Playtech,playtech,playtech:BuffaloBlitzCashCollectC1,Buffalo Blitz: Cash Collect,NOT_IN_CATALOGUE
Playtech,playtech,playtech:BuffaloBlitzMegaMerge,Buffalo Blitz: Mega Merge,NOT_IN_CATALOGUE
Playtech,playtech,playtech:BuffaloBlitzMegaMerge1,Buffalo Blitz: Mega Merge,NOT_IN_CATALOGUE
Playtech,playtech,playtech:BuffaloBlitzMegaMergeC1,Buffalo Blitz: Mega Merge,NOT_IN_CATALOGUE
Playtech,playtech,playtech:BuffaloBlitzMegaways,Buffalo Blitz: Megaways,NOT_IN_CATALOGUE
Playtech,playtech,playtech:BuffaloBlitzMegaways1,Buffalo Blitz: Megaways,NOT_IN_CATALOGUE
Playtech,playtech,playtech:BuffaloBlitzMegawaysPA,Buffalo Blitz: Megaways,NOT_IN_CATALOGUE
Playtech,playtech,playtech:BullsEyeBanditsTripleWayJackpots,Bulls Eye Bandits Triple Way Jackpots,NOT_IN_CATALOGUE
Playtech,playtech,playtech:BullsEyeBanditsTripleWayJackpotsA1,Bulls Eye Bandits Triple Way Jackpots,NOT_IN_CATALOGUE
Playtech,playtech,playtech:BullsEyeBanditsTripleWayJackpotsB1,Bulls Eye Bandits Triple Way Jackpots,NOT_IN_CATALOGUE
Playtech,playtech,playtech:BullsEyeBanditsTripleWayJackpotsC1,Bulls Eye Bandits Triple Way Jackpots,NOT_IN_CATALOGUE
Playtech,playtech,playtech:BullsEyeBells,Bulls Eye Bells,READY
Playtech,playtech,playtech:BullsEyeBells93,Bulls Eye Bells,READY
Playtech,playtech,playtech:BullsEyeBells94,Bulls Eye Bells,READY
Playtech,playtech,playtech:BustedOrBailed,Busted Or Bailed,READY
Playtech,playtech,playtech:CaishenWays,Caishen Ways,NOT_IN_CATALOGUE
Playtech,playtech,playtech:CandyRoll,Candy Roll,NOT_IN_CATALOGUE
Playtech,playtech,playtech:CandyRollB1,Candy Roll,NOT_IN_CATALOGUE
Playtech,playtech,playtech:CandyRollC1,Candy Roll,NOT_IN_CATALOGUE
Playtech,playtech,playtech:CandyRollBF,Candy Roll BF,NOT_IN_CATALOGUE
Playtech,playtech,playtech:CannonballRiches,Cannonball Riches,NOT_IN_CATALOGUE
Playtech,playtech,playtech:CannonballRichesB1,Cannonball Riches,NOT_IN_CATALOGUE
Playtech,playtech,playtech:CannonballRichesC1,Cannonball Riches,NOT_IN_CATALOGUE
Playtech,playtech,playtech:CapitanoGalliano,Capitano Galliano,NOT_IN_CATALOGUE
Playtech,playtech,playtech:CapitanoGallianoB1,Capitano Galliano,NOT_IN_CATALOGUE
Playtech,playtech,playtech:CapitaoGalliano,Capitão Galliano,NOT_IN_CATALOGUE
Playtech,playtech,playtech:CaptainTreasure,Captain's Treasure,READY
Playtech,playtech,playtech:Caribbean,Caribbean Stud Poker,READY
Playtech,playtech,playtech:CascadingCave,Cascading Cave,READY
Playtech,playtech,playtech:CashCollectRouletteLive,Cash Collect Roulette Live,NOT_IN_CATALOGUE
Playtech,playtech,playtech:CashCollectScratch,Cash Collect Scratch,NOT_IN_CATALOGUE
Playtech,playtech,playtech:CashCollectRoulette,Cash Collect: Roulette,NOT_IN_CATALOGUE
Playtech,playtech,playtech:CashFortress,Cash Fortress,NOT_IN_CATALOGUE
Playtech,playtech,playtech:CashFortressA1,Cash Fortress,NOT_IN_CATALOGUE
Playtech,playtech,playtech:CashFortressB1,Cash Fortress,NOT_IN_CATALOGUE
Playtech,playtech,playtech:CashFortressC1,Cash Fortress,NOT_IN_CATALOGUE
Playtech,playtech,playtech:CASHIT,CASH IT,NOT_IN_CATALOGUE
Playtech,playtech,playtech:CashItMultiplayer,Cash It Multiplayer,NOT_IN_CATALOGUE
Playtech,playtech,playtech:CashItMultiplayerDoubleHeat,Cash It Multiplayer: Double Heat,NOT_IN_CATALOGUE
Playtech,playtech,playtech:CashPlaneX5000,Cash Plane X5000,NOT_IN_CATALOGUE
Playtech,playtech,playtech:CashRevealCredits,Cash Reveal,READY
Playtech,playtech,playtech:CashRevealCreditsB1,Cash Reveal,READY
Playtech,playtech,playtech:BlackjackCashback,Cashback Blackjack,NOT_IN_CATALOGUE
Playtech,playtech,playtech:CasinoCharms,Casino Charms,NOT_IN_CATALOGUE
Playtech,playtech,playtech:CasinoHoldEm,Casino Hold 'Em,OTHER_PROVIDER
Playtech,playtech,playtech:CasinoHoldemLive,Casino Hold'em,OTHER_PROVIDER
Playtech,playtech,playtech:CasinoStudPoker,Casino Stud Poker,OTHER_PROVIDER
Playtech,playtech,playtech:CatQueen,Cat Queen,NOT_IN_CATALOGUE
Playtech,playtech,playtech:ChilliEruptionThundershots,Chili Eruption Thundershots,READY
Playtech,playtech,playtech:ChilliXtreme,Chilli Xtreme,NOT_IN_CATALOGUE
Playtech,playtech,playtech:ChilliXtreme95,Chilli Xtreme,NOT_IN_CATALOGUE
Playtech,playtech,playtech:ChilliXtremePowerplay,Chilli Xtreme Powerplay,NOT_IN_CATALOGUE
Playtech,playtech,playtech:ChineseKitchen,Chinese Kitchen,NOT_IN_CATALOGUE
Playtech,playtech,playtech:ChristmasJackpotBells,Christmas Jackpot Bells,NOT_IN_CATALOGUE
Playtech,playtech,playtech:CircuitShock,Circuit Shock,NOT_IN_CATALOGUE
Playtech,playtech,playtech:CircuitShockA1,Circuit Shock,NOT_IN_CATALOGUE
Playtech,playtech,playtech:CircuitShockB1,Circuit Shock,NOT_IN_CATALOGUE
Playtech,playtech,playtech:CircuitShockC1,Circuit Shock,NOT_IN_CATALOGUE
Playtech,playtech,playtech:CircusLaunch,Circus Launch,NOT_IN_CATALOGUE
Playtech,playtech,playtech:ClassicRoulette,Classic Roulette,NOT_IN_CATALOGUE
Playtech,playtech,playtech:CloverFlip,Clover Flip,NOT_IN_CATALOGUE
Playtech,playtech,playtech:CloverFlipA1,Clover Flip,NOT_IN_CATALOGUE
Playtech,playtech,playtech:CloverFlipB1,Clover Flip,NOT_IN_CATALOGUE
Playtech,playtech,playtech:CloverFlipC1,Clover Flip,NOT_IN_CATALOGUE
Playtech,playtech,playtech:CluckIt,Cluck It,NOT_IN_CATALOGUE
Playtech,playtech,playtech:CoinCoinCoin,Coin Coin Coin,NOT_IN_CATALOGUE
Playtech,playtech,playtech:CoinFallTheBigFreeze,CoinFall: The Big Freeze,NOT_IN_CATALOGUE
Playtech,playtech,playtech:CoinFallTheBigFreezeA1,CoinFall: The Big Freeze,NOT_IN_CATALOGUE
Playtech,playtech,playtech:CoinFallTheBigFreezeB1,CoinFall: The Big Freeze,NOT_IN_CATALOGUE
Playtech,playtech,playtech:CoinFallTheBigFreezeC1,CoinFall: The Big Freeze,NOT_IN_CATALOGUE
Playtech,playtech,playtech:CollectOrbsWildWestWilds,Collect Orbs: Wild West Wilds,NOT_IN_CATALOGUE
Playtech,playtech,playtech:CollectOrbsWildWestWildsA1,Collect Orbs: Wild West Wilds,NOT_IN_CATALOGUE
Playtech,playtech,playtech:CollectOrbsWildWestWildsB1,Collect Orbs: Wild West Wilds,NOT_IN_CATALOGUE
Playtech,playtech,playtech:CollectOrbsWildWestWildsC1,Collect Orbs: Wild West Wilds,NOT_IN_CATALOGUE
Playtech,playtech,playtech:CougarBlitz,Cougar Blitz,NOT_IN_CATALOGUE
Playtech,playtech,playtech:CougarBlitzb1,Cougar Blitz,NOT_IN_CATALOGUE
Playtech,playtech,playtech:Craps,Craps,OTHER_PROVIDER
Playtech,playtech,playtech:Crazy7,Crazy 7,NOT_IN_CATALOGUE
Playtech,playtech,playtech:CrocodileBlitz,Crocodile Blitz,NOT_IN_CATALOGUE
Playtech,playtech,playtech:CrocodileBlitz1,Crocodile Blitz,NOT_IN_CATALOGUE
Playtech,playtech,playtech:CrocodileBlitzB1,Crocodile Blitz,NOT_IN_CATALOGUE
Playtech,playtech,playtech:CrocodileBlitzC1,Crocodile Blitz,NOT_IN_CATALOGUE
Playtech,playtech,playtech:CrystalLotuses,Crystal Lotuses,NOT_IN_CATALOGUE
Playtech,playtech,playtech:CrystalLotuses90,Crystal Lotuses,NOT_IN_CATALOGUE
Playtech,playtech,playtech:CrystalLotuses92,Crystal Lotuses,NOT_IN_CATALOGUE
Playtech,playtech,playtech:CrystalLotuses94,Crystal Lotuses,NOT_IN_CATALOGUE
Playtech,playtech,playtech:CurseofAnibus,Curse of Anubis,READY
Playtech,playtech,playtech:DaVincisVault,Da Vinci's Vault,NOT_IN_CATALOGUE
Playtech,playtech,playtech:DealorNoDealTheBigDraw,Deal or No Deal: The Big Draw,READY
Playtech,playtech,playtech:DesertTreasure,Desert Treasure,READY
Playtech,playtech,playtech:DeutschesBlackjack,Deutsches Blackjack,NOT_IN_CATALOGUE
Playtech,playtech,playtech:SpeedRoulette,Deutsches Speed Roulette,NOT_IN_CATALOGUE
Playtech,playtech,playtech:DevilWilds,Devil Wilds,READY
Playtech,playtech,playtech:DevilWilds93,Devil Wilds,READY
Playtech,playtech,playtech:DevilWilds95,Devil Wilds,READY
Playtech,playtech,playtech:DiamondBetRoulette,Diamond Bet Roulette,NOT_IN_CATALOGUE
Playtech,playtech,playtech:DiamondMatch,Diamond Match,NOT_IN_CATALOGUE
Playtech,playtech,playtech:DiamondMatch90,Diamond Match,NOT_IN_CATALOGUE
Playtech,playtech,playtech:DiamondMatch95,Diamond Match,NOT_IN_CATALOGUE
Playtech,playtech,playtech:DiamondMatchDeluxe,Diamond Match Deluxe,READY
Playtech,playtech,playtech:DiamondMatchDeluxeB1,Diamond Match Deluxe,READY
Playtech,playtech,playtech:DiamondMatchDeluxeC1,Diamond Match Deluxe,READY
Playtech,playtech,playtech:DiamondRise,Diamond Rise,NOT_IN_CATALOGUE
Playtech,playtech,playtech:DiamondRise92,Diamond Rise,NOT_IN_CATALOGUE
Playtech,playtech,playtech:DiamondRise95,Diamond Rise,NOT_IN_CATALOGUE
Playtech,playtech,playtech:Divine9,Divine 9,NOT_IN_CATALOGUE
Playtech,playtech,playtech:Divine9C1,Divine 9,NOT_IN_CATALOGUE
Playtech,playtech,playtech:DjinnOfStormsPowerPlay,Djinn of Storms: Power Play,NOT_IN_CATALOGUE
Playtech,playtech,playtech:DolphinReef,Dolphin Reef,NOT_IN_CATALOGUE
Playtech,playtech,playtech:DoubleDigger,Double Digger,NOT_IN_CATALOGUE
Playtech,playtech,playtech:DoubleDigger1,Double Digger,NOT_IN_CATALOGUE
Playtech,playtech,playtech:DoubleHeatCrown,Double Heat: Crown,NOT_IN_CATALOGUE
Playtech,playtech,playtech:DoubleHeatCrownB1,Double Heat: Crown,NOT_IN_CATALOGUE
Playtech,playtech,playtech:DoubleHeatCrownBF,Double Heat: Crown,NOT_IN_CATALOGUE
Playtech,playtech,playtech:DoubleHeatCrownC1,Double Heat: Crown,NOT_IN_CATALOGUE
Playtech,playtech,playtech:DragonBond,Dragon Bond,READY
Playtech,playtech,playtech:DragonChampions,Dragon Champions,NOT_IN_CATALOGUE
Playtech,playtech,playtech:DragonChampionsA1,Dragon Champions,NOT_IN_CATALOGUE
Playtech,playtech,playtech:DragonChampionsB1,Dragon Champions,NOT_IN_CATALOGUE
Playtech,playtech,playtech:DragonChampionsBJPB1,Dragon Champions,NOT_IN_CATALOGUE
Playtech,playtech,playtech:DragonChi,Dragon Chi,NOT_IN_CATALOGUE
Playtech,playtech,playtech:DragonSpark,Dragon Spark,NOT_IN_CATALOGUE
Playtech,playtech,playtech:DragonNianNianYouYu,Dragon: Nian Nian You Yu,NOT_IN_CATALOGUE
Playtech,playtech,playtech:DragonsHallThundershots,Dragon's Hall Thundershots,READY
Playtech,playtech,playtech:DropforTop,Drop for Top,NOT_IN_CATALOGUE
Playtech,playtech,playtech:DropforTopA1,Drop for Top,NOT_IN_CATALOGUE
Playtech,playtech,playtech:DropforTopB1,Drop for Top,NOT_IN_CATALOGUE
Playtech,playtech,playtech:DropforTopC1,Drop for Top,NOT_IN_CATALOGUE
Playtech,playtech,playtech:EagleCashCollectandLink,Eagle: Cash Collect & Link,NOT_IN_CATALOGUE
Playtech,playtech,playtech:EagleCashCollectandLinkB1,Eagle: Cash Collect & Link,NOT_IN_CATALOGUE
Playtech,playtech,playtech:EasterSurprise,Easter Surprise,NOT_IN_CATALOGUE
Playtech,playtech,playtech:EgyptianEmeralds,Egyptian Emeralds,NOT_IN_CATALOGUE
Playtech,playtech,playtech:EgyptianEmeraldsPowerPlay,Egyptian Emeralds: Power Play,NOT_IN_CATALOGUE
Playtech,playtech,playtech:ElRancheroCashCollectDiamondPath,El Ranchero Cash Collect Diamond Path,READY
Playtech,playtech,playtech:ElRancheroCashCollectDiamondPathA1,El Ranchero Cash Collect Diamond Path,READY
Playtech,playtech,playtech:ElRancheroCashCollectDiamondPathB1,El Ranchero Cash Collect Diamond Path,READY
Playtech,playtech,playtech:ElRancheroCashCollectDiamondPathC1,El Ranchero Cash Collect Diamond Path,READY
Playtech,playtech,playtech:ElephantRiches,Elephant Riches,NOT_IN_CATALOGUE
Playtech,playtech,playtech:ElephantRichesA1,Elephant Riches,NOT_IN_CATALOGUE
Playtech,playtech,playtech:ElephantRichesB1,Elephant Riches,NOT_IN_CATALOGUE
Playtech,playtech,playtech:ElephantRichesC1,Elephant Riches,NOT_IN_CATALOGUE
Playtech,playtech,playtech:Eliminators,Eliminators,NOT_IN_CATALOGUE
Playtech,playtech,playtech:EliteRoulette,Elite Roulette,NOT_IN_CATALOGUE
Playtech,playtech,playtech:WildCrusadeEmpireTreasuresScratchCard,Empire Treasures Scratch Card,NOT_IN_CATALOGUE
Playtech,playtech,playtech:EpicApe,Epic Ape,NOT_IN_CATALOGUE
Playtech,playtech,playtech:EpicApe92,Epic Ape,NOT_IN_CATALOGUE
Playtech,playtech,playtech:EpicApe94,Epic Ape,NOT_IN_CATALOGUE
Playtech,playtech,playtech:EpicApeJP,Epic Ape,NOT_IN_CATALOGUE
Playtech,playtech,playtech:EpicApe2,Epic Ape 2,READY
Playtech,playtech,playtech:EpicApeII,Epic Ape II,NOT_IN_CATALOGUE
Playtech,playtech,playtech:EpicApeBlitzCashCollect,Epic Ape: Blitz Cash Collect,NOT_IN_CATALOGUE
Playtech,playtech,playtech:EpicApeBlitzCashCollectB1,Epic Ape: Blitz Cash Collect,NOT_IN_CATALOGUE
Playtech,playtech,playtech:EpicApeBlitzCashCollectC1,Epic Ape: Blitz Cash Collect,NOT_IN_CATALOGUE
Playtech,playtech,playtech:EpicFishMarlinMadness,Epic Fish: Marlin Madness,NOT_IN_CATALOGUE
Playtech,playtech,playtech:EpicFishMarlinMadnessA1,Epic Fish: Marlin Madness,NOT_IN_CATALOGUE
Playtech,playtech,playtech:EpicFishMarlinMadnessB1,Epic Fish: Marlin Madness,NOT_IN_CATALOGUE
Playtech,playtech,playtech:EpicFishNetofFortune,Epic Fish: Net of Fortune,NOT_IN_CATALOGUE
Playtech,playtech,playtech:EpicFishNetofFortuneA1,Epic Fish: Net of Fortune,NOT_IN_CATALOGUE
Playtech,playtech,playtech:EpicFishNetofFortuneB1,Epic Fish: Net of Fortune,NOT_IN_CATALOGUE
Playtech,playtech,playtech:EuropeanFootballRoulette,European Football Roulette,NOT_IN_CATALOGUE
Playtech,playtech,playtech:ExtremeFruitsUltimateDeluxe,Extreme Fruits Ultimate Deluxe,NOT_IN_CATALOGUE
Playtech,playtech,playtech:EyeofAnibus,Eye of Anubis,NOT_IN_CATALOGUE
Playtech,playtech,playtech:FairgroundFortunesGhostTrain,Fairground Fortunes Ghost Train,NOT_IN_CATALOGUE
Playtech,playtech,playtech:FashionTVBaccaratGR,Fashion TV Baccarat,NOT_IN_CATALOGUE
Playtech,playtech,playtech:FashionTVBaccaratNC,Fashion TV Baccarat NC,NOT_IN_CATALOGUE
Playtech,playtech,playtech:FashionTVBaccaratNCGR,Fashion TV Baccarat NC,NOT_IN_CATALOGUE
Playtech,playtech,playtech:FashionTVJackpotBaccarat,Fashion TV Jackpot Baccarat,NOT_IN_CATALOGUE
Playtech,playtech,playtech:FashionTVMegaParty,Fashion TV Mega Party,NOT_IN_CATALOGUE
Playtech,playtech,playtech:FashionTVBankCashCollect,FashionTV Bank: Cash Collect,NOT_IN_CATALOGUE
Playtech,playtech,playtech:FashionTVBankCashCollectB1,FashionTV Bank: Cash Collect,NOT_IN_CATALOGUE
Playtech,playtech,playtech:FashionTVBankCashCollectC1,FashionTV Bank: Cash Collect,NOT_IN_CATALOGUE
Playtech,playtech,playtech:FeiLongZaiTian,Fei Long Zai Tian,NOT_IN_CATALOGUE
Playtech,playtech,playtech:FengShuiFlip,Feng Shui Flip,NOT_IN_CATALOGUE
Playtech,playtech,playtech:FengShuiFlipA1,Feng Shui Flip,NOT_IN_CATALOGUE
Playtech,playtech,playtech:FengShuiFlipB1,Feng Shui Flip,NOT_IN_CATALOGUE
Playtech,playtech,playtech:Fire4CashCollectQuattro,Fire 4: Cash Collect Quattro,NOT_IN_CATALOGUE
Playtech,playtech,playtech:Fire4CashCollectQuattro90,Fire 4: Cash Collect Quattro,NOT_IN_CATALOGUE
Playtech,playtech,playtech:Fire4CashCollectQuattro94,Fire 4: Cash Collect Quattro,NOT_IN_CATALOGUE
Playtech,playtech,playtech:FireBlazeClassicBlueWizardMegaways,Fire Blaze Classic Blue Wizard Megaways,NOT_IN_CATALOGUE
Playtech,playtech,playtech:FireBlazeGoldenAmazingFactory,Fire Blaze Golden Amazing Factory,NOT_IN_CATALOGUE
Playtech,playtech,playtech:FireBlazeGoldenAmazingFactory93,Fire Blaze Golden Amazing Factory,NOT_IN_CATALOGUE
Playtech,playtech,playtech:FireBlazeGoldenAmazingFactory95,Fire Blaze Golden Amazing Factory,NOT_IN_CATALOGUE
Playtech,playtech,playtech:FireBlazeGoldenBuccaneerBellsL96,Fire Blaze Golden: Buccaneer Bells,NOT_IN_CATALOGUE
Playtech,playtech,playtech:FireBlazeGoldenBuccaneerBellsPA,Fire Blaze Golden: Buccaneer Bells,NOT_IN_CATALOGUE
Playtech,playtech,playtech:FireBlazePharaohsDaughter,Fire Blaze Pharaoh's Daughter,NOT_IN_CATALOGUE
Playtech,playtech,playtech:FireBlazeQuattroCelticCharm92,Fire Blaze Quattro: Celtic Charm,NOT_IN_CATALOGUE
Playtech,playtech,playtech:FireBlazeQuattroCelticCharm95,Fire Blaze Quattro: Celtic Charm,NOT_IN_CATALOGUE
Playtech,playtech,playtech:FireBlazeRiverEmpress,Fire Blaze River Empress,NOT_IN_CATALOGUE
Playtech,playtech,playtech:FireBlazeScratch,Fire Blaze Scratch,NOT_IN_CATALOGUE
Playtech,playtech,playtech:FireBlazeSistersGift,Fire Blaze Sisters Gift,NOT_IN_CATALOGUE
Playtech,playtech,playtech:FireBlazeSistersGift91,Fire Blaze Sisters Gift,NOT_IN_CATALOGUE
Playtech,playtech,playtech:FireBlazeJackpotsAdventureTrail,Fire Blaze: Adventure Trail,NOT_IN_CATALOGUE
Playtech,playtech,playtech:FireBlazeBlueWizardMegawaysPA,Fire Blaze: Blue Wizard Megaways,NOT_IN_CATALOGUE
Playtech,playtech,playtech:FireBlazeBlueWizardMegaways,Fire Blaze: Blue Wizard MegaWays,NOT_IN_CATALOGUE
Playtech,playtech,playtech:FireBlazeBlueWizardPowerPlayJackpot,Fire Blaze: Blue Wizard PowerPlay Jackpot,NOT_IN_CATALOGUE
Playtech,playtech,playtech:EternalLady,Fire Blaze: Eternal Lady,NOT_IN_CATALOGUE
Playtech,playtech,playtech:FireBlazeFireFighter,Fire Blaze: Fire Fighter,NOT_IN_CATALOGUE
Playtech,playtech,playtech:FireBlazeFireFighter93,Fire Blaze: Fire Fighter,NOT_IN_CATALOGUE
Playtech,playtech,playtech:FireBlazeFireFighter95,Fire Blaze: Fire Fighter,NOT_IN_CATALOGUE
Playtech,playtech,playtech:GoldenMacaque,Fire Blaze: Golden Macaque,NOT_IN_CATALOGUE
Playtech,playtech,playtech:FireBlazeGreenWizard,Fire Blaze: Green Wizard,NOT_IN_CATALOGUE
Playtech,playtech,playtech:FireBlazeGreenWizardPA,Fire Blaze: Green Wizard,NOT_IN_CATALOGUE
Playtech,playtech,playtech:GreenWizardFireBlazeClassics,Fire Blaze: Green Wizard,NOT_IN_CATALOGUE
Playtech,playtech,playtech:FireBlazeJinnsMoon,Fire Blaze: Jinns Moon,NOT_IN_CATALOGUE
Playtech,playtech,playtech:FireBlazeOinkOinkOink,Fire Blaze: Oink Oink Oink,NOT_IN_CATALOGUE
Playtech,playtech,playtech:FireBlazeOinkOinkOinkA1,Fire Blaze: Oink Oink Oink,NOT_IN_CATALOGUE
Playtech,playtech,playtech:FireBlazeOinkOinkOinkB1,Fire Blaze: Oink Oink Oink,NOT_IN_CATALOGUE
Playtech,playtech,playtech:FireBlazeOinkOinkOinkC1,Fire Blaze: Oink Oink Oink,NOT_IN_CATALOGUE
Playtech,playtech,playtech:FireBlazePharaohsDaughterPA,Fire Blaze: Pharaoh's Daughter,NOT_IN_CATALOGUE
Playtech,playtech,playtech:FireBlazeRedWizard93,Fire Blaze: Red Wizard,NOT_IN_CATALOGUE
Playtech,playtech,playtech:FireBlazeRedWizard95,Fire Blaze: Red Wizard,NOT_IN_CATALOGUE
Playtech,playtech,playtech:RedWizardFireBlaze,Fire Blaze: Red Wizard,NOT_IN_CATALOGUE
Playtech,playtech,playtech:FireBlazeSkyQueen,Fire Blaze: Sky Queen,NOT_IN_CATALOGUE
Playtech,playtech,playtech:FireBlazeSkyQueenMegaways,Fire Blaze: Sky Queen Megaways,NOT_IN_CATALOGUE
Playtech,playtech,playtech:FireBlazeSkyQueenMegaways91,Fire Blaze: Sky Queen Megaways,NOT_IN_CATALOGUE
Playtech,playtech,playtech:FireBlazeSkyQueenMegaways93,Fire Blaze: Sky Queen Megaways,NOT_IN_CATALOGUE
Playtech,playtech,playtech:FireBlazeSkyQueenMegaways95,Fire Blaze: Sky Queen Megaways,NOT_IN_CATALOGUE
Playtech,playtech,playtech:FireBlazeToltecBlocks,Fire Blaze: Toltec Blocks,NOT_IN_CATALOGUE
Playtech,playtech,playtech:FireBlazeToltecBlocks91,Fire Blaze: Toltec Blocks,NOT_IN_CATALOGUE
Playtech,playtech,playtech:FireBlazeToltecBlocks93,Fire Blaze: Toltec Blocks,NOT_IN_CATALOGUE
Playtech,playtech,playtech:FireBlazeToltecBlocks95,Fire Blaze: Toltec Blocks,NOT_IN_CATALOGUE
Playtech,playtech,playtech:FireBlazeTsaiShensGift,Fire Blaze: Tsai Shen's Gift,NOT_IN_CATALOGUE
Playtech,playtech,playtech:FireBlazeTsaiShensGiftPA,Fire Blaze: Tsai Shen's Gift,NOT_IN_CATALOGUE
Playtech,playtech,playtech:FireBlazeGoldenTundraWolf,Fire Blaze: Tundra Wolf,NOT_IN_CATALOGUE
Playtech,playtech,playtech:FireBlazeTundraWolf96,Fire Blaze: Tundra Wolf,NOT_IN_CATALOGUE
Playtech,playtech,playtech:FireBlazeWhiteWitch,Fire Blaze: White Witch,NOT_IN_CATALOGUE
Playtech,playtech,playtech:FireBlazeWhiteWitchA1,Fire Blaze: White Witch,NOT_IN_CATALOGUE
Playtech,playtech,playtech:FireBlazeWhiteWitchB1,Fire Blaze: White Witch,NOT_IN_CATALOGUE
Playtech,playtech,playtech:FireBlazeWhiteWitchC1,Fire Blaze: White Witch,NOT_IN_CATALOGUE
Playtech,playtech,playtech:FireBlazeQuatroCelticCharms,FireBlaze Quattro Celtic Charm,NOT_IN_CATALOGUE
Playtech,playtech,playtech:FishTrio,Fish Trio,READY
Playtech,playtech,playtech:FishTrioA1,Fish Trio,READY
Playtech,playtech,playtech:FishTrioB1,Fish Trio,READY
Playtech,playtech,playtech:FishTrioC1,Fish Trio,READY
Playtech,playtech,playtech:FISHShootForCash,FISH! Shoot For Cash,NOT_IN_CATALOGUE
Playtech,playtech,playtech:FishingBonanza,Fishin Bonanza,NOT_IN_CATALOGUE
Playtech,playtech,playtech:FishingBonanza93,Fishin Bonanza,NOT_IN_CATALOGUE
Playtech,playtech,playtech:FishingBonanza96,Fishin Bonanza,NOT_IN_CATALOGUE
Playtech,playtech,playtech:FlamingStallionBlitz,Flaming Stallion Blitz,NOT_IN_CATALOGUE
Playtech,playtech,playtech:FlamingStallionBlitzB1,Flaming Stallion Blitz,NOT_IN_CATALOGUE
Playtech,playtech,playtech:FlamingStallionBlitzC1,Flaming Stallion Blitz,NOT_IN_CATALOGUE
Playtech,playtech,playtech:FlipaLicious,Flip-a-Licious,NOT_IN_CATALOGUE
Playtech,playtech,playtech:FlipaLiciousA1,Flip-a-Licious,NOT_IN_CATALOGUE
Playtech,playtech,playtech:FluffyFavourites,Fluffy Favourites,NOT_IN_CATALOGUE
Playtech,playtech,playtech:FluffyFavouritesB1,Fluffy Favourites,NOT_IN_CATALOGUE
Playtech,playtech,playtech:FluffyFavouritesClickAWin,Fluffy Favourites Click-A-Win,NOT_IN_CATALOGUE
Playtech,playtech,playtech:FluffyFavouritesClickAWinB1,Fluffy Favourites Click-A-Win,NOT_IN_CATALOGUE
Playtech,playtech,playtech:FluffyFavouritesCashCollect,Fluffy Favourites: Cash Collect,READY
Playtech,playtech,playtech:FluffyFavouritesCashCollectB1,Fluffy Favourites: Cash Collect,READY
Playtech,playtech,playtech:FluffyFavouritesCashCollectC1,Fluffy Favourites: Cash Collect,READY
Playtech,playtech,playtech:FluffyFishin,Fluffy Fishin',NOT_IN_CATALOGUE
Playtech,playtech,playtech:FluffyFishinA1,Fluffy Fishin',NOT_IN_CATALOGUE
Playtech,playtech,playtech:FluffyFishinB1,Fluffy Fishin',NOT_IN_CATALOGUE
Playtech,playtech,playtech:FluffyFishinC1,Fluffy Fishin',NOT_IN_CATALOGUE
Playtech,playtech,playtech:FootballCarnaval,Football Carnaval,NOT_IN_CATALOGUE
Playtech,playtech,playtech:FootballCashCollect,Football Cash Collect,NOT_IN_CATALOGUE
Playtech,playtech,playtech:FootballCashCollect94,Football Cash Collect,NOT_IN_CATALOGUE
Playtech,playtech,playtech:FootballRoulette,Football Roulette,NOT_IN_CATALOGUE
Playtech,playtech,playtech:FootballRules,Football Rules,NOT_IN_CATALOGUE
Playtech,playtech,playtech:FootballScratchPowerPlay,Football Scratch Power Play,NOT_IN_CATALOGUE
Playtech,playtech,playtech:FootballScratchPowerPlayJackpot,Football Scratch PowerPlay Jackpot,NOT_IN_CATALOGUE
Playtech,playtech,playtech:FootballCashCollectPowerPlayJackpot,Football! Cash Collect PowerPlay Jackpot,NOT_IN_CATALOGUE
Playtech,playtech,playtech:ForestPrince,Forest Prince,NOT_IN_CATALOGUE
Playtech,playtech,playtech:FortuneFortuneThundershots,Fortune Fortune Thundershots,NOT_IN_CATALOGUE
Playtech,playtech,playtech:FoxyFortune,Fortunes of the Fox,NOT_IN_CATALOGUE
Playtech,playtech,playtech:FrankieDettoriMagicSevenBlackjack,Frankie Dettori's Magic Seven Blackjack,NOT_IN_CATALOGUE
Playtech,playtech,playtech:FrankieDettorisRoulette,Frankie Dettori's Roulette,NOT_IN_CATALOGUE
Playtech,playtech,playtech:FreeChipBlackjack,Free Chip Blackjack,NOT_IN_CATALOGUE
Playtech,playtech,playtech:FreetheDragon,Free the Dragon,NOT_IN_CATALOGUE
Playtech,playtech,playtech:FreetheDragonA1,Free the Dragon,NOT_IN_CATALOGUE
Playtech,playtech,playtech:FreetheDragonB1,Free the Dragon,NOT_IN_CATALOGUE
Playtech,playtech,playtech:FreetheDragonC1,Free the Dragon,NOT_IN_CATALOGUE
Playtech,playtech,playtech:FrogsGift,Frog's Gift,NOT_IN_CATALOGUE
Playtech,playtech,playtech:FrogsGift92,Frog's Gift,NOT_IN_CATALOGUE
Playtech,playtech,playtech:FruitHarvest,Fruit Harvest,NOT_IN_CATALOGUE
Playtech,playtech,playtech:FruitHarvestA1,Fruit Harvest,NOT_IN_CATALOGUE
Playtech,playtech,playtech:FruitHarvestB1,Fruit Harvest,NOT_IN_CATALOGUE
Playtech,playtech,playtech:FruitHarvestC1,Fruit Harvest,NOT_IN_CATALOGUE
Playtech,playtech,playtech:FruitMania,Fruit Mania,NOT_IN_CATALOGUE
Playtech,playtech,playtech:FruityShowers,Fruity Showers,NOT_IN_CATALOGUE
Playtech,playtech,playtech:FruityShowers91,Fruity Showers,NOT_IN_CATALOGUE
Playtech,playtech,playtech:FruityShowers95,Fruity Showers,NOT_IN_CATALOGUE
Playtech,playtech,playtech:FullMoonWhitePanda,Full Moon White Panda,READY
Playtech,playtech,playtech:FullMoonWildTrack,Full Moon Wild Track,READY
Playtech,playtech,playtech:FullMoonWhiteKing,Full Moon: White King,READY
Playtech,playtech,playtech:FullMoonWhiteKingA1,Full Moon: White King,READY
Playtech,playtech,playtech:FullMoonWhiteKingPowerPlayJackpot,Full Moon: White King PowerPlay Jackpot,NOT_IN_CATALOGUE
Playtech,playtech,playtech:FullMoonWhiteKingPowerPlayJackpotA1,Full Moon: White King PowerPlay Jackpot,NOT_IN_CATALOGUE
Playtech,playtech,playtech:FullMoonWhitePandaPowerplayJackpot,Full Moon: White Panda Powerplay Jackpot,NOT_IN_CATALOGUE
Playtech,playtech,playtech:FullMoonWhiteThunder,Full Moon: White Thunder,READY
Playtech,playtech,playtech:FullMoonWhiteThunderA1,Full Moon: White Thunder,READY
Playtech,playtech,playtech:FullMoonWhiteThunderB1,Full Moon: White Thunder,READY
Playtech,playtech,playtech:FullMoonWhiteThunderC1,Full Moon: White Thunder,READY
Playtech,playtech,playtech:FunkyFruits,Funky Fruits,READY
Playtech,playtech,playtech:FunkyMonkey,Funky Monkey,NOT_IN_CATALOGUE
Playtech,playtech,playtech:FunkyMonkeyJackpot,Funky Monkey Jackpot,NOT_IN_CATALOGUE
Playtech,playtech,playtech:GaelicLuck,Gaelic Luck,NOT_IN_CATALOGUE
Playtech,playtech,playtech:GalacticStreak,Galactic Streak,NOT_IN_CATALOGUE
Playtech,playtech,playtech:GameShowsLobby,Game Shows Lobby,NOT_IN_CATALOGUE
Playtech,playtech,playtech:KoreanSpeedBaccarat2,Gangnam Speed Baccarat,NOT_IN_CATALOGUE
Playtech,playtech,playtech:GatesofCamelot,Gates of Camelot,NOT_IN_CATALOGUE
Playtech,playtech,playtech:GatesofCamelotA1,Gates of Camelot,NOT_IN_CATALOGUE
Playtech,playtech,playtech:GatesofCamelotB1,Gates of Camelot,NOT_IN_CATALOGUE
Playtech,playtech,playtech:GeishaStory,Geisha Story,NOT_IN_CATALOGUE
Playtech,playtech,playtech:GemHeat,Gem Heat,NOT_IN_CATALOGUE
Playtech,playtech,playtech:GemSplashKingsCourt,Gem Splash Kings Court,NOT_IN_CATALOGUE
Playtech,playtech,playtech:GemSplashRainbowsGift,Gem Splash Rainbows Gift,READY
Playtech,playtech,playtech:GladiatorJackpot,Gladiator Jackpot,NOT_IN_CATALOGUE
Playtech,playtech,playtech:GladiatorRoadtoRome,Gladiator Road to Rome,READY
Playtech,playtech,playtech:GladiatorMegaCashCollect,Gladiator: Mega Cash Collect,NOT_IN_CATALOGUE
Playtech,playtech,playtech:GladiatorMegaCashCollectB1,Gladiator: Mega Cash Collect,NOT_IN_CATALOGUE
Playtech,playtech,playtech:GladiatorMegaCashCollectC1,Gladiator: Mega Cash Collect,NOT_IN_CATALOGUE
Playtech,playtech,playtech:GloriousGuardians,Glorious Guardians,NOT_IN_CATALOGUE
Playtech,playtech,playtech:GloriousGuardiansL95,Glorious Guardians,NOT_IN_CATALOGUE
Playtech,playtech,playtech:GoJokerGo,Go Joker Go,READY
Playtech,playtech,playtech:GoJokerGoA1,Go Joker Go,READY
Playtech,playtech,playtech:GoJokerGoB1,Go Joker Go,READY
Playtech,playtech,playtech:GoJokerGoC1,Go Joker Go,READY
Playtech,playtech,playtech:GoalGoalGoalBlackjack,Goal Goal Goal Blackjack,NOT_IN_CATALOGUE
Playtech,playtech,playtech:GoalGoalGoalMines,Goal Goal Goal Mines,NOT_IN_CATALOGUE
Playtech,playtech,playtech:GoalGoalGoalRoulette,Goal Goal Goal Roulette,NOT_IN_CATALOGUE
Playtech,playtech,playtech:GoalGoalGoalCashCollect,Goal Goal Goal: Cash Collect,NOT_IN_CATALOGUE
Playtech,playtech,playtech:GoalGoalGoalCashCollectB1,Goal Goal Goal: Cash Collect,NOT_IN_CATALOGUE
Playtech,playtech,playtech:GoalGoalGoalCashCollectC1,Goal Goal Goal: Cash Collect,NOT_IN_CATALOGUE
Playtech,playtech,playtech:GoalGoalGoalPachinGoal,Goal Goal Goal: Pachin-Goal,READY
Playtech,playtech,playtech:GoalGoalGoalPachinGoalA1,Goal Goal Goal: Pachin-Goal,READY
Playtech,playtech,playtech:GoalGoalGoalPachinGoalB1,Goal Goal Goal: Pachin-Goal,READY
Playtech,playtech,playtech:GoalGoalGoalPachinGoalC1,Goal Goal Goal: Pachin-Goal,READY
Playtech,playtech,playtech:GoldHitLinkJPBaconCo,Gold Hit & Link: JP Bacon & Co,NOT_IN_CATALOGUE
Playtech,playtech,playtech:GoldHitLinkJPBaconCo91,Gold Hit & Link: JP Bacon & Co,NOT_IN_CATALOGUE
Playtech,playtech,playtech:GoldHitLinkJPBaconCo95,Gold Hit & Link: JP Bacon & Co,NOT_IN_CATALOGUE
Playtech,playtech,playtech:GoldHitLinkTigerJones,Gold Hit & Link: Tiger Jones,READY
Playtech,playtech,playtech:GoldHitLinkTigerJonesB1,Gold Hit & Link: Tiger Jones,READY
Playtech,playtech,playtech:GoldHitLinkTigerJonesC1,Gold Hit & Link: Tiger Jones,READY
Playtech,playtech,playtech:GoldHitDragonBonanza,Gold Hit: Dragon Bonanza,NOT_IN_CATALOGUE
Playtech,playtech,playtech:GoldHitDragonBonanza91,Gold Hit: Dragon Bonanza,NOT_IN_CATALOGUE
Playtech,playtech,playtech:GoldHitLilDemon9186,Gold Hit: Lil Demon,NOT_IN_CATALOGUE
Playtech,playtech,playtech:GoldHitLilDemon9362,Gold Hit: Lil Demon,NOT_IN_CATALOGUE
Playtech,playtech,playtech:GoldHitLilDemon9571,Gold Hit: Lil Demon,NOT_IN_CATALOGUE
Playtech,playtech,playtech:GoldHitLilDemon9576,Gold Hit: Lil Demon,NOT_IN_CATALOGUE
Playtech,playtech,playtech:GoldHitLuckyGranny,Gold Hit: Lucky Granny,NOT_IN_CATALOGUE
Playtech,playtech,playtech:GoldHitLuckyGrannyB1,Gold Hit: Lucky Granny,NOT_IN_CATALOGUE
Playtech,playtech,playtech:GoldHitLuckyGrannyC1,Gold Hit: Lucky Granny,NOT_IN_CATALOGUE
Playtech,playtech,playtech:GoldHitOReillysCharms,Gold Hit: O'Reilly's Charms,NOT_IN_CATALOGUE
Playtech,playtech,playtech:GoldHitOReillysCharmsFB,Gold Hit: O'Reilly's Charms,NOT_IN_CATALOGUE
Playtech,playtech,playtech:GoldHitOReillysRiches,Gold Hit: O’Reilly’s Riches,NOT_IN_CATALOGUE
Playtech,playtech,playtech:GoldHitOReillysRiches95,Gold Hit: O’Reilly’s Riches,NOT_IN_CATALOGUE
Playtech,playtech,playtech:GoldHitShrineofAnubis,Gold Hit: Shrine of Anubis,NOT_IN_CATALOGUE
Playtech,playtech,playtech:GoldHitShrineofAnubis91,Gold Hit: Shrine of Anubis,NOT_IN_CATALOGUE
Playtech,playtech,playtech:GoldHitShrineofAnubis95,Gold Hit: Shrine of Anubis,NOT_IN_CATALOGUE
Playtech,playtech,playtech:GoldHitVivaLasRobot,Gold Hit: Viva Las Robot,NOT_IN_CATALOGUE
Playtech,playtech,playtech:GoldHitVivaLasRobotA1,Gold Hit: Viva Las Robot,NOT_IN_CATALOGUE
Playtech,playtech,playtech:GoldHitVivaLasRobotB1,Gold Hit: Viva Las Robot,NOT_IN_CATALOGUE
Playtech,playtech,playtech:GoldHitVivaLasRobotC1,Gold Hit: Viva Las Robot,NOT_IN_CATALOGUE
Playtech,playtech,playtech:GoldPileNewYearsGold,Gold Pile New Year's Gold,READY
Playtech,playtech,playtech:GoldPileOrangutan,Gold Pile Orangutan!,NOT_IN_CATALOGUE
Playtech,playtech,playtech:GoldPileToltecTreasure,Gold Pile Toltec Treasure,NOT_IN_CATALOGUE
Playtech,playtech,playtech:GoldPileOrangutan91,Gold Pile: Orangutan!,NOT_IN_CATALOGUE
Playtech,playtech,playtech:GoldPileOrangutan95,Gold Pile: Orangutan!,NOT_IN_CATALOGUE
Playtech,playtech,playtech:GoldPileToltecTreasure92,Gold Pile: Toltec Treasure,NOT_IN_CATALOGUE
Playtech,playtech,playtech:GoldRushCashCollect,Gold Rush Cash Collect,NOT_IN_CATALOGUE
Playtech,playtech,playtech:GoldRushScratch,Gold Rush Scratch,OTHER_PROVIDER
Playtech,playtech,playtech:GoldRushCashCollect91,Gold Rush: Cash Collect,NOT_IN_CATALOGUE
Playtech,playtech,playtech:GoldRushCashCollect95,Gold Rush: Cash Collect,NOT_IN_CATALOGUE
Playtech,playtech,playtech:GoldSlpashTootsFroots,Gold Splash: Toots Froots,NOT_IN_CATALOGUE
Playtech,playtech,playtech:GoldSplashTootsFroots,Gold Splash: Toots Froots,NOT_IN_CATALOGUE
Playtech,playtech,playtech:GoldSplashTootsFrootsC1,Gold Splash: Toots Froots,NOT_IN_CATALOGUE
Playtech,playtech,playtech:GoldTrio10000,Gold Trio 10000,NOT_IN_CATALOGUE
Playtech,playtech,playtech:GoldTrio10000A1,Gold Trio 10000,NOT_IN_CATALOGUE
Playtech,playtech,playtech:GoldTrio10000B1,Gold Trio 10000,NOT_IN_CATALOGUE
Playtech,playtech,playtech:GoldTrio10000C1,Gold Trio 10000,NOT_IN_CATALOGUE
Playtech,playtech,playtech:GoldTrioJackpot,Gold Trio Jackpot,NOT_IN_CATALOGUE
Playtech,playtech,playtech:GoldTrioJackpotA1,Gold Trio Jackpot,NOT_IN_CATALOGUE
Playtech,playtech,playtech:GoldTrioJackpotB1,Gold Trio Jackpot,NOT_IN_CATALOGUE
Playtech,playtech,playtech:GoldTrioJackpotC1,Gold Trio Jackpot,NOT_IN_CATALOGUE
Playtech,playtech,playtech:GoldTrioFootball,Gold Trio: Football,NOT_IN_CATALOGUE
Playtech,playtech,playtech:GoldTrioFootballB1,Gold Trio: Football,NOT_IN_CATALOGUE
Playtech,playtech,playtech:GoldTrioFootballBF,Gold Trio: Football,NOT_IN_CATALOGUE
Playtech,playtech,playtech:GoldTrioFootballC1,Gold Trio: Football,NOT_IN_CATALOGUE
Playtech,playtech,playtech:GoldTrioLeprechaunsLuckA1,Gold Trio: Leprechaun's Luck,READY
Playtech,playtech,playtech:GoldTrioLeprechaunsLuckB1,Gold Trio: Leprechaun's Luck,READY
Playtech,playtech,playtech:GoldTrioLeprechaunsLuckBF,Gold Trio: Leprechaun's Luck,READY
Playtech,playtech,playtech:GoldTrioLeprechaunsLuckC1,Gold Trio: Leprechaun's Luck,READY
Playtech,playtech,playtech:GoldTrioLeprechaunsLuckRaceBonanza,Gold Trio: Leprechaun’s Luck Race Bonanza,NOT_IN_CATALOGUE
Playtech,playtech,playtech:GoldTrioLeprechaunsLuckRaceBonanzaA1,Gold Trio: Leprechaun’s Luck Race Bonanza,NOT_IN_CATALOGUE
Playtech,playtech,playtech:GoldTrioLeprechaunsLuckRaceBonanzaB1,Gold Trio: Leprechaun’s Luck Race Bonanza,NOT_IN_CATALOGUE
Playtech,playtech,playtech:GoldTrioLeprechaunsLuckRaceBonanzaC1,Gold Trio: Leprechaun’s Luck Race Bonanza,NOT_IN_CATALOGUE
Playtech,playtech,playtech:GoldTrioLilDemon,Gold Trio: Lil Demon,READY
Playtech,playtech,playtech:GoldTrioLilDemonA1,Gold Trio: Lil Demon,READY
Playtech,playtech,playtech:GoldTrioLilDemonB1,Gold Trio: Lil Demon,READY
Playtech,playtech,playtech:GoldTrioLilDemonC1,Gold Trio: Lil Demon,READY
Playtech,playtech,playtech:GoldTrioSambaBrazil,Gold Trio: Samba Brazil,NOT_IN_CATALOGUE
Playtech,playtech,playtech:GoldTrioSantaSurprise,Gold Trio: Santa Surprise,READY
Playtech,playtech,playtech:GoldTrioSantaSurpriseA1,Gold Trio: Santa Surprise,READY
Playtech,playtech,playtech:GoldTrioSantaSurpriseB1,Gold Trio: Santa Surprise,READY
Playtech,playtech,playtech:GoldTrioSantaSurpriseC1,Gold Trio: Santa Surprise,READY
Playtech,playtech,playtech:GoldTrioSinbadsRiches,Gold Trio: Sinbad's Riches,NOT_IN_CATALOGUE
Playtech,playtech,playtech:GoldTrioSinbadsRiches91,Gold Trio: Sinbad's Riches,NOT_IN_CATALOGUE
Playtech,playtech,playtech:GoldTrioSinbadsRiches93,Gold Trio: Sinbad's Riches,NOT_IN_CATALOGUE
Playtech,playtech,playtech:GoldTrioSinbadsRiches9590,Gold Trio: Sinbad's Riches,NOT_IN_CATALOGUE
Playtech,playtech,playtech:GoldTrioTresAmigos,Gold Trio: Tres Amigos,NOT_IN_CATALOGUE
Playtech,playtech,playtech:GoldTrioZones,Gold Trio: Zones,NOT_IN_CATALOGUE
Playtech,playtech,playtech:GoldTrioZonesA1,Gold Trio: Zones,NOT_IN_CATALOGUE
Playtech,playtech,playtech:GoldTrioZonesB1,Gold Trio: Zones,NOT_IN_CATALOGUE
Playtech,playtech,playtech:GoldTrioZonesC1,Gold Trio: Zones,NOT_IN_CATALOGUE
Playtech,playtech,playtech:GoldenGunsGrandJunction,Golden Guns - Grand Junction,NOT_IN_CATALOGUE
Playtech,playtech,playtech:GoldenTour,Golden Tour,NOT_IN_CATALOGUE
Playtech,playtech,playtech:GooodHeavens,Goood Heavens,NOT_IN_CATALOGUE
Playtech,playtech,playtech:GooodHeavensA1,Goood Heavens,NOT_IN_CATALOGUE
Playtech,playtech,playtech:GooodHeavensB1,Goood Heavens,NOT_IN_CATALOGUE
Playtech,playtech,playtech:GooodHeavensC1,Goood Heavens,NOT_IN_CATALOGUE
Playtech,playtech,playtech:GRMegaFireBlazeAgeoftheGodsRouletteLive,GR Mega Fire Blaze Age of the Gods Roulette Live,NOT_IN_CATALOGUE
Playtech,playtech,playtech:GrandBaccarat,Grand Baccarat,NOT_IN_CATALOGUE
Playtech,playtech,playtech:LiveNoCommissionBaccarat1,Grand Baccarat NC,NOT_IN_CATALOGUE
Playtech,playtech,playtech:GrandBlackjack,Grand Blackjack,NOT_IN_CATALOGUE
Playtech,playtech,playtech:GrandJunctionMountainExpress,Grand Junction Mountain Express,READY
Playtech,playtech,playtech:GrandJunctionEnchantedInca,Grand Junction: Enchanted Inca,READY
Playtech,playtech,playtech:GrandJunctionGoldenGuns,Grand Junction: Golden Guns,NOT_IN_CATALOGUE
Playtech,playtech,playtech:GrandJunctionMountainExpressA1,Grand Junction: Mountain Express,READY
Playtech,playtech,playtech:Grease,Grease,NOT_IN_CATALOGUE
Playtech,playtech,playtech:GreatBlue1,Great Blue,NOT_IN_CATALOGUE
Playtech,playtech,playtech:GreatBlueB1,Great Blue,NOT_IN_CATALOGUE
Playtech,playtech,playtech:GreatBlueC1,Great Blue,NOT_IN_CATALOGUE
Playtech,playtech,playtech:GreatBlueJackpot,Great Blue Jackpot,READY
Playtech,playtech,playtech:GreekQuantumRoulette,Greek Quantum Roulette,NOT_IN_CATALOGUE
Playtech,playtech,playtech:GreekRoulette,Greek Speed Roulette,NOT_IN_CATALOGUE
Playtech,playtech,playtech:GrizzlyBlitz,Grizzly Blitz,NOT_IN_CATALOGUE
Playtech,playtech,playtech:GrizzlyBlitzB1,Grizzly Blitz,NOT_IN_CATALOGUE
Playtech,playtech,playtech:HainanIce,Hainan Ice,NOT_IN_CATALOGUE
Playtech,playtech,playtech:FlamingBars,Halloween Flaming Bars,NOT_IN_CATALOGUE
Playtech,playtech,playtech:FlamingBarsL94,Halloween Flaming Bars,NOT_IN_CATALOGUE
Playtech,playtech,playtech:HalloweenFortune,Halloween Fortune,NOT_IN_CATALOGUE
Playtech,playtech,playtech:HalloweenFortuneB1,Halloween Fortune,NOT_IN_CATALOGUE
Playtech,playtech,playtech:HalloweenFortuneC1,Halloween Fortune,NOT_IN_CATALOGUE
Playtech,playtech,playtech:HalloweenFortuneII,Halloween Fortune II,READY
Playtech,playtech,playtech:HalloweenFortuneScratch,Halloween Fortune Scratch,NOT_IN_CATALOGUE
Playtech,playtech,playtech:HauntedHouse,Haunted House,NOT_IN_CATALOGUE
Playtech,playtech,playtech:HeadsUpHoldem,Heads Up Hold'em,NOT_IN_CATALOGUE
Playtech,playtech,playtech:HeartoftheFrontier,Heart of the Frontier,READY
Playtech,playtech,playtech:HeartoftheJungle,Heart of the Jungle,NOT_IN_CATALOGUE
Playtech,playtech,playtech:HeroesArrow,Heroes Arrow,NOT_IN_CATALOGUE
Playtech,playtech,playtech:HeroesArrow95,Heroes Arrow,NOT_IN_CATALOGUE
Playtech,playtech,playtech:HiLoWesternLive,Hi-Lo Western,READY
Playtech,playtech,playtech:HighwayKings,Highway Kings,READY
Playtech,playtech,playtech:HindiRoulette,Hindi Roulette,READY
Playtech,playtech,playtech:HippodromeLiveRoulette,Hippodrome Live Roulette,NOT_IN_CATALOGUE
Playtech,playtech,playtech:HitBar,Hit Bar,NOT_IN_CATALOGUE
Playtech,playtech,playtech:HitBar96,Hit Bar,NOT_IN_CATALOGUE
Playtech,playtech,playtech:HitBarPP,Hit Bar PP,NOT_IN_CATALOGUE
Playtech,playtech,playtech:HitBarGold,Hit Bar: Gold,NOT_IN_CATALOGUE
Playtech,playtech,playtech:HitBarGold91,Hit Bar: Gold,NOT_IN_CATALOGUE
Playtech,playtech,playtech:HitBarGold93,Hit Bar: Gold,NOT_IN_CATALOGUE
Playtech,playtech,playtech:HitBarGoldPowerPlayJackpot,Hit Bar: Gold Power Play Jackpot,NOT_IN_CATALOGUE
Playtech,playtech,playtech:HoneyGems,Honey Gems,NOT_IN_CATALOGUE
Playtech,playtech,playtech:HoneyGems91,Honey Gems,NOT_IN_CATALOGUE
Playtech,playtech,playtech:HoneyGems93,Honey Gems,NOT_IN_CATALOGUE
Playtech,playtech,playtech:HoneyGems95,Honey Gems,NOT_IN_CATALOGUE
Playtech,playtech,playtech:HoneyGemsJP,Honey Gems,NOT_IN_CATALOGUE
Playtech,playtech,playtech:HotCrownDeluxe,Hot Crown Deluxe,NOT_IN_CATALOGUE
Playtech,playtech,playtech:HotCrownDeluxeNJP93,Hot Crown Deluxe,NOT_IN_CATALOGUE
Playtech,playtech,playtech:HotCrownsDeluxe,Hot Crown Deluxe,NOT_IN_CATALOGUE
Playtech,playtech,playtech:HotGemsXtreme,Hot Gem's Xtreme,NOT_IN_CATALOGUE
Playtech,playtech,playtech:HotGems,Hot Gems,NOT_IN_CATALOGUE
Playtech,playtech,playtech:HotGemsExtremePowerPlay,Hot Gems Extreme PowerPlay,NOT_IN_CATALOGUE
Playtech,playtech,playtech:HotGemsExtremeScratch,Hot Gems Extreme Scratch,NOT_IN_CATALOGUE
Playtech,playtech,playtech:HotGemsCashCollect,Hot Gems: Cash Collect,NOT_IN_CATALOGUE
Playtech,playtech,playtech:HotGemsCashCollectB1,Hot Gems: Cash Collect,NOT_IN_CATALOGUE
Playtech,playtech,playtech:HotGemsCashCollectC1,Hot Gems: Cash Collect,NOT_IN_CATALOGUE
Playtech,playtech,playtech:IceCave,Ice Cave,NOT_IN_CATALOGUE
Playtech,playtech,playtech:InfinityDragon,Infinity Dragon,NOT_IN_CATALOGUE
Playtech,playtech,playtech:IrishClickAWin,Irish Click-A-Win,NOT_IN_CATALOGUE
Playtech,playtech,playtech:IrishClickAWinB1,Irish Click-A-Win,NOT_IN_CATALOGUE
Playtech,playtech,playtech:IrishLuck,Irish Luck,NOT_IN_CATALOGUE
Playtech,playtech,playtech:ItalianCashbackBlackjack,Italian Cashback Blackjack,NOT_IN_CATALOGUE
Playtech,playtech,playtech:JackpotBells,Jackpot Bells,NOT_IN_CATALOGUE
Playtech,playtech,playtech:JackpotBells10000,Jackpot Bells 10000,NOT_IN_CATALOGUE
Playtech,playtech,playtech:JackpotBlitzRhinoBlitz,Jackpot Blitz Rhino Blitz,NOT_IN_CATALOGUE
Playtech,playtech,playtech:JackpotGiant,Jackpot Giant,NOT_IN_CATALOGUE
Playtech,playtech,playtech:JacksorBetter,Jacks or Better,NOT_IN_CATALOGUE
Playtech,playtech,playtech:JadeBaccarat,Jade Baccarat,NOT_IN_CATALOGUE
Playtech,playtech,playtech:JadeBaccaratNC,Jade Baccarat NC,NOT_IN_CATALOGUE
Playtech,playtech,playtech:JaneJonesBookofKings2,Jane Jones Book of Kings 2,NOT_IN_CATALOGUE
Playtech,playtech,playtech:JaneJonesBookofKings293,Jane Jones Book of Kings 2,NOT_IN_CATALOGUE
Playtech,playtech,playtech:JapaneseSqueezeBaccarat,Japanese Squeeze Baccarat,NOT_IN_CATALOGUE
Playtech,playtech,playtech:JapaneseSqueezeBaccaratNC,Japanese Squeeze Baccarat NC,NOT_IN_CATALOGUE
Playtech,playtech,playtech:JoBlitzB1,Jo Blitz,NOT_IN_CATALOGUE
Playtech,playtech,playtech:JokerHotReels,Joker Hot Reels,NOT_IN_CATALOGUE
Playtech,playtech,playtech:JokerRush,Joker Rush,NOT_IN_CATALOGUE
Playtech,playtech,playtech:JokerRush96,Joker Rush,NOT_IN_CATALOGUE
Playtech,playtech,playtech:JokerRushCashCollect,Joker Rush: Cash Collect,NOT_IN_CATALOGUE
Playtech,playtech,playtech:JokerRushCashCollect95,Joker Rush: Cash Collect,NOT_IN_CATALOGUE
Playtech,playtech,playtech:JokerRushPowerPlayJackpot,Joker Rush: PowerPlay Jackpot,NOT_IN_CATALOGUE
Playtech,playtech,playtech:JokerSpinAndRoll,Joker Spin & Roll,NOT_IN_CATALOGUE
Playtech,playtech,playtech:JokerSpinAndRollB1,Joker Spin & Roll,NOT_IN_CATALOGUE
Playtech,playtech,playtech:JokerSpinAndRollC1,Joker Spin & Roll,NOT_IN_CATALOGUE
Playtech,playtech,playtech:JuegoDeLaOca,Juego De La Oca,NOT_IN_CATALOGUE
Playtech,playtech,playtech:JungleGiants,Jungle Giants,NOT_IN_CATALOGUE
Playtech,playtech,playtech:JungleGiantsB1,Jungle Giants,NOT_IN_CATALOGUE
Playtech,playtech,playtech:JungleTrouble,Jungle Trouble,NOT_IN_CATALOGUE
Playtech,playtech,playtech:JurassicIsland2,Jurassic Island 2,NOT_IN_CATALOGUE
Playtech,playtech,playtech:KaChingBoom,Ka Ching Boom,NOT_IN_CATALOGUE
Playtech,playtech,playtech:KaChingBoomA1,Ka Ching Boom,NOT_IN_CATALOGUE
Playtech,playtech,playtech:KaChingBoomB1,Ka Ching Boom,NOT_IN_CATALOGUE
Playtech,playtech,playtech:KaChingBoomC1,Ka Ching Boom,NOT_IN_CATALOGUE
Playtech,playtech,playtech:KickItMultiplayer,Kick It! Multiplayer,NOT_IN_CATALOGUE
Playtech,playtech,playtech:KingBlitz,King Blitz,READY
Playtech,playtech,playtech:KingBlitz96,King Blitz,READY
Playtech,playtech,playtech:KingofGizaMegaCashCollectAndLink,King of Giza: Mega Cash Collect & Link,NOT_IN_CATALOGUE
Playtech,playtech,playtech:KingofGizaMegaCashCollectAndLinkB1,King of Giza: Mega Cash Collect & Link,NOT_IN_CATALOGUE
Playtech,playtech,playtech:KingofGizaMegaCashCollectAndLinkC1,King of Giza: Mega Cash Collect & Link,NOT_IN_CATALOGUE
Playtech,playtech,playtech:KingofOlympus95,King of Olympus,NOT_IN_CATALOGUE
Playtech,playtech,playtech:KingofOlympusB1,King of Olympus,NOT_IN_CATALOGUE
Playtech,playtech,playtech:KingoftheBarrels,King of the Barrels,NOT_IN_CATALOGUE
Playtech,playtech,playtech:KingoftheBarrelsA1,King of the Barrels,NOT_IN_CATALOGUE
Playtech,playtech,playtech:KingoftheBarrelsB1,King of the Barrels,NOT_IN_CATALOGUE
Playtech,playtech,playtech:KingoftheBarrelsC1,King of the Barrels,NOT_IN_CATALOGUE
Playtech,playtech,playtech:KingRichwin,King Richwin,NOT_IN_CATALOGUE
Playtech,playtech,playtech:KingRichwinA1,King Richwin,NOT_IN_CATALOGUE
Playtech,playtech,playtech:KingRichwinB1,King Richwin,NOT_IN_CATALOGUE
Playtech,playtech,playtech:KingRichwinC1,King Richwin,NOT_IN_CATALOGUE
Playtech,playtech,playtech:KingRichwinRoyalHoliday,King Richwin: Royal Holiday,NOT_IN_CATALOGUE
Playtech,playtech,playtech:KingRichwinRoyalHolidayA1,King Richwin: Royal Holiday,NOT_IN_CATALOGUE
Playtech,playtech,playtech:KingRichwinRoyalHolidayB1,King Richwin: Royal Holiday,NOT_IN_CATALOGUE
Playtech,playtech,playtech:KingRichwinRoyalHolidayC1,King Richwin: Royal Holiday,NOT_IN_CATALOGUE
Playtech,playtech,playtech:KingRichwinRoyalHolidayC2,King Richwin: Royal Holiday,NOT_IN_CATALOGUE
Playtech,playtech,playtech:KingsMystery,King's Mystery,READY
Playtech,playtech,playtech:KingsMysteryA1,King's Mystery,READY
Playtech,playtech,playtech:KingsMysteryB1,King's Mystery,READY
Playtech,playtech,playtech:KingsMysteryC1,King's Mystery,READY
Playtech,playtech,playtech:KoiHarmony,Koi Harmony,NOT_IN_CATALOGUE
Playtech,playtech,playtech:KoreanSpeedBaccarat1,Korean Speed Baccarat 1,NOT_IN_CATALOGUE
Playtech,playtech,playtech:SpeedBaccarat1,Korean Speed Baccarat 1,NOT_IN_CATALOGUE
Playtech,playtech,playtech:KoreanSpeedBaccarat22,Korean Speed Baccarat 2,NOT_IN_CATALOGUE
Playtech,playtech,playtech:KoreanSpeedBaccarat3,Korean Speed Baccarat 3,NOT_IN_CATALOGUE
Playtech,playtech,playtech:KoreanSpeedBaccarat4,Korean Speed Baccarat 4,NOT_IN_CATALOGUE
Playtech,playtech,playtech:KoreanSpeedBaccarat5,Korean Speed Baccarat 5,NOT_IN_CATALOGUE
Playtech,playtech,playtech:KoreanSpeedBaccarat6,Korean Speed Baccarat 6,NOT_IN_CATALOGUE
Playtech,playtech,playtech:KoreanSpeedBaccarat7,Korean Speed Baccarat 7,NOT_IN_CATALOGUE
Playtech,playtech,playtech:KoreanSpeedBaccarat2NC,Korean Speed Baccarat NC,NOT_IN_CATALOGUE
Playtech,playtech,playtech:KrakenSpins,Kraken Spins,READY
Playtech,playtech,playtech:KrakenSpins91,Kraken Spins,READY
Playtech,playtech,playtech:KrakenSpins94,Kraken Spins,READY
Playtech,playtech,playtech:KrakenSpins95,Kraken Spins,READY
Playtech,playtech,playtech:Ladderz,Ladderz,NOT_IN_CATALOGUE
Playtech,playtech,playtech:LadderzB1,Ladderz,NOT_IN_CATALOGUE
Playtech,playtech,playtech:LadderzC1,Ladderz,NOT_IN_CATALOGUE
Playtech,playtech,playtech:LegacyoftheWild,Legacy of the Wild,NOT_IN_CATALOGUE
Playtech,playtech,playtech:LegacyoftheWild2,Legacy of the Wild 2,NOT_IN_CATALOGUE
Playtech,playtech,playtech:LegacyoftheWild291,Legacy of the Wild 2,NOT_IN_CATALOGUE
Playtech,playtech,playtech:LeprechaunsLuckCashCollectMegaways,Leprechaun's Luck Cash Collect Megaways,NOT_IN_CATALOGUE
Playtech,playtech,playtech:LeprechaunsLuckCashCollectMegaways90,Leprechaun's Luck Cash Collect Megaways,NOT_IN_CATALOGUE
Playtech,playtech,playtech:LeprechaunsLuckCashCollectMegaways94,Leprechaun's Luck Cash Collect Megaways,NOT_IN_CATALOGUE
Playtech,playtech,playtech:LeprechaunsLuckCashCollectMegawaysPowerPlayJackpot,Leprechaun’s Luck: Cash Collect: Megaways PowerPlay Jackpot,NOT_IN_CATALOGUE
Playtech,playtech,playtech:LeprechaunsLuckMegaCashCollectA1,Leprechaun's Luck: Mega Cash Collect,NOT_IN_CATALOGUE
Playtech,playtech,playtech:LeprechaunsLuckMegaCashCollectB1,Leprechaun's Luck: Mega Cash Collect,NOT_IN_CATALOGUE
Playtech,playtech,playtech:LeprechaunsLuckMegaCashCollectC1,Leprechaun's Luck: Mega Cash Collect,NOT_IN_CATALOGUE
Playtech,playtech,playtech:LeprechaunsLuckMegaCashCollectFBBFA1,Leprechaun's Luck: Mega Cash Collect,NOT_IN_CATALOGUE
Playtech,playtech,playtech:LeprechaunsLuckMegaCashCollectFBBFB1,Leprechaun's Luck: Mega Cash Collect,NOT_IN_CATALOGUE
Playtech,playtech,playtech:LeprechaunsLuckCashCollect,Leprechauns Luck: Cash Collect,NOT_IN_CATALOGUE
Playtech,playtech,playtech:LeprechaunsLuckCashCollect92,Leprechauns Luck: Cash Collect,NOT_IN_CATALOGUE
Playtech,playtech,playtech:LieYanZuanShi,Lie Yan Zuan Shi,NOT_IN_CATALOGUE
Playtech,playtech,playtech:LightsofLuck,Lights of Luck,READY
Playtech,playtech,playtech:LightsofLuckA1,Lights of Luck,READY
Playtech,playtech,playtech:LightsofLuckB1,Lights of Luck,READY
Playtech,playtech,playtech:LightsofLuckC1,Lights of Luck,READY
Playtech,playtech,playtech:LilDemonBlazingLava,Lil Demon: Blazing Lava,READY
Playtech,playtech,playtech:LilDemonBlazingLavaA1,Lil Demon: Blazing Lava,READY
Playtech,playtech,playtech:LilDemonBlazingLavaB1,Lil Demon: Blazing Lava,READY
Playtech,playtech,playtech:LilDemonBlazingLavaC1,Lil Demon: Blazing Lava,READY
Playtech,playtech,playtech:LilDemonClickAWin,Lil Demon: Click-A-Win,NOT_IN_CATALOGUE
Playtech,playtech,playtech:LilDemonClickAWinB1,Lil Demon: Click-A-Win,NOT_IN_CATALOGUE
Playtech,playtech,playtech:LilDemonDoubleHeat,Lil Demon: Double Heat,NOT_IN_CATALOGUE
Playtech,playtech,playtech:LilDemonDoubleHeatB1,Lil Demon: Double Heat,NOT_IN_CATALOGUE
Playtech,playtech,playtech:LilDemonDoubleHeatC1,Lil Demon: Double Heat,NOT_IN_CATALOGUE
Playtech,playtech,playtech:LilDemonMegaCashCollect,Lil Demon: Mega Cash Collect,READY
Playtech,playtech,playtech:LilDemonMegaCashCollectC1,Lil Demon: Mega Cash Collect,READY
Playtech,playtech,playtech:LilDemonMegaCashCollectB1,Lil Demon: Mega Cash Collect B1,NOT_IN_CATALOGUE
Playtech,playtech,playtech:LilGreedy,Lil Greedy,NOT_IN_CATALOGUE
Playtech,playtech,playtech:LilGreedyA1,Lil Greedy,NOT_IN_CATALOGUE
Playtech,playtech,playtech:LilGreedyB1,Lil Greedy,NOT_IN_CATALOGUE
Playtech,playtech,playtech:LilGreedyC1,Lil Greedy,NOT_IN_CATALOGUE
Playtech,playtech,playtech:LilSphinx,Lil Sphinx,READY
Playtech,playtech,playtech:LilSphinxB1,Lil Sphinx,READY
Playtech,playtech,playtech:LilSphinxC1,Lil Sphinx,READY
Playtech,playtech,playtech:LionMania,Lion Mania,NOT_IN_CATALOGUE
Playtech,playtech,playtech:LiveDragonTiger,Live Dragon Tiger,NOT_IN_CATALOGUE
Playtech,playtech,playtech:LiveFrenchRoulette,Live French Roulette,NOT_IN_CATALOGUE
Playtech,playtech,playtech:LiveSpinaWin,Live Spin a Win,NOT_IN_CATALOGUE
Playtech,playtech,playtech:LockAndHitRedKnight,Lock & Hit: Red Knight,NOT_IN_CATALOGUE
Playtech,playtech,playtech:LockAndHitRedKnight90,Lock & Hit: Red Knight,NOT_IN_CATALOGUE
Playtech,playtech,playtech:LockAndHitRedKnight93,Lock & Hit: Red Knight,NOT_IN_CATALOGUE
Playtech,playtech,playtech:LockdownLoot,Lockdown Loot,NOT_IN_CATALOGUE
Playtech,playtech,playtech:LockdownLoot91,Lockdown Loot,NOT_IN_CATALOGUE
Playtech,playtech,playtech:LockdownLoot95,Lockdown Loot,NOT_IN_CATALOGUE
Playtech,playtech,playtech:LondonBaccarat,London Baccarat,NOT_IN_CATALOGUE
Playtech,playtech,playtech:LondonBlackjack,London Blackjack,NOT_IN_CATALOGUE
Playtech,playtech,playtech:LondonRoulette,London Roulette,NOT_IN_CATALOGUE
Playtech,playtech,playtech:LottoMadness,Lotto Madness,NOT_IN_CATALOGUE
Playtech,playtech,playtech:LottoMadnessA1,Lotto Madness!,NOT_IN_CATALOGUE
Playtech,playtech,playtech:LottoMadnessB1,Lotto Madness!,NOT_IN_CATALOGUE
Playtech,playtech,playtech:SportsRoulette,Lounge Roulette,NOT_IN_CATALOGUE
Playtech,playtech,playtech:Lovefool,Love fool,NOT_IN_CATALOGUE
Playtech,playtech,playtech:LuckyBallRoulette,Lucky Ball Roulette,NOT_IN_CATALOGUE
Playtech,playtech,playtech:LuckyBassMegaCashCollect,Lucky Bass Mega Cash Collect,NOT_IN_CATALOGUE
Playtech,playtech,playtech:LuckyBassMegaCashCollectB1,Lucky Bass Mega Cash Collect,NOT_IN_CATALOGUE
Playtech,playtech,playtech:LuckyBassMegaCashCollectC1,Lucky Bass Mega Cash Collect,NOT_IN_CATALOGUE
Playtech,playtech,playtech:LuckyEmeralds,Lucky Emeralds,NOT_IN_CATALOGUE
Playtech,playtech,playtech:LuckyGiftCashCollect,Lucky Gift: Cash Collect,READY
Playtech,playtech,playtech:LuckyGiftCashCollect94,Lucky Gift: Cash Collect,READY
Playtech,playtech,playtech:LuckyGiftCashCollect95,Lucky Gift: Cash Collect,READY
Playtech,playtech,playtech:LuckyLuckyBlackjack,Lucky Lucky Blackjack,NOT_IN_CATALOGUE
Playtech,playtech,playtech:RoyaleBaccarat,Lucky Tree Baccarat,NOT_IN_CATALOGUE
Playtech,playtech,playtech:LuminousLife,Luminous Life,NOT_IN_CATALOGUE
Playtech,playtech,playtech:LunarLinkNileMoon,Lunar Link: Nile Moon,NOT_IN_CATALOGUE
Playtech,playtech,playtech:LunarLinkNileMoonA1,Lunar Link: Nile Moon,NOT_IN_CATALOGUE
Playtech,playtech,playtech:LunarLinkNileMoonB1,Lunar Link: Nile Moon,NOT_IN_CATALOGUE
Playtech,playtech,playtech:LunarLinkNileMoonC1,Lunar Link: Nile Moon,NOT_IN_CATALOGUE
Playtech,playtech,playtech:LunarLinkPhoenixMoons,Lunar Link: Phoenix Moons,NOT_IN_CATALOGUE
Playtech,playtech,playtech:LunarLinkPhoenixMoons1,Lunar Link: Phoenix Moons,NOT_IN_CATALOGUE
Playtech,playtech,playtech:LunarLinkSkyKing,Lunar Link: Sky King,NOT_IN_CATALOGUE
Playtech,playtech,playtech:LunarLinkSkyKing1,Lunar Link: Sky King,NOT_IN_CATALOGUE
Playtech,playtech,playtech:LunarLinkSkyKingA1,Lunar Link: Sky King,NOT_IN_CATALOGUE
Playtech,playtech,playtech:LunarLinkSkyKingC1,Lunar Link: Sky King,NOT_IN_CATALOGUE
Playtech,playtech,playtech:LunarLinkTheLegendofKingArthur,Lunar Link: The Legend of King Arthur,READY
Playtech,playtech,playtech:LunarLinkTheLegendofKingArthurA1,Lunar Link: The Legend of King Arthur,READY
Playtech,playtech,playtech:LunarLinkTheLegendofKingArthurB1,Lunar Link: The Legend of King Arthur,READY
Playtech,playtech,playtech:LunarLinkTheLegendofKingArthurC1,Lunar Link: The Legend of King Arthur,READY
Playtech,playtech,playtech:MacabraLinx,Macabra Linx,NOT_IN_CATALOGUE
Playtech,playtech,playtech:MacabraLinx91,Macabra Linx,NOT_IN_CATALOGUE
Playtech,playtech,playtech:MacabraLinx94,Macabra Linx,NOT_IN_CATALOGUE
Playtech,playtech,playtech:MacabraLinx95,Macabra Linx,NOT_IN_CATALOGUE
Playtech,playtech,playtech:MacabraLinxPowerPlayJackpot,Macabra Linx PowerPlay Jackpot,NOT_IN_CATALOGUE
Playtech,playtech,playtech:MahjongMagic,Mahjong Magic,NOT_IN_CATALOGUE
Playtech,playtech,playtech:MahjongMagicA1,Mahjong Magic,NOT_IN_CATALOGUE
Playtech,playtech,playtech:MahjongMagicB1,Mahjong Magic,NOT_IN_CATALOGUE
Playtech,playtech,playtech:MahjongMagicC1,Mahjong Magic,NOT_IN_CATALOGUE
Playtech,playtech,playtech:MayanBlocks,Mayan Blocks,NOT_IN_CATALOGUE
Playtech,playtech,playtech:MayanBlocksPowerPlay,Mayan Blocks Power Play,NOT_IN_CATALOGUE
Playtech,playtech,playtech:MegaFireBlazeAgeoftheGodsRouletteLive,Mega Fire Blaze Age of the Gods Roulette Live,NOT_IN_CATALOGUE
Playtech,playtech,playtech:MegaFireBlazeBlackjackLive,Mega Fire Blaze Blackjack Live,NOT_IN_CATALOGUE
Playtech,playtech,playtech:MegaFireBlazeLuckyBallBrasileiro,Mega Fire Blaze Lucky Ball Brasileiro,NOT_IN_CATALOGUE
Playtech,playtech,playtech:MegaFireBlazeLuckyBallLive,Mega Fire Blaze Lucky Ball Live,READY
Playtech,playtech,playtech:MegaFireBlazeRoulette,Mega Fire Blaze Roulette,NOT_IN_CATALOGUE
Playtech,playtech,playtech:MegaFireBlazeRouletteItaliana,Mega Fire Blaze Roulette Italiana,NOT_IN_CATALOGUE
Playtech,playtech,playtech:MegaFireBlazaRoulette,Mega Fire Blaze Roulette Live,READY
Playtech,playtech,playtech:MegaFireBlazeRouletteSpain,Mega Fire Blaze Ruleta Espana,NOT_IN_CATALOGUE
Playtech,playtech,playtech:MegaFireBlaze3Wizards,Mega Fire Blaze: 3 Wizards,READY
Playtech,playtech,playtech:MegaFireBlaze3Wizards91,Mega Fire Blaze: 3 Wizards,READY
Playtech,playtech,playtech:MegaFireBlaze3Wizards93,Mega Fire Blaze: 3 Wizards,READY
Playtech,playtech,playtech:MegaFireBlaze3Wizards95,Mega Fire Blaze: 3 Wizards,READY
Playtech,playtech,playtech:MegaFireBlazeAxoloco,Mega Fire Blaze: Axoloco,NOT_IN_CATALOGUE
Playtech,playtech,playtech:MegaFireBlazeAxolocoB1,Mega Fire Blaze: Axoloco,NOT_IN_CATALOGUE
Playtech,playtech,playtech:MegaFireBlazeAxolocoC1,Mega Fire Blaze: Axoloco,NOT_IN_CATALOGUE
Playtech,playtech,playtech:MegaFireBlazeBigCircus,Mega Fire Blaze: Big Circus,NOT_IN_CATALOGUE
Playtech,playtech,playtech:MegaFireBlazeBigCircus92,Mega Fire Blaze: Big Circus,NOT_IN_CATALOGUE
Playtech,playtech,playtech:MegaFireBlazeBigCircus96,Mega Fire Blaze: Big Circus,NOT_IN_CATALOGUE
Playtech,playtech,playtech:MegaFireBlazeDwarvesandGoblins,Mega Fire Blaze: Dwarves and Goblins,NOT_IN_CATALOGUE
Playtech,playtech,playtech:MegaFireBlazeDwarvesandGoblinsA1,Mega Fire Blaze: Dwarves and Goblins,NOT_IN_CATALOGUE
Playtech,playtech,playtech:MegaFireBlazeDwarvesandGoblinsB1,Mega Fire Blaze: Dwarves and Goblins,NOT_IN_CATALOGUE
Playtech,playtech,playtech:MegaFireBlazeEmperorofRomeA1,Mega Fire Blaze: Emperor of Rome,NOT_IN_CATALOGUE
Playtech,playtech,playtech:MegaFireBlazeEmperorOfRome,Mega Fire Blaze: Emperor Of Rome,NOT_IN_CATALOGUE
Playtech,playtech,playtech:MegaFireBlazeEmperorOfRome90,Mega Fire Blaze: Emperor Of Rome,NOT_IN_CATALOGUE
Playtech,playtech,playtech:MegaFireBlazeEmperorOfRome93,Mega Fire Blaze: Emperor Of Rome,NOT_IN_CATALOGUE
Playtech,playtech,playtech:MegaFireBlazeKhonsuGodofMoon,Mega Fire Blaze: Khonsu God of Moon,READY
Playtech,playtech,playtech:MegaFireBlazeKhonsuGodofMoon95,Mega Fire Blaze: Khonsu God of Moon,READY
Playtech,playtech,playtech:MegaFireBlazeKhonsuGodofMoonPowerplayJackpot,Mega Fire Blaze: Khonsu God of Moon Powerplay Jackpot,NOT_IN_CATALOGUE
Playtech,playtech,playtech:MegaFireBlazeJackpotsLegacyoftheTiger,Mega Fire Blaze: Legacy of the Tiger,NOT_IN_CATALOGUE
Playtech,playtech,playtech:MegaFireBlazeLegacyoftheTigerPA,Mega Fire Blaze: Legacy of the Tiger,NOT_IN_CATALOGUE
Playtech,playtech,playtech:MegaFireBlazeLilPerez,Mega Fire Blaze: Lil' Perez,NOT_IN_CATALOGUE
Playtech,playtech,playtech:MegaFireBlazeLuckyBass,Mega Fire Blaze: Lucky Bass,NOT_IN_CATALOGUE
Playtech,playtech,playtech:MegaFireBlazeLuckyBassA1,Mega Fire Blaze: Lucky Bass,NOT_IN_CATALOGUE
Playtech,playtech,playtech:MegaFireBlazeLuckyBassB1,Mega Fire Blaze: Lucky Bass,NOT_IN_CATALOGUE
Playtech,playtech,playtech:MegaFireBlazeLuckyBassC1,Mega Fire Blaze: Lucky Bass,NOT_IN_CATALOGUE
Playtech,playtech,playtech:MegaFireBlazePiggiesandtheBank,Mega Fire Blaze: Piggies and the Bank,NOT_IN_CATALOGUE
Playtech,playtech,playtech:MegaFireBlazePiggiesandtheBankC1,Mega Fire Blaze: Piggies and the Bank,NOT_IN_CATALOGUE
Playtech,playtech,playtech:PiggiesandtheBank,Mega Fire Blaze: Piggies and the Bank,NOT_IN_CATALOGUE
Playtech,playtech,playtech:PiggiesandtheBank95,Mega Fire Blaze: Piggies and the Bank,NOT_IN_CATALOGUE
Playtech,playtech,playtech:MegaFireBlazePlinko,Mega Fire Blaze: Plinko,NOT_IN_CATALOGUE
Playtech,playtech,playtech:MegaFireBlazeTheKhan,Mega Fire Blaze: The Khan,NOT_IN_CATALOGUE
Playtech,playtech,playtech:MegaFireBlazeTheKhanA1,Mega Fire Blaze: The Khan,NOT_IN_CATALOGUE
Playtech,playtech,playtech:MegaFireBlazeTheKhanB1,Mega Fire Blaze: The Khan,NOT_IN_CATALOGUE
Playtech,playtech,playtech:MegaFireBlazeTheKhanC1,Mega Fire Blaze: The Khan,NOT_IN_CATALOGUE
Playtech,playtech,playtech:WildPistoleroMegaFireBlaze,Mega Fire Blaze: Wild Pistolero,NOT_IN_CATALOGUE
Playtech,playtech,playtech:WildPistoleroMegaFireBlaze91,Mega Fire Blaze: Wild Pistolero,NOT_IN_CATALOGUE
Playtech,playtech,playtech:WildPistoleroMegaFireBlaze95,Mega Fire Blaze: Wild Pistolero,NOT_IN_CATALOGUE
Playtech,playtech,playtech:MGMGrandLiveAmericanRoulette,MGM Grand Live American Roulette,NOT_IN_CATALOGUE
Playtech,playtech,playtech:MGMGrandLiveBaccarat,MGM Grand Live Baccarat,NOT_IN_CATALOGUE
Playtech,playtech,playtech:MGMGrandLiveRoulette,MGM Grand Live Roulette,NOT_IN_CATALOGUE
Playtech,playtech,playtech:MidnightWilds,Midnight Wilds,NOT_IN_CATALOGUE
Playtech,playtech,playtech:MightyHatMineOMine,Mighty Hat Mine O’Mine,READY
Playtech,playtech,playtech:MightyHatMineOMine96,Mighty Hat Mine O’Mine,READY
Playtech,playtech,playtech:MightyHatLampofGold,Mighty Hat: Lamp of Gold,READY
Playtech,playtech,playtech:MightyHatLampofGold96,Mighty Hat: Lamp of Gold,READY
Playtech,playtech,playtech:MineALicious,Mine-A-Licious,NOT_IN_CATALOGUE
Playtech,playtech,playtech:MineALiciousNJP,Mine-A-Licious,NOT_IN_CATALOGUE
Playtech,playtech,playtech:MiniRoulette,Mini Roulette,OTHER_PROVIDER
Playtech,playtech,playtech:MissFortune,Miss Fortune,NOT_IN_CATALOGUE
Playtech,playtech,playtech:MobileBlackjack,Mobile Blackjack,NOT_IN_CATALOGUE
Playtech,playtech,playtech:MoneyDropLive,Money Drop Live,NOT_IN_CATALOGUE
Playtech,playtech,playtech:MonkeyandRat,Monkey and Rat,NOT_IN_CATALOGUE
Playtech,playtech,playtech:MonkeyMania2,Monkey Mania 2,NOT_IN_CATALOGUE
Playtech,playtech,playtech:MonkeyMania2A1,Monkey Mania 2,NOT_IN_CATALOGUE
Playtech,playtech,playtech:MonkeyMania2B1,Monkey Mania 2,NOT_IN_CATALOGUE
Playtech,playtech,playtech:MonkeyMania2C1,Monkey Mania 2,NOT_IN_CATALOGUE
Playtech,playtech,playtech:MonstersMultipliers,Monster Multipliers,NOT_IN_CATALOGUE
Playtech,playtech,playtech:MonstersMultipliers95,Monster Multipliers,NOT_IN_CATALOGUE
Playtech,playtech,playtech:MooMooMoo,Moo Moo Moo,NOT_IN_CATALOGUE
Playtech,playtech,playtech:MooMooMooA1,Moo Moo Moo,NOT_IN_CATALOGUE
Playtech,playtech,playtech:MooMooMooB1,Moo Moo Moo,NOT_IN_CATALOGUE
Playtech,playtech,playtech:MooMooMooC1,Moo Moo Moo,NOT_IN_CATALOGUE
Playtech,playtech,playtech:MrCashback,Mr. Cashback,NOT_IN_CATALOGUE
Playtech,playtech,playtech:MurderMystery,Murder Mystery,NOT_IN_CATALOGUE
Playtech,playtech,playtech:MysticMines,Mystic Mines,READY
Playtech,playtech,playtech:MysticMinesA1,Mystic Mines,READY
Playtech,playtech,playtech:MysticMinesB1,Mystic Mines,READY
Playtech,playtech,playtech:MysticMinesC1,Mystic Mines,READY
Playtech,playtech,playtech:MysticTalesMightyHat,Mystic Tales - Mighty Hat,NOT_IN_CATALOGUE
Playtech,playtech,playtech:MysticTalesMightyHat95,Mystic Tales - Mighty Hat,NOT_IN_CATALOGUE
Playtech,playtech,playtech:NederlandseRoulette,Nederlandse Roulette,NOT_IN_CATALOGUE
Playtech,playtech,playtech:NeptunesKingdom,Neptune's Kingdom,NOT_IN_CATALOGUE
Playtech,playtech,playtech:NewYearsBonanza,New Year's Bonanza,NOT_IN_CATALOGUE
Playtech,playtech,playtech:NiShuShenMe,Ni Shu Shen Me,NOT_IN_CATALOGUE
Playtech,playtech,playtech:NigelofRa,Nigel of Ra,NOT_IN_CATALOGUE
Playtech,playtech,playtech:NigelofRaA1,Nigel of Ra,NOT_IN_CATALOGUE
Playtech,playtech,playtech:NigelofRaB1,Nigel of Ra,NOT_IN_CATALOGUE
Playtech,playtech,playtech:OceanFrenzy,Ocean Frenzy,READY
Playtech,playtech,playtech:OceanFrenzyA1,Ocean Frenzy,READY
Playtech,playtech,playtech:OceanFrenzyB1,Ocean Frenzy,READY
Playtech,playtech,playtech:OceanFrenzyC1,Ocean Frenzy,READY
Playtech,playtech,playtech:OctoberCash,October Cash,NOT_IN_CATALOGUE
Playtech,playtech,playtech:OctoberCashB1,October Cash,NOT_IN_CATALOGUE
Playtech,playtech,playtech:OctoberCashC1,October Cash,NOT_IN_CATALOGUE
Playtech,playtech,playtech:OinkOinkOinkAstrosnouts,Oink Oink Oink: Astrosnouts,READY
Playtech,playtech,playtech:OinkOinkOinkAstrosnoutsA1,Oink Oink Oink: Astrosnouts,READY
Playtech,playtech,playtech:OinkOinkOinkAstrosnoutsB1,Oink Oink Oink: Astrosnouts,READY
Playtech,playtech,playtech:OinkOinkOinkAstrosnoutsC1,Oink Oink Oink: Astrosnouts,READY
Playtech,playtech,playtech:OinkOinkOinkPharaohs,Oink Oink Oink: Pharaohs,NOT_IN_CATALOGUE
Playtech,playtech,playtech:OinkOinkOinkPharaohsA1,Oink Oink Oink: Pharaohs,NOT_IN_CATALOGUE
Playtech,playtech,playtech:OinkOinkOinkPharaohsB1,Oink Oink Oink: Pharaohs,NOT_IN_CATALOGUE
Playtech,playtech,playtech:OinkOinkOinkPharaohsC1,Oink Oink Oink: Pharaohs,NOT_IN_CATALOGUE
Playtech,playtech,playtech:OinkOinkOink,Oink Oink Oink!,NOT_IN_CATALOGUE
Playtech,playtech,playtech:OinkOinkOink95,Oink Oink Oink!,NOT_IN_CATALOGUE
Playtech,playtech,playtech:OncaMania,Onca Mania,NOT_IN_CATALOGUE
Playtech,playtech,playtech:OncaManiaA1,Onca Mania,NOT_IN_CATALOGUE
Playtech,playtech,playtech:OncaManiaB1,Onca Mania,NOT_IN_CATALOGUE
Playtech,playtech,playtech:OncaManiaC1,Onca Mania,NOT_IN_CATALOGUE
Playtech,playtech,playtech:OrianasOrbs,Oriana’s Orbs,NOT_IN_CATALOGUE
Playtech,playtech,playtech:OrianasOrbsA1,Oriana’s Orbs,NOT_IN_CATALOGUE
Playtech,playtech,playtech:OrianasOrbsB1,Oriana’s Orbs,NOT_IN_CATALOGUE
Playtech,playtech,playtech:OrianasOrbsC1,Oriana’s Orbs,NOT_IN_CATALOGUE
Playtech,playtech,playtech:OxRiches,Ox Riches,READY
Playtech,playtech,playtech:PandaBlitz,Panda Blitz,NOT_IN_CATALOGUE
Playtech,playtech,playtech:PandaBlitzA1,Panda Blitz,NOT_IN_CATALOGUE
Playtech,playtech,playtech:PandaBlitzB1,Panda Blitz,NOT_IN_CATALOGUE
Playtech,playtech,playtech:PandaBlitzC1,Panda Blitz,NOT_IN_CATALOGUE
Playtech,playtech,playtech:PandaLuck,Panda Luck,READY
Playtech,playtech,playtech:PantherMoon,Panther Moon,NOT_IN_CATALOGUE
Playtech,playtech,playtech:PantherMoonBonusLines,Panther Moon: Bonus Lines,NOT_IN_CATALOGUE
Playtech,playtech,playtech:PantherMoonBonusLines91,Panther Moon: Bonus Lines,NOT_IN_CATALOGUE
Playtech,playtech,playtech:PantherMoonBonusLines93,Panther Moon: Bonus Lines,NOT_IN_CATALOGUE
Playtech,playtech,playtech:PantherPays,Panther Pays,NOT_IN_CATALOGUE
Playtech,playtech,playtech:PantherPaysPowerPlayJP,Panther Pays Power Play JP,NOT_IN_CATALOGUE
Playtech,playtech,playtech:PearlsPearlsPearls,Pearls Pearls Pearls,NOT_IN_CATALOGUE
Playtech,playtech,playtech:PenguinVacation,Penguin Vacation,NOT_IN_CATALOGUE
Playtech,playtech,playtech:PennyRoulette,Penny Roulette,READY
Playtech,playtech,playtech:PerfectBlackjack,Perfect Blackjack,NOT_IN_CATALOGUE
Playtech,playtech,playtech:PeruColombiaBJ,Peru Colombia BJ,NOT_IN_CATALOGUE
Playtech,playtech,playtech:SpreadBetRoulette,Peru Spread Bet Roulette,NOT_IN_CATALOGUE
Playtech,playtech,playtech:PharaohsTreasureDeluxe,Pharaoh's Treasure Deluxe,NOT_IN_CATALOGUE
Playtech,playtech,playtech:PhoenixHeat,Phoenix Heat,NOT_IN_CATALOGUE
Playtech,playtech,playtech:PhoenixHeatB1,Phoenix Heat,NOT_IN_CATALOGUE
Playtech,playtech,playtech:PigeonsfromSpace,Pigeons from Space!,NOT_IN_CATALOGUE
Playtech,playtech,playtech:PigeonsfromSpace95,Pigeons from Space!,NOT_IN_CATALOGUE
Playtech,playtech,playtech:PigeonsFromSpace!B1,Pigeons From Space!,NOT_IN_CATALOGUE
Playtech,playtech,playtech:PigeonsFromSpace!B191,Pigeons From Space!,NOT_IN_CATALOGUE
Playtech,playtech,playtech:PigeonsFromSpacePowerPlayJackpot,Pigeons From Space! PowerPlay Jackpot,NOT_IN_CATALOGUE
Playtech,playtech,playtech:PiggiesAndDiamondsA1,Piggies & Diamonds,NOT_IN_CATALOGUE
Playtech,playtech,playtech:PiggiesAndDiamondsB1,Piggies & Diamonds,NOT_IN_CATALOGUE
Playtech,playtech,playtech:PiggiesAndDiamondsC1,Piggies & Diamonds,NOT_IN_CATALOGUE
Playtech,playtech,playtech:PiggiesandtheBankCashCollectLink,Piggies and the Bank: Cash Collect & Link,READY
Playtech,playtech,playtech:PiggiesandtheBankCashCollectLinkB1,Piggies and the Bank: Cash Collect & Link,READY
Playtech,playtech,playtech:PiggiesandtheBankCashCollectLinkC1,Piggies and the Bank: Cash Collect & Link,READY
Playtech,playtech,playtech:PiggiesandtheBankClickAWinA1,Piggies and the Bank: Click-A-Win,NOT_IN_CATALOGUE
Playtech,playtech,playtech:PiggiesandtheBankClickAWinB1,Piggies and the Bank: Click-A-Win,NOT_IN_CATALOGUE
Playtech,playtech,playtech:PiggyMania,Piggy Mania,NOT_IN_CATALOGUE
Playtech,playtech,playtech:PiggyManiaA1,Piggy Mania,NOT_IN_CATALOGUE
Playtech,playtech,playtech:PiggyManiaB1,Piggy Mania,NOT_IN_CATALOGUE
Playtech,playtech,playtech:PiggyManiaC1,Piggy Mania,NOT_IN_CATALOGUE
Playtech,playtech,playtech:PiranhaTrio,Piranha Trio,NOT_IN_CATALOGUE
Playtech,playtech,playtech:PixelSamurai,Pixel Samurai,NOT_IN_CATALOGUE
Playtech,playtech,playtech:PlentyOFortune,Plenty O'Fortune,NOT_IN_CATALOGUE
Playtech,playtech,playtech:PlunderAhoyThundershots,Plunder Ahoy Thundershots,NOT_IN_CATALOGUE
Playtech,playtech,playtech:PokerLobby,Poker Lobby,NOT_IN_CATALOGUE
Playtech,playtech,playtech:IshtarPowerZones,Power Zones: Ishtar,NOT_IN_CATALOGUE
Playtech,playtech,playtech:LegendofHydraPowerZones,Power Zones: Legend of Hydra,NOT_IN_CATALOGUE
Playtech,playtech,playtech:PowerZonesPyramidValley,Power Zones: Pyramid Valley,NOT_IN_CATALOGUE
Playtech,playtech,playtech:ThunderBirdsPowerZones,Power Zones: Thunder Birds,NOT_IN_CATALOGUE
Playtech,playtech,playtech:ThunderBirdsPowerZones96,Power Zones: Thunder Birds,NOT_IN_CATALOGUE
Playtech,playtech,playtech:PremiumAmericanRoulette,Premium American Roulette,NOT_IN_CATALOGUE
Playtech,playtech,playtech:PremiumBaccarat,Premium Baccarat,NOT_IN_CATALOGUE
Playtech,playtech,playtech:PremiumBlackjack,Premium Blackjack,NOT_IN_CATALOGUE
Playtech,playtech,playtech:PremiumBlackjackSingleHand,Premium Blackjack Single Hand,NOT_IN_CATALOGUE
Playtech,playtech,playtech:PremiumEuropeanRoulette,Premium European Roulette,NOT_IN_CATALOGUE
Playtech,playtech,playtech:PremiumFrenchRoulette,Premium French Roulette,NOT_IN_CATALOGUE
Playtech,playtech,playtech:PrestigeRoulette,Prestige Roulette,NOT_IN_CATALOGUE
Playtech,playtech,playtech:PrideofPersiaEmpireTreasures,Pride of Persia: Empire Treasures,NOT_IN_CATALOGUE
Playtech,playtech,playtech:PumpkinBonanza,Pumpkin Bonanza,NOT_IN_CATALOGUE
Playtech,playtech,playtech:PuntoBancoSoireeGold,Punto Banco Soiree Gold,NOT_IN_CATALOGUE
Playtech,playtech,playtech:PurpleHot,Purple Hot,NOT_IN_CATALOGUE
Playtech,playtech,playtech:PyramidLinx,Pyramid Linx,READY
Playtech,playtech,playtech:PyramidLinx92,Pyramid Linx,READY
Playtech,playtech,playtech:PyramidLinx95,Pyramid Linx,READY
Playtech,playtech,playtech:QinsEmpireCaishensTemple,Qin's Empire: Caishen's Temple,NOT_IN_CATALOGUE
Playtech,playtech,playtech:QinsEmpireCaishensTemple96,Qin's Empire: Caishen's Temple,NOT_IN_CATALOGUE
Playtech,playtech,playtech:QinsEmpireCelestialGuardians96,Qin's Empire: Celestial Guardians,READY
Playtech,playtech,playtech:QinsEmpire,Qins Empire,NOT_IN_CATALOGUE
Playtech,playtech,playtech:QuadLinkCount,Quad Link Count,READY
Playtech,playtech,playtech:QuadLinkCountA1,Quad Link Count,READY
Playtech,playtech,playtech:QuadLinkCountB1,Quad Link Count,READY
Playtech,playtech,playtech:QuadLinkCountC1,Quad Link Count,READY
Playtech,playtech,playtech:QuadLinkRed,Quad Link Red,READY
Playtech,playtech,playtech:QuadLinkRedA1,Quad Link Red,READY
Playtech,playtech,playtech:QuadLinkRedB1,Quad Link Red,READY
Playtech,playtech,playtech:QuadLinkRedC1,Quad Link Red,READY
Playtech,playtech,playtech:QuantumBaccarat,Quantum Baccarat,NOT_IN_CATALOGUE
Playtech,playtech,playtech:QuantumBlackjackPlus,Quantum Blackjack Plus,READY
Playtech,playtech,playtech:QuantumBlackjackInstantPlay,Quantum Blackjack Plus Instant Play,NOT_IN_CATALOGUE
Playtech,playtech,playtech:QuantumRoulette,Quantum Roulette,NOT_IN_CATALOGUE
Playtech,playtech,playtech:QuantumRuletaEspana,Quantum Ruleta Espana,NOT_IN_CATALOGUE
Playtech,playtech,playtech:QueenofthePyramids,Queen of the Pyramids: Mega Cash Collect,NOT_IN_CATALOGUE
Playtech,playtech,playtech:QueenofthePyramidsMegaCashCollect,Queen of the Pyramids: Mega Cash Collect,NOT_IN_CATALOGUE
Playtech,playtech,playtech:QueenofthePyramidsMegaCashCollect90,Queen of the Pyramids: Mega Cash Collect,NOT_IN_CATALOGUE
Playtech,playtech,playtech:QueensMystery,Queen's Mystery,READY
Playtech,playtech,playtech:QueensMysteryA1,Queen's Mystery,READY
Playtech,playtech,playtech:QueensMysteryB1,Queen's Mystery,READY
Playtech,playtech,playtech:QueensMysteryC1,Queen's Mystery,READY
Playtech,playtech,playtech:QuestWest,Quest West,NOT_IN_CATALOGUE
Playtech,playtech,playtech:RabbitandtheFox,Rabbit and the Fox,NOT_IN_CATALOGUE
Playtech,playtech,playtech:RabbitandtheFoxA1,Rabbit and the Fox,NOT_IN_CATALOGUE
Playtech,playtech,playtech:RabbitandtheFoxB1,Rabbit and the Fox,NOT_IN_CATALOGUE
Playtech,playtech,playtech:RabbitandtheFoxC1,Rabbit and the Fox,NOT_IN_CATALOGUE
Playtech,playtech,playtech:ReactionLink,Reaction Link,READY
Playtech,playtech,playtech:ReactionLinkB1,Reaction Link,READY
Playtech,playtech,playtech:ReactionLinkC1,Reaction Link,READY
Playtech,playtech,playtech:ReadytoBlowThundershots,Ready to Blow: Thundershots,NOT_IN_CATALOGUE
Playtech,playtech,playtech:ReadytoBlowThundershots93,Ready to Blow: Thundershots,NOT_IN_CATALOGUE
Playtech,playtech,playtech:ReadytoBlowThundershots95,Ready to Blow: Thundershots,NOT_IN_CATALOGUE
Playtech,playtech,playtech:ReadySteadyRobo,"Ready, Steady, Robo",NOT_IN_CATALOGUE
Playtech,playtech,playtech:ReadySteadyRoboA1,"Ready, Steady, Robo",NOT_IN_CATALOGUE
Playtech,playtech,playtech:ReadySteadyRoboB1,"Ready, Steady, Robo",NOT_IN_CATALOGUE
Playtech,playtech,playtech:ReadySteadyRoboC1,"Ready, Steady, Robo",NOT_IN_CATALOGUE
Playtech,playtech,playtech:RecordsRiches,Record's Riches,NOT_IN_CATALOGUE
Playtech,playtech,playtech:RedWizardBankItUp,Red Wizard: Bank It Up,READY
Playtech,playtech,playtech:RedWizardBankItUpB1,Red Wizard: Bank It Up,READY
Playtech,playtech,playtech:RedWizardBankItUpC1,Red Wizard: Bank It Up,READY
Playtech,playtech,playtech:RetroRush,Retro Rush,NOT_IN_CATALOGUE
Playtech,playtech,playtech:RhinoBlitzL94,Rhino Blitz,NOT_IN_CATALOGUE
Playtech,playtech,playtech:RichRollLustforGold,Rich Roll: Lust for Gold!,NOT_IN_CATALOGUE
Playtech,playtech,playtech:RichRollLustforGold91,Rich Roll: Lust for Gold!,NOT_IN_CATALOGUE
Playtech,playtech,playtech:RichRollLustforGold95,Rich Roll: Lust for Gold!,NOT_IN_CATALOGUE
Playtech,playtech,playtech:RobertoCarlosSportingLegends95,Roberto Carlos Sporting Legends,READY
Playtech,playtech,playtech:RobertoCarlosSportingLegends,Roberto Carlos: Sporting Legends,READY
Playtech,playtech,playtech:RobertoCarlosSportingLegendsFeatureBet,Roberto Carlos: Sporting Legends Feature Bet,NOT_IN_CATALOGUE
Playtech,playtech,playtech:RobertoCarlosSportingLegendsFeatureBetL94,Roberto Carlos: Sporting Legends Feature Bet,NOT_IN_CATALOGUE
Playtech,playtech,playtech:RoguesDraw,Rogues Draw,NOT_IN_CATALOGUE
Playtech,playtech,playtech:RoguesDraw91,Rogues Draw,NOT_IN_CATALOGUE
Playtech,playtech,playtech:RoguesDraw93,Rogues Draw,NOT_IN_CATALOGUE
Playtech,playtech,playtech:RoguesDraw95,Rogues Draw,NOT_IN_CATALOGUE
Playtech,playtech,playtech:RoletaBrasileria,Roleta Brasileira,NOT_IN_CATALOGUE
Playtech,playtech,playtech:RoletaCanarinho,Roleta Canarinho,NOT_IN_CATALOGUE
Playtech,playtech,playtech:RomanFruits,Roman Fruits,READY
Playtech,playtech,playtech:RomanFruitsA1,Roman Fruits,READY
Playtech,playtech,playtech:RomanFruitsB1,Roman Fruits,READY
Playtech,playtech,playtech:RomanFruitsC1,Roman Fruits,READY
Playtech,playtech,playtech:RomeandGlory,Rome&Glory,NOT_IN_CATALOGUE
Playtech,playtech,playtech:RouletteLounge,Roulette,OTHER_PROVIDER
Playtech,playtech,playtech:RouletteDeluxe,Roulette Deluxe,NOT_IN_CATALOGUE
Playtech,playtech,playtech:RouletteItaliana,Roulette Italiana,NOT_IN_CATALOGUE
Playtech,playtech,playtech:RouletteLobby,Roulette Lobby,OTHER_PROVIDER
Playtech,playtech,playtech:RovingClover,Roving Clover,NOT_IN_CATALOGUE
Playtech,playtech,playtech:RovingCloverA1,Roving Clover,NOT_IN_CATALOGUE
Playtech,playtech,playtech:RovingCloverB1,Roving Clover,NOT_IN_CATALOGUE
Playtech,playtech,playtech:RovingCloverC1,Roving Clover,NOT_IN_CATALOGUE
Playtech,playtech,playtech:RoyalRespinDeluxe,Royal Respin Deluxe,NOT_IN_CATALOGUE
Playtech,playtech,playtech:LiveBlackjack,Royale Blackjack 1,NOT_IN_CATALOGUE
Playtech,playtech,playtech:RoyalBlackjack2,Royale Blackjack 2,NOT_IN_CATALOGUE
Playtech,playtech,playtech:RoyaleBlackjack3,Royale Blackjack 3,READY
Playtech,playtech,playtech:RoyaleBlackjackk4,Royale Blackjack 4,READY
Playtech,playtech,playtech:RulersoftheWorldEmpireTreasures,Rulers of the World: Empire Treasures,NOT_IN_CATALOGUE
Playtech,playtech,playtech:RulersoftheWorldEmpireTreasures1,Rulers of the World: Empire Treasures,NOT_IN_CATALOGUE
Playtech,playtech,playtech:RuletaAutomaticaCuantica,Ruleta Automatica Cuantica,NOT_IN_CATALOGUE
Playtech,playtech,playtech:RuletaClasica,Ruleta Clasica,NOT_IN_CATALOGUE
Playtech,playtech,playtech:RuletaClasicaFrancesa,Ruleta Clasica Francesa,NOT_IN_CATALOGUE
Playtech,playtech,playtech:RuletaRapida,Ruleta Rapida,NOT_IN_CATALOGUE
Playtech,playtech,playtech:RuyiFrenchRoulette,Ruyi French Roulette,NOT_IN_CATALOGUE
Playtech,playtech,playtech:RuyiRoulette,Ruyi Roulette,NOT_IN_CATALOGUE
Playtech,playtech,playtech:SacredStones,Sacred Stones,NOT_IN_CATALOGUE
Playtech,playtech,playtech:SafariHeat,Safari Heat,NOT_IN_CATALOGUE
Playtech,playtech,playtech:SaharaRichesCashCollect,Sahara Riches Cash Collect,READY
Playtech,playtech,playtech:SaharaRichesCashCollect93,Sahara Riches Cash Collect,READY
Playtech,playtech,playtech:SaharaRichesMegawaysCashCollect,Sahara Riches Megaways Cash Collect,NOT_IN_CATALOGUE
Playtech,playtech,playtech:SaharaRichesMegawaysCashCollect90,Sahara Riches Megaways Cash Collect,NOT_IN_CATALOGUE
Playtech,playtech,playtech:SaharaRichesMegawaysCashCollect94,Sahara Riches Megaways Cash Collect,NOT_IN_CATALOGUE
Playtech,playtech,playtech:SaharaRichesCashCollectMax,Sahara Riches: Cash Collect Max,NOT_IN_CATALOGUE
Playtech,playtech,playtech:SaharaRichesCashCollectMaxB1,Sahara Riches: Cash Collect Max,NOT_IN_CATALOGUE
Playtech,playtech,playtech:SaharaRichesCashCollectMaxC1,Sahara Riches: Cash Collect Max,NOT_IN_CATALOGUE
Playtech,playtech,playtech:SaharaRichesCashCollectMaxD1,Sahara Riches: Cash Collect Max,NOT_IN_CATALOGUE
Playtech,playtech,playtech:SakuraFortuneLive,Sakura Fortune Live,READY
Playtech,playtech,playtech:SamuraiFury,Samurai Fury,NOT_IN_CATALOGUE
Playtech,playtech,playtech:SamuraiFuryA1,Samurai Fury,NOT_IN_CATALOGUE
Playtech,playtech,playtech:SamuraiFuryB1,Samurai Fury,NOT_IN_CATALOGUE
Playtech,playtech,playtech:SantaSurprise,Santa Surprise,NOT_IN_CATALOGUE
Playtech,playtech,playtech:SavageJungle,Savage Jungle,NOT_IN_CATALOGUE
Playtech,playtech,playtech:SecretsoftheAmazon,Secrets of the Amazon,NOT_IN_CATALOGUE
Playtech,playtech,playtech:SetteEMezzo,Sette E Mezzo,NOT_IN_CATALOGUE
Playtech,playtech,playtech:SharkBlitz96,Shark Blitz,NOT_IN_CATALOGUE
Playtech,playtech,playtech:SharkBlitzNJP95,Shark Blitz,NOT_IN_CATALOGUE
Playtech,playtech,playtech:SharkBlitz,Shark Blitz!,NOT_IN_CATALOGUE
Playtech,playtech,playtech:SherlockMystery,Sherlock Mystery,NOT_IN_CATALOGUE
Playtech,playtech,playtech:ShieldsofRome,Shields of Rome,NOT_IN_CATALOGUE
Playtech,playtech,playtech:SicBoDeluxe,Sic Bo Deluxe,NOT_IN_CATALOGUE
Playtech,playtech,playtech:SilentSamurai,Silent Samurai,NOT_IN_CATALOGUE
Playtech,playtech,playtech:SilentSamuraiMegaCashCollect,Silent Samurai: Mega Cash Collect,NOT_IN_CATALOGUE
Playtech,playtech,playtech:SilentSamuraiMegaCashCollect90,Silent Samurai: Mega Cash Collect,NOT_IN_CATALOGUE
Playtech,playtech,playtech:SilentSamuraiMegaCashCollect95,Silent Samurai: Mega Cash Collect,NOT_IN_CATALOGUE
Playtech,playtech,playtech:SilverBullet,Silver Bullet,NOT_IN_CATALOGUE
Playtech,playtech,playtech:SilverBulletBanditCashCollect,Silver Bullet Bandit: Cash Collect,NOT_IN_CATALOGUE
Playtech,playtech,playtech:SilverBulletBanditCashCollect93,Silver Bullet Bandit: Cash Collect,NOT_IN_CATALOGUE
Playtech,playtech,playtech:SinbadsGoldenVoyage,Sinbad's Golden Voyage,NOT_IN_CATALOGUE
Playtech,playtech,playtech:Skullapalooza,Skullapalooza,NOT_IN_CATALOGUE
Playtech,playtech,playtech:SkullapaloozaA1,Skullapalooza,NOT_IN_CATALOGUE
Playtech,playtech,playtech:SkullapaloozaB1,Skullapalooza,NOT_IN_CATALOGUE
Playtech,playtech,playtech:SkullapaloozaC1,Skullapalooza,NOT_IN_CATALOGUE
Playtech,playtech,playtech:SkyQueen,Sky Queen,NOT_IN_CATALOGUE
Playtech,playtech,playtech:SlingshotRuletaEspana,Slingshot Ruleta Espana,NOT_IN_CATALOGUE
Playtech,playtech,playtech:SohoAllBetsBlackjack,Soho All Bets Blackjack,NOT_IN_CATALOGUE
Playtech,playtech,playtech:SoireBlackjack1,Soirée Blackjack,NOT_IN_CATALOGUE
Playtech,playtech,playtech:SoireeBlackjackEliteVIPBlackjack,Soirée Elite VIP Blackjack,NOT_IN_CATALOGUE
Playtech,playtech,playtech:SoireeBlackjackEliteVIPBlackjack2,Soirée Elite VIP Blackjack 2,NOT_IN_CATALOGUE
Playtech,playtech,playtech:SoireeEliteVIPBlackjack2,Soirée Privée Blackjack,NOT_IN_CATALOGUE
Playtech,playtech,playtech:SolarEclipseNorthernWinds,Solar Eclipse Northern Winds,NOT_IN_CATALOGUE
Playtech,playtech,playtech:SolarEclipseDesertTreasure,Solar Eclipse: Desert Treasure,READY
Playtech,playtech,playtech:SolarEclipseDesertTreasureA1,Solar Eclipse: Desert Treasure,READY
Playtech,playtech,playtech:SolarEclipseDesertTreasureB1,Solar Eclipse: Desert Treasure,READY
Playtech,playtech,playtech:SolarEclipseDesertTreasureC1,Solar Eclipse: Desert Treasure,READY
Playtech,playtech,playtech:SolarEclipseJaguarsLair,Solar Eclipse: Jaguar's Lair,NOT_IN_CATALOGUE
Playtech,playtech,playtech:SolarEclipseJaguarsLair95,Solar Eclipse: Jaguar's Lair,NOT_IN_CATALOGUE
Playtech,playtech,playtech:SolarEclipseJaguarsLairC1,Solar Eclipse: Jaguar's Lair,NOT_IN_CATALOGUE
Playtech,playtech,playtech:SolarEclipseNorthernWinds1,Solar Eclipse: Northern Winds,NOT_IN_CATALOGUE
Playtech,playtech,playtech:SolarEclipseNorthernWindsA1,Solar Eclipse: Northern Winds,NOT_IN_CATALOGUE
Playtech,playtech,playtech:SolarEclipseNorthernWindsC1,Solar Eclipse: Northern Winds,NOT_IN_CATALOGUE
Playtech,playtech,playtech:SorcerersGuildofMagic,Sorcerer's Guild of Magic,NOT_IN_CATALOGUE
Playtech,playtech,playtech:SpaceHuntersShootforCash,Space Hunters: Shoot for Cash,NOT_IN_CATALOGUE
Playtech,playtech,playtech:GoldenBaccarat,Speed 6 Scanner Baccarat,NOT_IN_CATALOGUE
Playtech,playtech,playtech:Speed6ScannerBaccaratNC,Speed 6 Scanner Baccarat NC,NOT_IN_CATALOGUE
Playtech,playtech,playtech:PrimeSlingshot,Speed Auto Roulette,READY
Playtech,playtech,playtech:LiveBaccarat,Speed Baccarat,READY
Playtech,playtech,playtech:SpeedBaccarat01,Speed Baccarat 1,READY
Playtech,playtech,playtech:SpeedBaccarat1NC,Speed Baccarat 1 NC,NOT_IN_CATALOGUE
Playtech,playtech,playtech:SpeedBaccarat02,Speed Baccarat 2,READY
Playtech,playtech,playtech:EmperorSpeedBaccarat,Speed Baccarat Emperor,READY
Playtech,playtech,playtech:EmperorSpeedBaccaratNC,Speed Baccarat Emperor NC,NOT_IN_CATALOGUE
Playtech,playtech,playtech:SpeedBaccaratNC,Speed Baccarat NC,NOT_IN_CATALOGUE
Playtech,playtech,playtech:SpeedBlackjack1,Speed Blackjack 1,OTHER_PROVIDER
Playtech,playtech,playtech:SpeedBlackjack2,Speed Blackjack 2,OTHER_PROVIDER
Playtech,playtech,playtech:SpeedBlackjack3,Speed Blackjack 3,OTHER_PROVIDER
Playtech,playtech,playtech:SpeedBlackjackItaliano,Speed Blackjack Italiano,NOT_IN_CATALOGUE
Playtech,playtech,playtech:SpeedBlackjackVZN1,Speed Blackjack VZN 1,NOT_IN_CATALOGUE
Playtech,playtech,playtech:SpeedBlackjackVZN2,Speed Blackjack VZN 2,NOT_IN_CATALOGUE
Playtech,playtech,playtech:SpeedBlackjackVZN3,Speed Blackjack VZN 3,NOT_IN_CATALOGUE
Playtech,playtech,playtech:SiccBo,Speed Sic Bo,NOT_IN_CATALOGUE
Playtech,playtech,playtech:SpinemRound,Spin 'em Round,NOT_IN_CATALOGUE
Playtech,playtech,playtech:SpinemRound95,Spin 'em Round,NOT_IN_CATALOGUE
Playtech,playtech,playtech:SpinemRoundA1,Spin 'em Round,NOT_IN_CATALOGUE
Playtech,playtech,playtech:PeruSpinAWinWildLive,Spin a Win Wild Brasileiro,NOT_IN_CATALOGUE
Playtech,playtech,playtech:SpintillyouWinRoulette,Spin till you Win Roulette,NOT_IN_CATALOGUE
Playtech,playtech,playtech:SportingLegendsFrankieDettori,Sporting Legends: Frankie Dettori,NOT_IN_CATALOGUE
Playtech,playtech,playtech:SportsBaccarat,Sports Baccarat,NOT_IN_CATALOGUE
Playtech,playtech,playtech:SportsBaccaratNC,Sports Baccarat NC,NOT_IN_CATALOGUE
Playtech,playtech,playtech:SportsBetOnBaccarat,Sports Bet On Baccarat,NOT_IN_CATALOGUE
Playtech,playtech,playtech:SportsBlackjack1,Sports Blackjack 1,NOT_IN_CATALOGUE
Playtech,playtech,playtech:SportsBlackjack2,Sports Blackjack 2,NOT_IN_CATALOGUE
Playtech,playtech,playtech:SportsUnlimitedBlackjack,Sports Unlimited Blackjack,NOT_IN_CATALOGUE
Playtech,playtech,playtech:StallionStrike,Stallion Strike,NOT_IN_CATALOGUE
Playtech,playtech,playtech:StallionStrikePowerPlay,Stallion Strike Power Play,NOT_IN_CATALOGUE
Playtech,playtech,playtech:StarHotReels,Star Hot Reels,NOT_IN_CATALOGUE
Playtech,playtech,playtech:StarHotReelsC1,Star Hot Reels,NOT_IN_CATALOGUE
Playtech,playtech,playtech:StarmadaExiles,Starmada Exiles,NOT_IN_CATALOGUE
Playtech,playtech,playtech:StarsAblaze,Stars Ablaze,READY
Playtech,playtech,playtech:StarsAwakening,Stars Awakening,NOT_IN_CATALOGUE
Playtech,playtech,playtech:StellarDiamonds,Stellar Diamonds,NOT_IN_CATALOGUE
Playtech,playtech,playtech:StellarDiamondsA1,Stellar Diamonds,NOT_IN_CATALOGUE
Playtech,playtech,playtech:StellarDiamondsB1,Stellar Diamonds,NOT_IN_CATALOGUE
Playtech,playtech,playtech:StellarDiamondsC1,Stellar Diamonds,NOT_IN_CATALOGUE
Playtech,playtech,playtech:StickyBanditsRoulette,Sticky Bandits Roulette,NOT_IN_CATALOGUE
Playtech,playtech,playtech:StormsofIcePowerPlay,Storms of Ice Power Play Jackpot,NOT_IN_CATALOGUE
Playtech,playtech,playtech:StreakofLuck,Streak of Luck,NOT_IN_CATALOGUE
Playtech,playtech,playtech:StreakofLuckDoubleDice,Streak of Luck: Double Dice,NOT_IN_CATALOGUE
Playtech,playtech,playtech:SuperCardBlackjackLive,Super Card Blackjack Live,NOT_IN_CATALOGUE
Playtech,playtech,playtech:SuperSpeedBaccarat,Super Speed Baccarat,NOT_IN_CATALOGUE
Playtech,playtech,playtech:SuperStepper,Super Stepper,READY
Playtech,playtech,playtech:SuperStepperA1,Super Stepper,READY
Playtech,playtech,playtech:SuperStepperB1,Super Stepper,READY
Playtech,playtech,playtech:SuperStepperC1,Super Stepper,READY
Playtech,playtech,playtech:SweetnJuicy,Sweet n'Juicy,NOT_IN_CATALOGUE
Playtech,playtech,playtech:SweetnJuicyA1,Sweet n'Juicy,NOT_IN_CATALOGUE
Playtech,playtech,playtech:SweetnJuicyB1,Sweet n'Juicy,NOT_IN_CATALOGUE
Playtech,playtech,playtech:SweetnJuicyC1,Sweet n'Juicy,NOT_IN_CATALOGUE
Playtech,playtech,playtech:SweetParty,Sweet Party,NOT_IN_CATALOGUE
Playtech,playtech,playtech:TacoLibreJackpotCashCollectMax,Taco Libre Jackpot: Cash Collect Max,NOT_IN_CATALOGUE
Playtech,playtech,playtech:TacoLibreJackpotCashCollectMaxB1,Taco Libre Jackpot: Cash Collect Max,NOT_IN_CATALOGUE
Playtech,playtech,playtech:TacoLibreJackpotCashCollectMaxC1,Taco Libre Jackpot: Cash Collect Max,NOT_IN_CATALOGUE
Playtech,playtech,playtech:TacoLibreCashCollectMax,Taco Libre: Cash Collect Max,NOT_IN_CATALOGUE
Playtech,playtech,playtech:TacoLibreCashCollectMaxB1,Taco Libre: Cash Collect Max,NOT_IN_CATALOGUE
Playtech,playtech,playtech:TacoLibreCashCollectMaxC1,Taco Libre: Cash Collect Max,NOT_IN_CATALOGUE
Playtech,playtech,playtech:ThaiParadise,Thai Paradise,READY
Playtech,playtech,playtech:TheGreatGenie,The Great Genie,NOT_IN_CATALOGUE
Playtech,playtech,playtech:TheGreatGenie90,The Great Genie,NOT_IN_CATALOGUE
Playtech,playtech,playtech:TheGreatGenie93,The Great Genie,NOT_IN_CATALOGUE
Playtech,playtech,playtech:TheGreatGenie95,The Great Genie,NOT_IN_CATALOGUE
Playtech,playtech,playtech:TheGreatestCardsShow,The Greatest Cards Show,NOT_IN_CATALOGUE
Playtech,playtech,playtech:TheJokeress,The Jokeress,NOT_IN_CATALOGUE
Playtech,playtech,playtech:TheJokeressA1,The Jokeress,NOT_IN_CATALOGUE
Playtech,playtech,playtech:TheJokeressB1,The Jokeress,NOT_IN_CATALOGUE
Playtech,playtech,playtech:TheJokeressC1,The Jokeress,NOT_IN_CATALOGUE
Playtech,playtech,playtech:TheJokeress10000,The Jokeress 10000,NOT_IN_CATALOGUE
Playtech,playtech,playtech:TheJokeress10000A1,The Jokeress 10000,NOT_IN_CATALOGUE
Playtech,playtech,playtech:TheJokeress10000B1,The Jokeress 10000,NOT_IN_CATALOGUE
Playtech,playtech,playtech:TheJokeress10000C1,The Jokeress 10000,NOT_IN_CATALOGUE
Playtech,playtech,playtech:TheQueensCurseEmpireTreasures,The Queen's Curse: Empire Treasures,NOT_IN_CATALOGUE
Playtech,playtech,playtech:TheRacaroon,The Racaroon,READY
Playtech,playtech,playtech:TheRacaroonA1,The Racaroon,READY
Playtech,playtech,playtech:TheRacaroonB1,The Racaroon,READY
Playtech,playtech,playtech:TheRacaroonC1,The Racaroon,READY
Playtech,playtech,playtech:TheRacaroon2,The Racaroon 2,NOT_IN_CATALOGUE
Playtech,playtech,playtech:TheRacaroon2A1,The Racaroon 2,NOT_IN_CATALOGUE
Playtech,playtech,playtech:TheRacaroon2B1,The Racaroon 2,NOT_IN_CATALOGUE
Playtech,playtech,playtech:TheRacaroon2C1,The Racaroon 2,NOT_IN_CATALOGUE
Playtech,playtech,playtech:TheRacaroon2C2,The Racaroon 2,NOT_IN_CATALOGUE
Playtech,playtech,playtech:TheRacaroon2Jackpot,The Racaroon 2 Jackpot,NOT_IN_CATALOGUE
Playtech,playtech,playtech:TheRacaroon2JackpotA1,The Racaroon 2 Jackpot,NOT_IN_CATALOGUE
Playtech,playtech,playtech:TheRacaroon2JackpotB1,The Racaroon 2 Jackpot,NOT_IN_CATALOGUE
Playtech,playtech,playtech:TheRacaroon2JackpotC1,The Racaroon 2 Jackpot,NOT_IN_CATALOGUE
Playtech,playtech,playtech:TheRacaroonHalloween,The Racaroon Halloween,NOT_IN_CATALOGUE
Playtech,playtech,playtech:TheRacaroonHalloweenA1,The Racaroon Halloween,NOT_IN_CATALOGUE
Playtech,playtech,playtech:TheRacaroonHalloweenB1,The Racaroon Halloween,NOT_IN_CATALOGUE
Playtech,playtech,playtech:TheRacaroonHalloweenC1,The Racaroon Halloween,NOT_IN_CATALOGUE
Playtech,playtech,playtech:TheSweetestCashCollect,The Sweetest: Cash Collect,NOT_IN_CATALOGUE
Playtech,playtech,playtech:TheSweetestCashCollectB1,The Sweetest: Cash Collect,NOT_IN_CATALOGUE
Playtech,playtech,playtech:TheSweetestCashCollectC1,The Sweetest: Cash Collect,NOT_IN_CATALOGUE
Playtech,playtech,playtech:TheWalkingDead,The Walking Dead,NOT_IN_CATALOGUE
Playtech,playtech,playtech:TheWalkingDead9257,The Walking Dead,NOT_IN_CATALOGUE
Playtech,playtech,playtech:TheWalkingDead9347,The Walking Dead,NOT_IN_CATALOGUE
Playtech,playtech,playtech:TheWalkingDead9584,The Walking Dead,NOT_IN_CATALOGUE
Playtech,playtech,playtech:WalkingDead2,The Walking Dead 2,NOT_IN_CATALOGUE
Playtech,playtech,playtech:TheWalkingDeadScratch,The Walking Dead Scratch,NOT_IN_CATALOGUE
Playtech,playtech,playtech:TheWalkingDeadCashCollect,The Walking Dead: Cash Collect,NOT_IN_CATALOGUE
Playtech,playtech,playtech:TheWalkingDeadCashCollect90,The Walking Dead: Cash Collect,NOT_IN_CATALOGUE
Playtech,playtech,playtech:TheWalkingDeadCashCollect95,The Walking Dead: Cash Collect,NOT_IN_CATALOGUE
Playtech,playtech,playtech:ThundershotsFairyGathering,Thundershots Fairy Gathering,NOT_IN_CATALOGUE
Playtech,playtech,playtech:TigerClaw,Tiger Claw,NOT_IN_CATALOGUE
Playtech,playtech,playtech:TigerClawA1,Tiger Claw,NOT_IN_CATALOGUE
Playtech,playtech,playtech:TigerClawB1,Tiger Claw,NOT_IN_CATALOGUE
Playtech,playtech,playtech:TigerClawBJPB1,Tiger Claw,NOT_IN_CATALOGUE
Playtech,playtech,playtech:TigerStacks,Tiger Stacks,NOT_IN_CATALOGUE
Playtech,playtech,playtech:DragonTigerPhoenixTurtle,Tiger Turtle Dragon Phoenix,NOT_IN_CATALOGUE
Playtech,playtech,playtech:TigersPrideGoldPile,Tigers Pride: Gold Pile,NOT_IN_CATALOGUE
Playtech,playtech,playtech:TipTopTotems,Tip Top Totems,NOT_IN_CATALOGUE
Playtech,playtech,playtech:TipTopTotemsPowerPlay,Tip Top Totems Power Play,NOT_IN_CATALOGUE
Playtech,playtech,playtech:ToadsGift,Toads Gift,NOT_IN_CATALOGUE
Playtech,playtech,playtech:ToroMania,Toro Mania,NOT_IN_CATALOGUE
Playtech,playtech,playtech:ToroManiaA1,Toro Mania,NOT_IN_CATALOGUE
Playtech,playtech,playtech:ToroManiaB1,Toro Mania,NOT_IN_CATALOGUE
Playtech,playtech,playtech:ToroManiaC1,Toro Mania,NOT_IN_CATALOGUE
Playtech,playtech,playtech:Torrente,Torrente,NOT_IN_CATALOGUE
Playtech,playtech,playtech:ToucanMania,Toucan Mania,NOT_IN_CATALOGUE
Playtech,playtech,playtech:ToucanManiaA1,Toucan Mania,NOT_IN_CATALOGUE
Playtech,playtech,playtech:ToucanManiaB1,Toucan Mania,NOT_IN_CATALOGUE
Playtech,playtech,playtech:ToucanManiaC1,Toucan Mania,NOT_IN_CATALOGUE
Playtech,playtech,playtech:TouroMania,Touro Mania,NOT_IN_CATALOGUE
Playtech,playtech,playtech:TouroManiaA1,Touro Mania,NOT_IN_CATALOGUE
Playtech,playtech,playtech:TouroManiaB1,Touro Mania,NOT_IN_CATALOGUE
Playtech,playtech,playtech:TreeWishes,Tree Wishes,READY
Playtech,playtech,playtech:TreeWishesA1,Tree Wishes,READY
Playtech,playtech,playtech:TreeWishesB1,Tree Wishes,READY
Playtech,playtech,playtech:TreeWishesC1,Tree Wishes,READY
Playtech,playtech,playtech:TripleMeowRiches,Triple Meow Riches,NOT_IN_CATALOGUE
Playtech,playtech,playtech:TripleMeowRichesA1,Triple Meow Riches,NOT_IN_CATALOGUE
Playtech,playtech,playtech:TripleMeowRichesB1,Triple Meow Riches,NOT_IN_CATALOGUE
Playtech,playtech,playtech:TripleMeowRichesC1,Triple Meow Riches,NOT_IN_CATALOGUE
Playtech,playtech,playtech:TripleMoneyJackpot,Triple Money Jackpot,NOT_IN_CATALOGUE
Playtech,playtech,playtech:TripleMoneyJackpotB1,Triple Money Jackpot,NOT_IN_CATALOGUE
Playtech,playtech,playtech:TripleMoneyJackpotC1,Triple Money Jackpot,NOT_IN_CATALOGUE
Playtech,playtech,playtech:TripleMoneyJackpotBells,Triple Money Jackpot Bells,NOT_IN_CATALOGUE
Playtech,playtech,playtech:TripleMoneyJackpotBellsB1,Triple Money Jackpot Bells,NOT_IN_CATALOGUE
Playtech,playtech,playtech:TripleMoneyJackpotBellsC1,Triple Money Jackpot Bells,NOT_IN_CATALOGUE
Playtech,playtech,playtech:TripleMoneyJackpotGold,Triple Money Jackpot Gold!,NOT_IN_CATALOGUE
Playtech,playtech,playtech:TripleMoneyJackpotSpicy,Triple Money Jackpot Spicy!,NOT_IN_CATALOGUE
Playtech,playtech,playtech:TripleStopHerculesRules,Triple Stop: Hercules Rules,READY
Playtech,playtech,playtech:TripleStopHerculesRulesA1,Triple Stop: Hercules Rules,READY
Playtech,playtech,playtech:TripleStopHerculesRulesC1,Triple Stop: Hercules Rules,READY
Playtech,playtech,playtech:TripleStopMermaidsFind,Triple Stop: Mermaids Find,NOT_IN_CATALOGUE
Playtech,playtech,playtech:TripleStopMermaidsFind91,Triple Stop: Mermaids Find,NOT_IN_CATALOGUE
Playtech,playtech,playtech:TripleStopMermaidsFind95,Triple Stop: Mermaids Find,NOT_IN_CATALOGUE
Playtech,playtech,playtech:TrueLove,True Love,NOT_IN_CATALOGUE
Playtech,playtech,playtech:UltraAce,Ultra Ace,READY
Playtech,playtech,playtech:UltraAceA1,Ultra Ace,READY
Playtech,playtech,playtech:UltraAceB1,Ultra Ace,READY
Playtech,playtech,playtech:UltraAceC1,Ultra Ace,READY
Playtech,playtech,playtech:VacationStation,Vacation Station,NOT_IN_CATALOGUE
Playtech,playtech,playtech:VampirePrincessofDarkness,Vampire Princess of Darkness,NOT_IN_CATALOGUE
Playtech,playtech,playtech:VaultoftheDeep,Vault of the Deep,NOT_IN_CATALOGUE
Playtech,playtech,playtech:VaultoftheDeepA1,Vault of the Deep,NOT_IN_CATALOGUE
Playtech,playtech,playtech:VaultoftheDeepB1,Vault of the Deep,NOT_IN_CATALOGUE
Playtech,playtech,playtech:VaultoftheDeepC1,Vault of the Deep,NOT_IN_CATALOGUE
Playtech,playtech,playtech:VegasBlackjack,Vegas Blackjack,NOT_IN_CATALOGUE
Playtech,playtech,playtech:VeilsofVenice,Veils of Venice,NOT_IN_CATALOGUE
Playtech,playtech,playtech:VeilsofVenice91,Veils of Venice,NOT_IN_CATALOGUE
Playtech,playtech,playtech:VeilsofVenice95,Veils of Venice,NOT_IN_CATALOGUE
Playtech,playtech,playtech:EmpireTreasuresVikings,Vikings: Empire Treasures,NOT_IN_CATALOGUE
Playtech,playtech,playtech:Blackjack8,VIP Blackjack em Portugués,NOT_IN_CATALOGUE
Playtech,playtech,playtech:VirtualHostQuantumRoulette,Virtual Host Quantum Roulette,NOT_IN_CATALOGUE
Playtech,playtech,playtech:VirtualHostQuantumRoulettex1000,Virtual Host Quantum Roulette x1000,NOT_IN_CATALOGUE
Playtech,playtech,playtech:VirtualHostRoletaQuantum,Virtual Host Roleta Quantum,NOT_IN_CATALOGUE
Playtech,playtech,playtech:VirtualHostRoletaQuantumx1000,Virtual Host Roleta Quantum x1000,NOT_IN_CATALOGUE
Playtech,playtech,playtech:VirtualHostRuletaQuantum,Virtual Host Ruleta Quantum,NOT_IN_CATALOGUE
Playtech,playtech,playtech:VirtualHostRuletaQuantumx1000,Virtual Host Ruleta Quantum x1000,NOT_IN_CATALOGUE
Playtech,playtech,playtech:VZNBlackjack1,VZN Blackjack 1,NOT_IN_CATALOGUE
Playtech,playtech,playtech:VZNBlackjack2,VZN Blackjack 2,NOT_IN_CATALOGUE
Playtech,playtech,playtech:VZNBlackjack3,VZN Blackjack 3,NOT_IN_CATALOGUE
Playtech,playtech,playtech:VZNBrasileiro1,VZN Brasileiro 1,NOT_IN_CATALOGUE
Playtech,playtech,playtech:VZNBrasileiro2,VZN Brasileiro 2,NOT_IN_CATALOGUE
Playtech,playtech,playtech:VZNBrasileiro3,VZN Brasileiro 3,NOT_IN_CATALOGUE
Playtech,playtech,playtech:VZNSpinAWin,VZN Spin A Win,NOT_IN_CATALOGUE
Playtech,playtech,playtech:VZNSpinAWinExtra,VZN Spin A Win Extra,NOT_IN_CATALOGUE
Playtech,playtech,playtech:VZNSpinAWinWild,VZN Spin A Win Wild,NOT_IN_CATALOGUE
Playtech,playtech,playtech:WaysoftheGenieThundershots,Ways of the Genie – Thundershots,NOT_IN_CATALOGUE
Playtech,playtech,playtech:WaysoftheGenieThundershots95,Ways of the Genie – Thundershots,NOT_IN_CATALOGUE
Playtech,playtech,playtech:WheelsofFlame,Wheels of Flame,NOT_IN_CATALOGUE
Playtech,playtech,playtech:WheelsofFlame95,Wheels of Flame,NOT_IN_CATALOGUE
Playtech,playtech,playtech:WheelsofFlameB1,Wheels of Flame,NOT_IN_CATALOGUE
Playtech,playtech,playtech:WheelsofFlameFBC1,Wheels of Flame,NOT_IN_CATALOGUE
Playtech,playtech,playtech:WheelsofFlamePowerPlayJackpot,Wheels of Flame PowerPlay Jackpot,NOT_IN_CATALOGUE
Playtech,playtech,playtech:WhiteKing,White King,NOT_IN_CATALOGUE
Playtech,playtech,playtech:WhiteKing2,White King 2,NOT_IN_CATALOGUE
Playtech,playtech,playtech:WhoWantsToBeAMillionaireRoulette,Who Wants To Be A Millionaire Roulette,OTHER_PROVIDER
Playtech,playtech,playtech:WildCrusadeEmpireTreasures,Wild Crusade: Empire Treasures,NOT_IN_CATALOGUE
Playtech,playtech,playtech:WildLava,Wild Lava,NOT_IN_CATALOGUE
Playtech,playtech,playtech:WildLavaScratch,Wild Lava Scratch,NOT_IN_CATALOGUE
Playtech,playtech,playtech:WildLinX,Wild LinX,NOT_IN_CATALOGUE
Playtech,playtech,playtech:WildLinX92,Wild LinX,NOT_IN_CATALOGUE
Playtech,playtech,playtech:WildLinxLow,Wild Linx Low,NOT_IN_CATALOGUE
Playtech,playtech,playtech:PowerPlayWildLinX,Wild LinX PowerPlay Jackpot,NOT_IN_CATALOGUE
Playtech,playtech,playtech:WildRoll,Wild Roll,READY
Playtech,playtech,playtech:WildRollB1,Wild Roll,READY
Playtech,playtech,playtech:WildRollC1,Wild Roll,READY
Playtech,playtech,playtech:WildWestWild,Wild West Wilds,NOT_IN_CATALOGUE
Playtech,playtech,playtech:WitchesCashCollect,Witches: Cash Collect,NOT_IN_CATALOGUE
Playtech,playtech,playtech:WitchesCashCollect93,Witches: Cash Collect,NOT_IN_CATALOGUE
Playtech,playtech,playtech:WizzyTrix,Wizzy Trix,NOT_IN_CATALOGUE
Playtech,playtech,playtech:WizzyTrixA1,Wizzy Trix,NOT_IN_CATALOGUE
Playtech,playtech,playtech:WizzyTrixB1,Wizzy Trix,NOT_IN_CATALOGUE
Playtech,playtech,playtech:WizzyTrixC1,Wizzy Trix,NOT_IN_CATALOGUE
Playtech,playtech,playtech:WolfAndCrown,Wolf & Crown,NOT_IN_CATALOGUE
Playtech,playtech,playtech:WolfAndCrownA1,Wolf & Crown,NOT_IN_CATALOGUE
Playtech,playtech,playtech:WolfAndCrownB1,Wolf & Crown,NOT_IN_CATALOGUE
Playtech,playtech,playtech:WolfAndCrownC1,Wolf & Crown,NOT_IN_CATALOGUE
Playtech,playtech,playtech:WolvesCashCollectLink,Wolves! Cash Collect & Link,NOT_IN_CATALOGUE
Playtech,playtech,playtech:WolvesCashCollectLinkB1,Wolves! Cash Collect & Link,NOT_IN_CATALOGUE
Playtech,playtech,playtech:WolvesCashCollectLinkC1,Wolves! Cash Collect & Link,NOT_IN_CATALOGUE
Playtech,playtech,playtech:WolvesCashCollectLinkFB,Wolves! Cash Collect & Link,NOT_IN_CATALOGUE
Playtech,playtech,playtech:Wolves,Wolves! Wolves! Wolves!,NOT_IN_CATALOGUE
Playtech,playtech,playtech:WonderlandLuckyBall,Wonderland Lucky Ball,READY
Playtech,playtech,playtech:WuLong,Wu Long,NOT_IN_CATALOGUE
Playtech,playtech,playtech:WushuPunch,Wushu Punch,NOT_IN_CATALOGUE
Playtech,playtech,playtech:WushuPunch95,Wushu Punch,NOT_IN_CATALOGUE
Playtech,playtech,playtech:x1000QuantumRoulette,x1000 Quantum Roulette,NOT_IN_CATALOGUE
Playtech,playtech,playtech:YuTuJinCaiCashCollectA1,Yu Tu Jin Cai: Cash Collect,NOT_IN_CATALOGUE
Playtech,playtech,playtech:YuTuJinCaiCashCollectC1,Yu Tu Jin Cai: Cash Collect,NOT_IN_CATALOGUE
Playtech,playtech,playtech:ZhaoCaiJinBao,Zhao Cai Jin Bao,NOT_IN_CATALOGUE
Playtech,playtech,playtech:ZodiacCharms,Zodiac Charms,NOT_IN_CATALOGUE
Relax Gaming,relax,relax:AgroCulture,AgroCulture,NOT_IN_CATALOGUE
Relax Gaming,relax,relax:AgroCulture94,AgroCulture,NOT_IN_CATALOGUE
Relax Gaming,relax,relax:AncientTumble,Ancient Tumble,READY
Relax Gaming,relax,relax:AncientTumble94,Ancient Tumble,READY
Relax Gaming,relax,relax:AtlantisCrush,Atlantis Crush,READY
Relax Gaming,relax,relax:AtlantisCrush94,Atlantis Crush,READY
Relax Gaming,relax,relax:AuraGod,Aura God,READY
Relax Gaming,relax,relax:AuraGod94,Aura God,READY
Relax Gaming,relax,relax:BaconBankroll,Bacon Bankroll,READY
Relax Gaming,relax,relax:BaconBankroll94,Bacon Bankroll,READY
Relax Gaming,relax,relax:BananaTown,Banana Town,READY
Relax Gaming,relax,relax:BananaTown94,Banana Town,READY
Relax Gaming,relax,relax:BananaTownDreamDrop,Banana Town Dream Drop,READY
Relax Gaming,relax,relax:BeastGains,Beast Gains,READY
Relax Gaming,relax,relax:BeastGains94,Beast Gains,READY
Relax Gaming,relax,relax:BeastMode,Beast Mode,READY
Relax Gaming,relax,relax:BeellionairesDreamDrop,Beellionaires Dream Drop,READY
Relax Gaming,relax,relax:BillAndCoin,Bill & Coin,READY
Relax Gaming,relax,relax:BillAndCoin94,Bill & Coin,READY
Relax Gaming,relax,relax:BillAndCoin2DreamDrop,Bill & Coin 2 Dream Drop,NOT_IN_CATALOGUE
Relax Gaming,relax,relax:BillCoin2MummyMischief,Bill & Coin 2: Mummy Mischief,READY
Relax Gaming,relax,relax:BillCoin2MummyMischief94,Bill & Coin 2: Mummy Mischief,READY
Relax Gaming,relax,relax:BillAndCoinDreamDrop,Bill & Coin Dream Drop,READY
Relax Gaming,relax,relax:Blackjack,Blackjack Neo,READY
Relax Gaming,relax,relax:BlenderBlitz,Blender Blitz,READY
Relax Gaming,relax,relax:BlenderBlitz94,Blender Blitz,READY
Relax Gaming,relax,relax:BoneRaiders,Bone Raiders,READY
Relax Gaming,relax,relax:BoneRaiders94,Bone Raiders,READY
Relax Gaming,relax,relax:BonsaiDragonBlitz,Bonsai Dragon Blitz,NOT_IN_CATALOGUE
Relax Gaming,relax,relax:BonsaiDragonBlitz94,Bonsai Dragon Blitz,NOT_IN_CATALOGUE
Relax Gaming,relax,relax:BonsaiDragonBlitzDreamDrop,Bonsai Dragon Blitz Dream Drop,READY
Relax Gaming,relax,relax:Bookof99,Book of 99,READY
Relax Gaming,relax,relax:BookOfPower,Book Of Power,READY
Relax Gaming,relax,relax:BookOfPower94,Book Of Power,READY
Relax Gaming,relax,relax:BountyCounty,Bounty County,READY
Relax Gaming,relax,relax:BountyCounty94,Bounty County,READY
Relax Gaming,relax,relax:CamelotCash,Camelot Cash,READY
Relax Gaming,relax,relax:CamelotCash94,Camelot Cash,READY
Relax Gaming,relax,relax:CashinTransit,Cash in Transit,READY
Relax Gaming,relax,relax:CashinTransit94,Cash in Transit,READY
Relax Gaming,relax,relax:CavemanBob,Caveman Bob,READY
Relax Gaming,relax,relax:ChipSpin,Chip Spin,READY
Relax Gaming,relax,relax:Cloudforge,Cloudforge,NOT_IN_CATALOGUE
Relax Gaming,relax,relax:Cloudforge94,Cloudforge,NOT_IN_CATALOGUE
Relax Gaming,relax,relax:ClusterTumble,Cluster Tumble,READY
Relax Gaming,relax,relax:ClusterTumble94,Cluster Tumble,READY
Relax Gaming,relax,relax:ClusterTumbleDreamDrop,Cluster Tumble Dream Drop,READY
Relax Gaming,relax,relax:CodOfThunderDreamDrop,Cod Of Thunder Dream Drop,READY
Relax Gaming,relax,relax:ConquerBabylon,Conquer Babylon,READY
Relax Gaming,relax,relax:ConquerBabylon94,Conquer Babylon,READY
Relax Gaming,relax,relax:CowabungaDreamDrop,Cowabunga Dream Drop,READY
Relax Gaming,relax,relax:DeadMansTrail,Dead Man's Trail,NOT_IN_CATALOGUE
Relax Gaming,relax,relax:DeadMansTrail94,Dead Man's Trail,NOT_IN_CATALOGUE
Relax Gaming,relax,relax:DeadMansTrailDreamDrop,Dead Man's Trail Dream Drop,READY
Relax Gaming,relax,relax:DeadRidersTrail,Dead Riders Trail,READY
Relax Gaming,relax,relax:DeadRidersTrail94,Dead Riders Trail,READY
Relax Gaming,relax,relax:DeepDescent,Deep Descent,READY
Relax Gaming,relax,relax:DragonsAwakening,Dragons' Awakening,READY
Relax Gaming,relax,relax:DreamDropDiamonds,Dream Drop Diamonds,READY
Relax Gaming,relax,relax:EmeraldsInfinityReels,Emerald's Infinity Reels,READY
Relax Gaming,relax,relax:EpicDreams,Epic Dreams,READY
Relax Gaming,relax,relax:EpicDreams94,Epic Dreams,READY
Relax Gaming,relax,relax:EpicJoker,Epic Joker,READY
Relax Gaming,relax,relax:EriktheRed,Erik the Red,READY
Relax Gaming,relax,relax:FangsInferno,Fang's Inferno,READY
Relax Gaming,relax,relax:FangsInferno94,Fang's Inferno,READY
Relax Gaming,relax,relax:FangsInfernoDreamDrop,Fang's Inferno Dream Drop,READY
Relax Gaming,relax,relax:FeatherFury,Feather Fury,READY
Relax Gaming,relax,relax:FeatherFury94,Feather Fury,READY
Relax Gaming,relax,relax:FirewinsFactory,Firewins Factory,READY
Relax Gaming,relax,relax:FirewinsFactory94,Firewins Factory,READY
Relax Gaming,relax,relax:FlyCatsDreamDrop,Fly Cats Dream Drop,NOT_IN_CATALOGUE
Relax Gaming,relax,relax:FranksDiner,Frank's Diner,READY
Relax Gaming,relax,relax:FranksDiner94,Frank's Diner,READY
Relax Gaming,relax,relax:FrequentFlyer,Frequent Flyer,READY
Relax Gaming,relax,relax:GalacticRacersDreamDrop,Galactic Racers Dream Drop,READY
Relax Gaming,relax,relax:GiantsSheep,Giants & Sheep,READY
Relax Gaming,relax,relax:GiantsSheep94,Giants & Sheep,READY
Relax Gaming,relax,relax:GlyphofGods,Glyph of Gods,READY
Relax Gaming,relax,relax:GlyphofGods94,Glyph of Gods,READY
Relax Gaming,relax,relax:GrimTheSplitterDreamDrop,Grim The Splitter Dream Drop,READY
Relax Gaming,relax,relax:GroovyKnightsDreamDrop,Groovy Knights Dream Drop,READY
Relax Gaming,relax,relax:GuitarQuest,Guitar Quest,NOT_IN_CATALOGUE
Relax Gaming,relax,relax:GuitarQuest94,Guitar Quest,NOT_IN_CATALOGUE
Relax Gaming,relax,relax:HazakuraWays,Hazakura Ways,READY
Relax Gaming,relax,relax:HeliosFury,Helios’ Fury,READY
Relax Gaming,relax,relax:Hellcatraz,Hellcatraz,READY
Relax Gaming,relax,relax:Hellcatraz94,Hellcatraz,READY
Relax Gaming,relax,relax:Hellcatraz2DreamDrop,Hellcatraz 2 Dream Drop,READY
Relax Gaming,relax,relax:HerculesUnleashedDreamDrop,Hercules Unleashed Dream Drop,READY
Relax Gaming,relax,relax:HeroesGathering,Heroes' Gathering,READY
Relax Gaming,relax,relax:Hex,Hex,READY
Relax Gaming,relax,relax:HorrorHotel,Horror Hotel,READY
Relax Gaming,relax,relax:HotRodRacers,Hot Rod Racers,READY
Relax Gaming,relax,relax:HotRodRacers94,Hot Rod Racers,READY
Relax Gaming,relax,relax:IgnitetheNight,Ignite the Night,READY
Relax Gaming,relax,relax:Immortal5,Immortal 5,READY
Relax Gaming,relax,relax:Immortal594,Immortal 5,READY
Relax Gaming,relax,relax:IronBank,Iron Bank,READY
Relax Gaming,relax,relax:IronBank94,Iron Bank,READY
Relax Gaming,relax,relax:IronBank2,Iron Bank 2,READY
Relax Gaming,relax,relax:IronBank294,Iron Bank 2,READY
Relax Gaming,relax,relax:ItsTime,It's Time,READY
Relax Gaming,relax,relax:JokerSplit,Joker Split,READY
Relax Gaming,relax,relax:JokerSplit94,Joker Split,READY
Relax Gaming,relax,relax:JumboJuicy,Jumbo Juicy,READY
Relax Gaming,relax,relax:JumboJuicy94,Jumbo Juicy,READY
Relax Gaming,relax,relax:JurassicParty,Jurassic Party,READY
Relax Gaming,relax,relax:KingofKings,King of Kings,READY
Relax Gaming,relax,relax:KlusterKrystals,Kluster Krystals Megaclusters,READY
Relax Gaming,relax,relax:KrakensCove,Kraken's Cove,READY
Relax Gaming,relax,relax:KrakensCove94,Kraken's Cove,READY
Relax Gaming,relax,relax:LaFiesta,La Fiesta,READY
Relax Gaming,relax,relax:LetsGetReadyToRumble,Let's Get Ready To Rumble,READY
Relax Gaming,relax,relax:LineBustersDreamDrop,Line Busters Dream Drop,READY
Relax Gaming,relax,relax:LureOfFortune,Lure Of Fortune,READY
Relax Gaming,relax,relax:LureOfFortune94,Lure Of Fortune,READY
Relax Gaming,relax,relax:MarchingLegions,Marching Legions,READY
Relax Gaming,relax,relax:MaskedTreasures,Masked Treasures,READY
Relax Gaming,relax,relax:MaskedTreasures94,Masked Treasures,READY
Relax Gaming,relax,relax:MegaFlip,Mega Flip,READY
Relax Gaming,relax,relax:MegaHeist,Mega Heist,READY
Relax Gaming,relax,relax:MegaHeist94,Mega Heist,READY
Relax Gaming,relax,relax:MegaMasks,Mega Masks,READY
Relax Gaming,relax,relax:MegaMine,Mega Mine,READY
Relax Gaming,relax,relax:MidnightMarauder,Midnight Marauder,READY
Relax Gaming,relax,relax:MidnightMarauder94,Midnight Marauder,READY
Relax Gaming,relax,relax:MidnightMarauderClusterBreaker,Midnight Marauder - ClusterBreaker,READY
Relax Gaming,relax,relax:MidnightMarauderClusterBreaker94,Midnight Marauder - ClusterBreaker,READY
Relax Gaming,relax,relax:MidnightMarauderDreamDrop,Midnight Marauder Dream Drop,READY
Relax Gaming,relax,relax:MoneyCart,Money Cart,READY
Relax Gaming,relax,relax:MoneyCart2,Money Cart 2,READY
Relax Gaming,relax,relax:MoneyCart3,Money Cart 3,READY
Relax Gaming,relax,relax:MoneyCart394,Money Cart 3,READY
Relax Gaming,relax,relax:MoneyCart4,Money Cart 4,READY
Relax Gaming,relax,relax:MoneyCart494,Money Cart 4,READY
Relax Gaming,relax,relax:MoneyPlane,Money Plane,NOT_IN_CATALOGUE
Relax Gaming,relax,relax:MoneyPlane94,Money Plane,NOT_IN_CATALOGUE
Relax Gaming,relax,relax:MoneyPlane94BR,Money Plane,NOT_IN_CATALOGUE
Relax Gaming,relax,relax:MoneySleigh,Money Sleigh,READY
Relax Gaming,relax,relax:MoneySleigh94,Money Sleigh,READY
Relax Gaming,relax,relax:MoneyTrain,Money Train,READY
Relax Gaming,relax,relax:MoneyTrain94,Money Train,READY
Relax Gaming,relax,relax:MoneyTrain2,Money Train 2,READY
Relax Gaming,relax,relax:MoneyTrain294,Money Train 2,READY
Relax Gaming,relax,relax:MoneyTrain3,Money Train 3,READY
Relax Gaming,relax,relax:MoneyTrain394,Money Train 3,READY
Relax Gaming,relax,relax:MoneyTrain4,Money Train 4,READY
Relax Gaming,relax,relax:MoneyTrain494,Money Train 4,READY
Relax Gaming,relax,relax:MoneyTrain5,Money Train 5,NOT_IN_CATALOGUE
Relax Gaming,relax,relax:MoneyTrain594,Money Train 5,NOT_IN_CATALOGUE
Relax Gaming,relax,relax:MoneyTrainOriginsDreamDrop,Money Train Origins Dream Drop,READY
Relax Gaming,relax,relax:MultiplierOdyssey,Multiplier Odyssey,READY
Relax Gaming,relax,relax:NecromancersGate,Necromancer's Gate,READY
Relax Gaming,relax,relax:NecromancersGate94,Necromancer's Gate,READY
Relax Gaming,relax,relax:NekoNightDreamDrop,Neko Night Dream Drop,READY
Relax Gaming,relax,relax:NetGains,Net Gains,READY
Relax Gaming,relax,relax:NetGains94,Net Gains,READY
Relax Gaming,relax,relax:NetGainsDreamDrop,Net Gains Dream Drop,READY
Relax Gaming,relax,relax:NuggetRidge,Nugget Ridge,NOT_IN_CATALOGUE
Relax Gaming,relax,relax:NuggetRidge94,Nugget Ridge,NOT_IN_CATALOGUE
Relax Gaming,relax,relax:Olympus7sDreamDrop,Olympus 7s Dream Drop,NOT_IN_CATALOGUE
Relax Gaming,relax,relax:PharaohsLastWish,Pharaoh's Last Wish,READY
Relax Gaming,relax,relax:PharaohsLastWish94,Pharaoh's Last Wish,READY
Relax Gaming,relax,relax:PinataPopperDreamDrop,Pinata Popper Dream Drop,READY
Relax Gaming,relax,relax:Plunderland,Plunderland,READY
Relax Gaming,relax,relax:Powerspin,Powerspin,READY
Relax Gaming,relax,relax:Purrrminator,Purrrminator,READY
Relax Gaming,relax,relax:Purrrminator94,Purrrminator,READY
Relax Gaming,relax,relax:PurrrminatorDreamDrop,Purrrminator Dream Drop,NOT_IN_CATALOGUE
Relax Gaming,relax,relax:QuackinReels,Quackin' Reels,READY
Relax Gaming,relax,relax:QuackinReels94,Quackin' Reels,READY
Relax Gaming,relax,relax:RamsesRevenge,Ramses Revenge,READY
Relax Gaming,relax,relax:Roulette,Roulette Nouveau,READY
Relax Gaming,relax,relax:SailsofFortune,Sails of Fortune,READY
Relax Gaming,relax,relax:SantasStack,Santa's Stack,READY
Relax Gaming,relax,relax:SantasStackDreamDrop,Santa's Stack Dream Drop,READY
Relax Gaming,relax,relax:SharkWash,Shark Wash,READY
Relax Gaming,relax,relax:SharkWash94,Shark Wash,READY
Relax Gaming,relax,relax:SlothTumble,Sloth Tumble,READY
Relax Gaming,relax,relax:SlothTumble94,Sloth Tumble,READY
Relax Gaming,relax,relax:SnakeArena,Snake Arena,READY
Relax Gaming,relax,relax:SnakeArena2,Snake Arena 2,READY
Relax Gaming,relax,relax:SnakeArena294,Snake Arena 2,READY
Relax Gaming,relax,relax:SnakeArenaDreamDrop,Snake Arena Dream Drop,READY
Relax Gaming,relax,relax:SnakesGoldDreamDrop,Snake's Gold Dream Drop,READY
Relax Gaming,relax,relax:SpaceAttacksDreamDrop,Space Attacks Dream Drop,READY
Relax Gaming,relax,relax:SpaceMiners,Space Miners,READY
Relax Gaming,relax,relax:SpaceMinersDreamDrop,Space Miners Dream Drop,READY
Relax Gaming,relax,relax:SpiritOfTheBeast,Spirit Of The Beast,READY
Relax Gaming,relax,relax:SultanSpins,Sultan Spins,READY
Relax Gaming,relax,relax:SultanSpins94,Sultan Spins,READY
Relax Gaming,relax,relax:SuperBoost,Super Boost,NOT_IN_CATALOGUE
Relax Gaming,relax,relax:SweetopiaRoyale,Sweetopia Royale,READY
Relax Gaming,relax,relax:SweetopiaRoyale94,Sweetopia Royale,READY
Relax Gaming,relax,relax:TemplarTumble,Templar Tumble,READY
Relax Gaming,relax,relax:TemplarTumble94,Templar Tumble,READY
Relax Gaming,relax,relax:TemplarTumble2DreamDrop,Templar Tumble 2 Dream Drop,READY
Relax Gaming,relax,relax:TemplarTumbleDreamDrop,Templar Tumble Dream Drop,READY
Relax Gaming,relax,relax:TempleTumble,Temple Tumble,READY
Relax Gaming,relax,relax:TempleTumble94,Temple Tumble,READY
Relax Gaming,relax,relax:TempleTumble2DreamDrop,Temple Tumble 2 Dream Drop,READY
Relax Gaming,relax,relax:TheGreatPigsby,The Great Pigsby,NOT_IN_CATALOGUE
Relax Gaming,relax,relax:TheGreatPigsbyDreamDrop,The Great Pigsby Dream Drop,READY
Relax Gaming,relax,relax:GreatPigsbyMegaways,The Great Pigsby Megaways,READY
Relax Gaming,relax,relax:TheGreatPigsbyMegaways94,The Great Pigsby Megaways,READY
Relax Gaming,relax,relax:TheTumbles,The Tumbles,READY
Relax Gaming,relax,relax:TheTumbles94,The Tumbles,READY
Relax Gaming,relax,relax:TigerKingdom,Tiger Kingdom,NOT_IN_CATALOGUE
Relax Gaming,relax,relax:TigerShrine,Tiger Shrine,READY
Relax Gaming,relax,relax:TigerShrine94,Tiger Shrine,READY
Relax Gaming,relax,relax:TitanStrike,Titan Strike,READY
Relax Gaming,relax,relax:TitanStrike94,Titan Strike,READY
Relax Gaming,relax,relax:TnTTumble,TnT Tumble,READY
Relax Gaming,relax,relax:TNTTumbleDreamDrop,TNT Tumble Dream Drop,READY
Relax Gaming,relax,relax:TopDawg,Top Dawg$,READY
Relax Gaming,relax,relax:TopDawg94,Top Dawg$,READY
Relax Gaming,relax,relax:ToriiTumble,Torii Tumble,READY
Relax Gaming,relax,relax:ToriiTumble94,Torii Tumble,READY
Relax Gaming,relax,relax:TotemGuardiansDreamDrop,Totem Guardians Dream Drop,READY
Relax Gaming,relax,relax:TowerTumble,Tower Tumble,READY
Relax Gaming,relax,relax:TreasureTumble,Treasure Tumble,READY
Relax Gaming,relax,relax:TreasureTumble94,Treasure Tumble,READY
Relax Gaming,relax,relax:TreasureTumbleDreamDrop,Treasure Tumble Dream Drop,READY
Relax Gaming,relax,relax:TrollsGold,Trolls’ Gold,READY
Relax Gaming,relax,relax:VolatileVikings,Volatile Vikings,READY
Relax Gaming,relax,relax:VolatileVikings2DreamDrop,Volatile Vikings 2 Dream Drop,READY
Relax Gaming,relax,relax:WildChapo,Wild Chapo,READY
Relax Gaming,relax,relax:WildChapo2,Wild Chapo 2,READY
Relax Gaming,relax,relax:WildChapo294,Wild Chapo 2,READY
Relax Gaming,relax,relax:WildChapo2DreamDrop,Wild Chapo 2 Dream Drop,READY
Relax Gaming,relax,relax:WildChapoDreamDrop,Wild Chapo Dream Drop,READY
Relax Gaming,relax,relax:WildHike,Wild Hike,READY
Relax Gaming,relax,relax:WildYield,Wild Yield,READY
Relax Gaming,relax,relax:WildYield94,Wild Yield,READY
Relax Gaming,relax,relax:Wildchemy,Wildchemy,READY
Relax Gaming,relax,relax:WinterChampions,Winter Champions,READY
Relax Gaming,relax,relax:WinterChampions94,Winter Champions,READY
Relax Gaming,relax,relax:WorldClassKickOffDreamDrop,World Class Kick Off Dream Drop,NOT_IN_CATALOGUE
Relax Gaming,relax,relax:ZombieCircus,Zombie Circus,READY
SA Gaming,azuretech,azuretech:BaccaratA01,Baccarat A01,NOT_IN_CATALOGUE
SA Gaming,azuretech,azuretech:BaccaratA02,Baccarat A02,NOT_IN_CATALOGUE
SA Gaming,azuretech,azuretech:BaccaratA03,Baccarat A03,NOT_IN_CATALOGUE
SA Gaming,azuretech,azuretech:BaccaratA04,Baccarat A04,NOT_IN_CATALOGUE
SA Gaming,azuretech,azuretech:BaccaratC01,Baccarat C01,READY
SA Gaming,azuretech,azuretech:BaccaratC02,Baccarat C02,READY
SA Gaming,azuretech,azuretech:BaccaratC03,Baccarat C03,READY
SA Gaming,azuretech,azuretech:BaccaratC04,Baccarat C04,READY
SA Gaming,azuretech,azuretech:BaccaratC05,Baccarat C05,READY
SA Gaming,azuretech,azuretech:BaccaratC06,Baccarat C06,READY
SA Gaming,azuretech,azuretech:BaccaratC07,Baccarat C07,READY
SA Gaming,azuretech,azuretech:BaccaratD01,Baccarat D01,READY
SA Gaming,azuretech,azuretech:BaccaratD02,Baccarat D02,READY
SA Gaming,azuretech,azuretech:BaccaratD03,Baccarat D03,READY
SA Gaming,azuretech,azuretech:BaccaratD04,Baccarat D04,READY
SA Gaming,azuretech,azuretech:BaccaratD05,Baccarat D05,READY
SA Gaming,azuretech,azuretech:BaccaratD06,Baccarat D06,READY
SA Gaming,azuretech,azuretech:BaccaratD07,Baccarat D07,READY
SA Gaming,azuretech,azuretech:BaccaratM01,Baccarat M01,READY
SA Gaming,azuretech,azuretech:BaccaratM02,Baccarat M02,READY
SA Gaming,azuretech,azuretech:BoundlessBlackjackD,Boundless Blackjack D,NOT_IN_CATALOGUE
SA Gaming,azuretech,azuretech:CRoulette,C Roulette,READY
SA Gaming,azuretech,azuretech:DeluxeBlackjackD,Deluxe Blackjack D,READY
SA Gaming,azuretech,azuretech:MBlackjack,Deluxe Blackjack M,READY
SA Gaming,azuretech,azuretech:DragonTigerD,Dragon Tiger D,NOT_IN_CATALOGUE
SA Gaming,azuretech,azuretech:DragonTigerM,Dragon Tiger M,NOT_IN_CATALOGUE
SA Gaming,azuretech,azuretech:FishPrawnCrabM,Fish Prawn Crab M,READY
SA Gaming,azuretech,azuretech:Lobby,Lobby,NOT_IN_CATALOGUE
SA Gaming,azuretech,azuretech:MPokDeng,M Pok Deng,NOT_IN_CATALOGUE
SA Gaming,azuretech,azuretech:MRoulette,M Roulette,READY
SA Gaming,azuretech,azuretech:MSicBo,M Sic Bo,READY
SA Gaming,azuretech,azuretech:PokDengD,Pok Deng D,NOT_IN_CATALOGUE
SA Gaming,azuretech,azuretech:RouletteD,Roulette D,NOT_IN_CATALOGUE
SA Gaming,azuretech,azuretech:SicBoD,Sic Bo D,NOT_IN_CATALOGUE
SA Gaming,azuretech,azuretech:SpeedBaccaratC08,Speed Baccarat C08,READY
SA Gaming,azuretech,azuretech:SpeedBaccaratD08,Speed Baccarat D08,READY
SA Gaming,azuretech,azuretech:ThaiHiLoD,Thai HiLo D,NOT_IN_CATALOGUE
SA Gaming,azuretech,azuretech:ThaiHiLoM,Thai HiLo M,NOT_IN_CATALOGUE
SA Gaming,azuretech,azuretech:UltraRouletteC,Ultra Roulette C,NOT_IN_CATALOGUE
SA Gaming,azuretech,azuretech:UltraRouletteD,Ultra Roulette D,NOT_IN_CATALOGUE
SA Gaming,azuretech,azuretech:UltraRouletteM,Ultra Roulette M,NOT_IN_CATALOGUE
SA Gaming,azuretech,azuretech:MXocM,Xoc Dia D,NOT_IN_CATALOGUE
Spribe,sprb,sprb:aviator,Aviator,READY
Spribe,sprb,sprb:Balloon,Balloon,NOT_IN_CATALOGUE
Spribe,sprb,sprb:BarntoMars,Barn to Mars,NOT_IN_CATALOGUE
Spribe,sprb,sprb:CrystalFall,Crystal Fall,NOT_IN_CATALOGUE
Spribe,sprb,sprb:dice,Dice,READY
Spribe,sprb,sprb:ForestofWisps,Forest of Wisps,NOT_IN_CATALOGUE
Spribe,sprb,sprb:GatesofEgypt,Gates of Egypt,NOT_IN_CATALOGUE
Spribe,sprb,sprb:goal,Goal,READY
Spribe,sprb,sprb:HappyWreckers,Happy Wreckers,NOT_IN_CATALOGUE
Spribe,sprb,sprb:hilo,Hilo,READY
Spribe,sprb,sprb:hotline,Hotline,READY
Spribe,sprb,sprb:JuicyBombs,Juicy Bombs,NOT_IN_CATALOGUE
Spribe,sprb,sprb:keno,Keno,READY
Spribe,sprb,sprb:KeplersParadise,Keplers Paradise,NOT_IN_CATALOGUE
Spribe,sprb,sprb:mines,Mines,READY
Spribe,sprb,sprb:miniroulette,Mini Roulette,READY
Spribe,sprb,sprb:NeoVegas,Neo Vegas,NOT_IN_CATALOGUE
Spribe,sprb,sprb:OinkHeistPiggyCollect,Oink Heist: Piggy Collect,NOT_IN_CATALOGUE
Spribe,sprb,sprb:PilotChicken,Pilot Chicken,NOT_IN_CATALOGUE
Spribe,sprb,sprb:plinko,Plinko,READY
Spribe,sprb,sprb:RecklessPirates,Reckless Pirates,NOT_IN_CATALOGUE
Spribe,sprb,sprb:Trader,Trader,NOT_IN_CATALOGUE
Yggdrasil,yggdrasil,yggdrasil:3GladiatorsvsCaesar,3 Gladiators vs Caesar,READY
Yggdrasil,yggdrasil,yggdrasil:3PiggiesofBank,3 Piggies of Bank,NOT_IN_CATALOGUE
Yggdrasil,yggdrasil,yggdrasil:4FOXXCrewWildEnergyMultiMax,4 FOXX Crew WildEnergy MultiMax,NOT_IN_CATALOGUE
Yggdrasil,yggdrasil,yggdrasil:4WolvesofFortune,4 Wolves of Fortune,NOT_IN_CATALOGUE
Yggdrasil,yggdrasil,yggdrasil:777VoltGigaBlox,777 Volt GigaBlox,READY
Yggdrasil,yggdrasil,yggdrasil:AgeofAsgard,Age of Asgard,READY
Yggdrasil,yggdrasil,yggdrasil:Alchymedes,Alchymedes,READY
Yggdrasil,yggdrasil,yggdrasil:AldosJourney,Aldo's Journey,READY
Yggdrasil,yggdrasil,yggdrasil:AphroditeGoesWild,Aphrodite Goes Wild,NOT_IN_CATALOGUE
Yggdrasil,yggdrasil,yggdrasil:ArthursFortune,Arthurs Fortune,READY
Yggdrasil,yggdrasil,yggdrasil:AtlanteanGigaRise,Atlantean GigaRise,READY
Yggdrasil,yggdrasil,yggdrasil:AvatarsGatewayGuardians,Avatars Gateway Guardians,READY
Yggdrasil,yggdrasil,yggdrasil:BadgerMiners,Badger Miners,READY
Yggdrasil,yggdrasil,yggdrasil:Bananaz10KWays,Bananaz 10K Ways,NOT_IN_CATALOGUE
Yggdrasil,yggdrasil,yggdrasil:BaronSamedi,Baron Samedi,READY
Yggdrasil,yggdrasil,yggdrasil:BeautyAndTheBeast,Beauty and the Beast,READY
Yggdrasil,yggdrasil,yggdrasil:Bicicleta,Bicicleta,READY
Yggdrasil,yggdrasil,yggdrasil:BigBenjiBonanza,Big Benji Bonanza,NOT_IN_CATALOGUE
Yggdrasil,yggdrasil,yggdrasil:BigBlox,Big Blox,READY
Yggdrasil,yggdrasil,yggdrasil:BloodMoonWilds,Blood Moon Wilds,READY
Yggdrasil,yggdrasil,yggdrasil:BloodyPesos,Bloody Pesos,NOT_IN_CATALOGUE
Yggdrasil,yggdrasil,yggdrasil:BobMarlinGoesDeep,Bob Marlin Goes Deep,NOT_IN_CATALOGUE
Yggdrasil,yggdrasil,yggdrasil:BobMarlinGoesSplashingWildFightRushingWilds,Bob Marlin Goes Splashing Wild Fight RushingWilds,NOT_IN_CATALOGUE
Yggdrasil,yggdrasil,yggdrasil:BoilinPots,Boilin’ Pots,READY
Yggdrasil,yggdrasil,yggdrasil:BrazilBomba,Brazil Bomba,READY
Yggdrasil,yggdrasil,yggdrasil:BuffaloBloxGigablox,Buffalo Blox Gigablox,NOT_IN_CATALOGUE
Yggdrasil,yggdrasil,yggdrasil:BuffaloFreedomDoubleMax,Buffalo Freedom DoubleMax,NOT_IN_CATALOGUE
Yggdrasil,yggdrasil,yggdrasil:CalaveraCrush,Calavera Crush,READY
Yggdrasil,yggdrasil,yggdrasil:Candyfinity,Candyfinity,READY
Yggdrasil,yggdrasil,yggdrasil:CarolOfTheElves,Carol Of The Elves,READY
Yggdrasil,yggdrasil,yggdrasil:CazinoCosmos,Cazino Cosmos,READY
Yggdrasil,yggdrasil,yggdrasil:CazinoZeppelin,Cazino Zeppelin,READY
Yggdrasil,yggdrasil,yggdrasil:CazinoZeppelinReloaded,Cazino Zeppelin Reloaded,READY
Yggdrasil,yggdrasil,yggdrasil:ChampionoftheUnderworld,Champion of the Underworld,NOT_IN_CATALOGUE
Yggdrasil,yggdrasil,yggdrasil:ChampionsofRome,Champions of Rome,READY
Yggdrasil,yggdrasil,yggdrasil:Chibeasties,Chibeasties,READY
Yggdrasil,yggdrasil,yggdrasil:ChristmasPlazaDoublemax,Christmas Plaza Doublemax,READY
Yggdrasil,yggdrasil,yggdrasil:CooCooCashooLightningLines,Coo Coo Cashoo LightningLines,NOT_IN_CATALOGUE
Yggdrasil,yggdrasil,yggdrasil:Cthulhu,Cthulhu,NOT_IN_CATALOGUE
Yggdrasil,yggdrasil,yggdrasil:DarkVortex,Dark Vortex,READY
Yggdrasil,yggdrasil,yggdrasil:DefendersofMystica,Defenders of Mystica,READY
Yggdrasil,yggdrasil,yggdrasil:DevourTheWeak,Devour The Weak,READY
Yggdrasil,yggdrasil,yggdrasil:DicktheFarmer,Dick the Farmer,READY
Yggdrasil,yggdrasil,yggdrasil:DoubleDragons,Double Dragons,READY
Yggdrasil,yggdrasil,yggdrasil:DrFortuno,Dr Fortuno,NOT_IN_CATALOGUE
Yggdrasil,yggdrasil,yggdrasil:DwarfMine,Dwarf Mine,READY
Yggdrasil,yggdrasil,yggdrasil:EForce,E-Force,READY
Yggdrasil,yggdrasil,yggdrasil:EasterIsland,Easter Island,READY
Yggdrasil,yggdrasil,yggdrasil:EasterIsland2,Easter Island 2,READY
Yggdrasil,yggdrasil,yggdrasil:ElysianJackpots,Elysian Jackpots,NOT_IN_CATALOGUE
Yggdrasil,yggdrasil,yggdrasil:EnchantedWaters,Enchanted Waters,READY
Yggdrasil,yggdrasil,yggdrasil:FatzsDinerGigaBlox,Fatz's Diner GigaBlox,READY
Yggdrasil,yggdrasil,yggdrasil:FirekickMultiMax,Firekick! MultiMax,READY
Yggdrasil,yggdrasil,yggdrasil:FlorageddonDuoMax,Florageddon! DuoMax,READY
Yggdrasil,yggdrasil,yggdrasil:FootballGlory,Football Glory,READY
Yggdrasil,yggdrasil,yggdrasil:FrontierLockLoad,Frontier Lock & Load,NOT_IN_CATALOGUE
Yggdrasil,yggdrasil,yggdrasil:FrostQueenJackpots,Frost Queen Jackpots,NOT_IN_CATALOGUE
Yggdrasil,yggdrasil,yggdrasil:Fruitoids,Fruitoids,READY
Yggdrasil,yggdrasil,yggdrasil:FruitPunk,FruitPunk,NOT_IN_CATALOGUE
Yggdrasil,yggdrasil,yggdrasil:JellyciousDoubleMax,Fruitylicious DoubleMax,READY
Yggdrasil,yggdrasil,yggdrasil:GatorGoldGigablox,Gator Gold - Gigablox,NOT_IN_CATALOGUE
Yggdrasil,yggdrasil,yggdrasil:GatorGoldDeluxeGigablox,Gator Gold Deluxe Gigablox,NOT_IN_CATALOGUE
Yggdrasil,yggdrasil,yggdrasil:GemRocks,Gem Rocks,READY
Yggdrasil,yggdrasil,yggdrasil:GemstoneJam,Gemstone Jam,NOT_IN_CATALOGUE
Yggdrasil,yggdrasil,yggdrasil:GigaZombies,Giga Zombies,NOT_IN_CATALOGUE
Yggdrasil,yggdrasil,yggdrasil:GigaGongGigaBlox,GigaGong GigaBlox,READY
Yggdrasil,yggdrasil,yggdrasil:GiganimalsGigaBlox,Giganimals GigaBlox,READY
Yggdrasil,yggdrasil,yggdrasil:GoalsofOlympusBoltLock,Goals of Olympus BoltLock,NOT_IN_CATALOGUE
Yggdrasil,yggdrasil,yggdrasil:GoldFrontierJackpotsFastpot5,Gold Frontier Jackpots Fastpot5,READY
Yggdrasil,yggdrasil,yggdrasil:GoldenChipRoulette,Golden Chip Roulette,READY
Yggdrasil,yggdrasil,yggdrasil:GoldenFishtTank2Gigablox,Golden Fish Tank 2 Gigablox,READY
Yggdrasil,yggdrasil,yggdrasil:GoldenFishTankParty,Golden Fish Tank Party,READY
Yggdrasil,yggdrasil,yggdrasil:GoldenFishtank,Golden Fishtank,READY
Yggdrasil,yggdrasil,yggdrasil:GoldenGorgon,Golden Gorgon,READY
Yggdrasil,yggdrasil,yggdrasil:GoldStormUltra,GoldStorm Ultra,NOT_IN_CATALOGUE
Yggdrasil,yggdrasil,yggdrasil:HackersHaven,Hackers Haven,NOT_IN_CATALOGUE
Yggdrasil,yggdrasil,yggdrasil:Hades,Hades,READY
Yggdrasil,yggdrasil,yggdrasil:HanzosDojo,Hanzo's Dojo,READY
Yggdrasil,yggdrasil,yggdrasil:Holmes,Holmes and the Stolen Stones,NOT_IN_CATALOGUE
Yggdrasil,yggdrasil,yggdrasil:HyperBurst,Hyper Burst,READY
Yggdrasil,yggdrasil,yggdrasil:Incinerator,Incinerator,READY
Yggdrasil,yggdrasil,yggdrasil:JackpotExpress,Jackpot Express,READY
Yggdrasil,yggdrasil,yggdrasil:JackpotRaiders,Jackpot Raiders,NOT_IN_CATALOGUE
Yggdrasil,yggdrasil,yggdrasil:JumboJellies,Jumbo Jellies,NOT_IN_CATALOGUE
Yggdrasil,yggdrasil,yggdrasil:JungleBooks,Jungle Books,READY
Yggdrasil,yggdrasil,yggdrasil:LegendOfTheGoldenMonkey,Legend of the Golden Monkey,READY
Yggdrasil,yggdrasil,yggdrasil:LightningJoker,Lightning Joker,READY
Yggdrasil,yggdrasil,yggdrasil:LuchaManiacs,Lucha Maniacs,READY
Yggdrasil,yggdrasil,yggdrasil:LuckyApocalypseGigaBlox,Lucky Apocalypse GigaBlox,NOT_IN_CATALOGUE
Yggdrasil,yggdrasil,yggdrasil:LuckyNeko,Lucky Neko,READY
Yggdrasil,yggdrasil,yggdrasil:LuckyRyanGigaBlox,Lucky Ryan GigaBlox,READY
Yggdrasil,yggdrasil,yggdrasil:MaxElementsGigaBlox,Max Elements GigaBlox,READY
Yggdrasil,yggdrasil,yggdrasil:Mexomax2WildenergyMultimax,Mexomax 2 Wildenergy Multimax,READY
Yggdrasil,yggdrasil,yggdrasil:MexoMax,MexoMax!,READY
Yggdrasil,yggdrasil,yggdrasil:MonkeysGoBananasMultiMax,Monkeys Go Bananas MultiMax,READY
Yggdrasil,yggdrasil,yggdrasil:Multifly,Multifly,READY
Yggdrasil,yggdrasil,yggdrasil:MultiFly2MultiMax,MultiFly! 2 MultiMax,NOT_IN_CATALOGUE
Yggdrasil,yggdrasil,yggdrasil:NeonRush,Neon Rush,READY
Yggdrasil,yggdrasil,yggdrasil:NeonVillainsDoubleMax,Neon Villains DoubleMax,READY
Yggdrasil,yggdrasil,yggdrasil:NeonWest,Neon West,NOT_IN_CATALOGUE
Yggdrasil,yggdrasil,yggdrasil:NiceCatch2DoubleMax,Nice Catch 2 DoubleMax,NOT_IN_CATALOGUE
Yggdrasil,yggdrasil,yggdrasil:NiceCatchDoubleMax,Nice Catch DoubleMax,NOT_IN_CATALOGUE
Yggdrasil,yggdrasil,yggdrasil:Nirvana,Nirvana,READY
Yggdrasil,yggdrasil,yggdrasil:NotreDameTalesGigaBlox,Notre-Dame Tales GigaBlox,READY
Yggdrasil,yggdrasil,yggdrasil:OfSabersandMonsters,Of Sabers and Monsters,READY
Yggdrasil,yggdrasil,yggdrasil:OrientExpress,Orient Express,READY
Yggdrasil,yggdrasil,yggdrasil:OzwinsJackpots,Ozwin's Jackpots,NOT_IN_CATALOGUE
Yggdrasil,yggdrasil,yggdrasil:PenguinCity,Penguin City,READY
Yggdrasil,yggdrasil,yggdrasil:Pirates2Mutiny,Pirates 2: Mutiny,READY
Yggdrasil,yggdrasil,yggdrasil:PiratesSmugglersParadise,Pirates: Smugglers Paradise,READY
Yggdrasil,yggdrasil,yggdrasil:PumpkinSmash,Pumpkin Smash,READY
Yggdrasil,yggdrasil,yggdrasil:PushyCats,Pushy Cats,READY
Yggdrasil,yggdrasil,yggdrasil:RagnaRavensWildEnergy,RagnaRavens WildEnergy,READY
Yggdrasil,yggdrasil,yggdrasil:RagnawolvesWildEnergy,Ragnawolves WildEnergy,NOT_IN_CATALOGUE
Yggdrasil,yggdrasil,yggdrasil:RainbowRyan,Rainbow Ryan,READY
Yggdrasil,yggdrasil,yggdrasil:RainbowRyan2,Rainbow Ryan 2,READY
Yggdrasil,yggdrasil,yggdrasil:RamessesGold10KWays,Ramesses Gold 10K Ways,NOT_IN_CATALOGUE
Yggdrasil,yggdrasil,yggdrasil:Raptor2Doublemax,Raptor 2 Doublemax,NOT_IN_CATALOGUE
Yggdrasil,yggdrasil,yggdrasil:RaptorDoublemax,Raptor Doublemax,READY
Yggdrasil,yggdrasil,yggdrasil:RedDragonSails,Red Dragon Sails,NOT_IN_CATALOGUE
Yggdrasil,yggdrasil,yggdrasil:ReelDesire,Reel Desire,READY
Yggdrasil,yggdrasil,yggdrasil:RiseoftheValkyrieSplitz,Return of the Valkyrie Splitz,NOT_IN_CATALOGUE
Yggdrasil,yggdrasil,yggdrasil:RockStarSantaMultimax,Rock Star Santa Multimax,READY
Yggdrasil,yggdrasil,yggdrasil:SaharaNights,Sahara Nights,READY
Yggdrasil,yggdrasil,yggdrasil:ScaraBucks,Scara-Bucks,READY
Yggdrasil,yggdrasil,yggdrasil:Seasons,Seasons,READY
Yggdrasil,yggdrasil,yggdrasil:ShakerClub,Shaker Club,READY
Yggdrasil,yggdrasil,yggdrasil:SpinaColada,Spina Colada,READY
Yggdrasil,yggdrasil,yggdrasil:StarfireFortunesTopHit,Starfire Fortunes TopHit,NOT_IN_CATALOGUE
Yggdrasil,yggdrasil,yggdrasil:SuncatcherGigablox,Suncatcher Gigablox,NOT_IN_CATALOGUE
Yggdrasil,yggdrasil,yggdrasil:SunnyShores,Sunny Shores,READY
Yggdrasil,yggdrasil,yggdrasil:SyncroniteSplitz,Syncronite - Splitz,NOT_IN_CATALOGUE
Yggdrasil,yggdrasil,yggdrasil:TempleStacksSplitz,Temple Stacks: Splitz,NOT_IN_CATALOGUE
Yggdrasil,yggdrasil,yggdrasil:TheOneArmedBandit,The One Armed Bandit,READY
Yggdrasil,yggdrasil,yggdrasil:TheRoyalFamily,The Royal Family,READY
Yggdrasil,yggdrasil,yggdrasil:TimberTrailTreasures,Timber Trail Treasures,NOT_IN_CATALOGUE
Yggdrasil,yggdrasil,yggdrasil:TimeTravelTigers,Time Travel Tigers,READY
Yggdrasil,yggdrasil,yggdrasil:TrickstarSpins,Trickstar Spins,READY
Yggdrasil,yggdrasil,yggdrasil:TrollBridge2,Troll Bridge 2,NOT_IN_CATALOGUE
Yggdrasil,yggdrasil,yggdrasil:TrollsBridge,Trolls Bridge,READY
Yggdrasil,yggdrasil,yggdrasil:TurboGoldDeluxeGigaBlox,Turbo Gold Deluxe GigaBlox,NOT_IN_CATALOGUE
Yggdrasil,yggdrasil,yggdrasil:TutsTwister,Tut's Twister,READY
Yggdrasil,yggdrasil,yggdrasil:Valkyries,Valkyries,NOT_IN_CATALOGUE
Yggdrasil,yggdrasil,yggdrasil:ValleyoftheDeadOnlywinsBoltLock,Valley of the Dead Onlywins BoltLock,NOT_IN_CATALOGUE
Yggdrasil,yggdrasil,yggdrasil:ValleyOfTheGods,Valley Of The Gods,READY
Yggdrasil,yggdrasil,yggdrasil:ValleyoftheGods2,Valley of the Gods 2,READY
Yggdrasil,yggdrasil,yggdrasil:VampireRichesDoubleMax,Vampire Riches DoubleMax,READY
Yggdrasil,yggdrasil,yggdrasil:ArtefactsVaultofFortune,Vault of Fortune,NOT_IN_CATALOGUE
Yggdrasil,yggdrasil,yggdrasil:VikingsGoBerzerk,Vikings Go Berzerk,NOT_IN_CATALOGUE
Yggdrasil,yggdrasil,yggdrasil:VikingGoBerzekReloaded,Vikings Go Berzerk Reloaded,READY
Yggdrasil,yggdrasil,yggdrasil:VikingsGoToEgyptWildFight,Vikings Go To Egypt Wild Fight,READY
Yggdrasil,yggdrasil,yggdrasil:VikingsgotoHell,Vikings go to Hell,READY
Yggdrasil,yggdrasil,yggdrasil:VikingsgotoHollywoodWildFightRushingWilds,Vikings go to Hollywood Wild Fight Rushing Wilds,NOT_IN_CATALOGUE
Yggdrasil,yggdrasil,yggdrasil:VikingsGoToOlympusWildFightRushingWilds,Vikings Go To Olympus Wild Fight Rushing Wilds,NOT_IN_CATALOGUE
Yggdrasil,yggdrasil,yggdrasil:VikingsGoToValhalla,Vikings Go To Valhalla,READY
Yggdrasil,yggdrasil,yggdrasil:VikingsgotoVegasWildFight,Vikings go to Vegas Wild Fight,NOT_IN_CATALOGUE
Yggdrasil,yggdrasil,yggdrasil:VikingsGoWild,Vikings Go Wild,READY
Yggdrasil,yggdrasil,yggdrasil:WildGangs,Wild Gangs,NOT_IN_CATALOGUE
Yggdrasil,yggdrasil,yggdrasil:WildRoboFactory,Wild Robo Factory,READY
Yggdrasil,yggdrasil,yggdrasil:WildStackFrenzy,Wild Stack Frenzy,READY
Yggdrasil,yggdrasil,yggdrasil:WilhelmTell,Wilhelm Tell,READY
Yggdrasil,yggdrasil,yggdrasil:Winterberries,Winterberries,READY
Yggdrasil,yggdrasil,yggdrasil:Winterberries2,Winterberries 2,READY
Yggdrasil,yggdrasil,yggdrasil:WolfHunters,Wolf Hunters,READY
Yggdrasil,yggdrasil,yggdrasil:YokozunaClash,Yokozuna Clash,READY
Yggdrasil,yggdrasil,yggdrasil:YourOwnIsland,Your Own Island,NOT_IN_CATALOGUE
NetEnt,evolution,evolution:101Candies,101 Candies,READY
NetEnt,evolution,evolution:101Candies94,101 Candies,READY
NetEnt,evolution,evolution:101Candies94NoBB,101 Candies,READY
NetEnt,evolution,evolution:101CandiesNoBB,101 Candies,READY
NetEnt,evolution,evolution:Aftermath,Aftermath,NOT_IN_CATALOGUE
NetEnt,evolution,evolution:Aftermath94,Aftermath,NOT_IN_CATALOGUE
NetEnt,evolution,evolution:Aftermath94NoBB,Aftermath,NOT_IN_CATALOGUE
NetEnt,evolution,evolution:AftermathNoBB,Aftermath,NOT_IN_CATALOGUE
NetEnt,evolution,evolution:alohaxmas0000000,Aloha! Christmas,READY
NetEnt,evolution,evolution:AlohaClusterPays92,Aloha! Cluster Pays,READY
NetEnt,evolution,evolution:AlohaClusterPays94,Aloha! Cluster Pays,READY
NetEnt,evolution,evolution:AlohaClusterPays95,Aloha! Cluster Pays,READY
NetEnt,evolution,evolution:AlohaClusterPays96,Aloha! Cluster Pays,READY
NetEnt,evolution,evolution:AlohaClusterPays98,Aloha! Cluster Pays,READY
NetEnt,evolution,evolution:alohaj0r40000000,Aloha! Cluster Pays,READY
NetEnt,evolution,evolution:ameriroulette3ne,American Roulette,READY
NetEnt,evolution,evolution:ArcaneReelChaos,Arcane: Reel Chaos,NOT_IN_CATALOGUE
NetEnt,evolution,evolution:ArchangelsSalvation,Archangels Salvation,READY
NetEnt,evolution,evolution:asgardianstones0,Asgardian Stones,READY
NetEnt,evolution,evolution:BabylonRiches,Babylon Riches,READY
NetEnt,evolution,evolution:baccarat2ne00000,Baccarat,OTHER_PROVIDER
NetEnt,evolution,evolution:BeachInvaders,Beach Invaders,READY
NetEnt,evolution,evolution:BeeHiveBonanza,Bee Hive Bonanza,READY
NetEnt,evolution,evolution:BeeHiveBonanza1,Bee Hive Bonanza,READY
NetEnt,evolution,evolution:Berryburst,Berryburst,READY
NetEnt,evolution,evolution:BigBangBoom,Big Bang Boom,READY
NetEnt,evolution,evolution:BigBangBoom94,Big Bang Boom,READY
NetEnt,evolution,evolution:BigBangBoom94NoBB,Big Bang Boom,READY
NetEnt,evolution,evolution:BigBangBoomNoBB,Big Bang Boom,READY
NetEnt,evolution,evolution:BigMoneyWheel,Big Money Wheel,READY
NetEnt,evolution,evolution:BigMoneyWheel94,Big Money Wheel,READY
NetEnt,evolution,evolution:BigMoneyWheel94NoBB,Big Money Wheel,READY
NetEnt,evolution,evolution:BigMoneyWheelNoBB,Big Money Wheel,READY
NetEnt,evolution,evolution:BlackjackClassic,Blackjack Classic,NOT_IN_CATALOGUE
NetEnt,evolution,evolution:BlackjackClassic1,Blackjack Classic,NOT_IN_CATALOGUE
NetEnt,evolution,evolution:BlackjackClassic2,Blackjack Classic,NOT_IN_CATALOGUE
NetEnt,evolution,evolution:BlackjackClassic3,Blackjack Classic,NOT_IN_CATALOGUE
NetEnt,evolution,evolution:BlackjackClassic4,Blackjack Classic,NOT_IN_CATALOGUE
NetEnt,evolution,evolution:BlackjackClassic6,Blackjack Classic,NOT_IN_CATALOGUE
NetEnt,evolution,evolution:BlackjackTouchSingleDeck,Blackjack Touch - Single Deck,NOT_IN_CATALOGUE
NetEnt,evolution,evolution:BloodSuckers,Blood Suckers,READY
NetEnt,evolution,evolution:BloodSuckers90,Blood Suckers,READY
NetEnt,evolution,evolution:BloodSuckers92,Blood Suckers,READY
NetEnt,evolution,evolution:BloodSuckers93,Blood Suckers,READY
NetEnt,evolution,evolution:BloodSuckers94,Blood Suckers,READY
NetEnt,evolution,evolution:BloodSuckers95,Blood Suckers,READY
NetEnt,evolution,evolution:BloodSuckers99,Blood Suckers,READY
NetEnt,evolution,evolution:bloodsuckersj0r3,Blood Suckers,READY
NetEnt,evolution,evolution:bloodsuckers2000,Blood Suckers II,NOT_IN_CATALOGUE
NetEnt,evolution,evolution:BuckshotWilds,Buckshot Wilds,READY
NetEnt,evolution,evolution:BuckshotWilds94,Buckshot Wilds,READY
NetEnt,evolution,evolution:BuckshotWilds94NoBB,Buckshot Wilds,READY
NetEnt,evolution,evolution:BuckshotWildsNoBB,Buckshot Wilds,READY
NetEnt,evolution,evolution:BustersBones,Buster's Bones,READY
NetEnt,evolution,evolution:BustersBones1,Buster's Bones,READY
NetEnt,evolution,evolution:BustersBones94,Buster's Bones,READY
NetEnt,evolution,evolution:BustersBones941,Buster's Bones,READY
NetEnt,evolution,evolution:ButterflyStaxx90,Butterfly Staxx,READY
NetEnt,evolution,evolution:ButterflyStaxx92,Butterfly Staxx,READY
NetEnt,evolution,evolution:ButterflyStaxx93,Butterfly Staxx,READY
NetEnt,evolution,evolution:ButterflyStaxx94,Butterfly Staxx,READY
NetEnt,evolution,evolution:ButterflyStaxx95,Butterfly Staxx,READY
NetEnt,evolution,evolution:ButterflyStaxx98,Butterfly Staxx,READY
NetEnt,evolution,evolution:ButterflyStaxx99,Butterfly Staxx,READY
NetEnt,evolution,evolution:butterflystaxxr4,Butterfly Staxx,READY
NetEnt,evolution,evolution:butterflystaxx20,Butterfly Staxx 2,READY
NetEnt,evolution,evolution:CashNoire,Cash Noire,READY
NetEnt,evolution,evolution:CashoMatic,Cash-o-Matic,READY
NetEnt,evolution,evolution:CasinoHoldem,Casino Hold'em,OTHER_PROVIDER
NetEnt,evolution,evolution:CasinoNight,Casino Night,READY
NetEnt,evolution,evolution:CodexofFortune,Codex of Fortune,READY
NetEnt,evolution,evolution:CoinsofEgypt,Coins of Egypt,READY
NetEnt,evolution,evolution:Conan,Conan,READY
NetEnt,evolution,evolution:Cornelius,Cornelius,READY
NetEnt,evolution,evolution:Cornelius_F1,Cornelius,READY
NetEnt,evolution,evolution:Cornelius92,Cornelius,READY
NetEnt,evolution,evolution:CorneliusMilkHunterMegaways,Cornelius Milk Hunter Megaways,READY
NetEnt,evolution,evolution:CorneliusMilkHunterMegaways94,Cornelius Milk Hunter Megaways,READY
NetEnt,evolution,evolution:CorneliusMilkHunterMegaways94NoBB,Cornelius Milk Hunter Megaways,READY
NetEnt,evolution,evolution:CorneliusMilkHunterMegawaysNoBB,Cornelius Milk Hunter Megaways,READY
NetEnt,evolution,evolution:CrabTrap,Crab Trap,READY
NetEnt,evolution,evolution:CrabTrap94,Crab Trap,READY
NetEnt,evolution,evolution:CrabTrap94NoBB,Crab Trap,READY
NetEnt,evolution,evolution:CrabTrapNoBB,Crab Trap,READY
NetEnt,evolution,evolution:Cupcakes,Cupcakes,READY
NetEnt,evolution,evolution:Cupcakes1,Cupcakes,READY
NetEnt,evolution,evolution:Cupcakes94,Cupcakes,READY
NetEnt,evolution,evolution:Cupcakes941,Cupcakes,READY
NetEnt,evolution,evolution:CursedTreasure,Cursed Treasure,READY
NetEnt,evolution,evolution:CursedTreasure94,Cursed Treasure,READY
NetEnt,evolution,evolution:CursedTreasure94NoBB,Cursed Treasure,READY
NetEnt,evolution,evolution:CursedTreasureNoBB,Cursed Treasure,READY
NetEnt,evolution,evolution:DarkKingForbiddenRiches,Dark King: Forbidden Riches,READY
NetEnt,evolution,evolution:DazzleMe,Dazzle Me,READY
NetEnt,evolution,evolution:DazzleMe90,Dazzle Me,READY
NetEnt,evolution,evolution:DazzleMe92,Dazzle Me,READY
NetEnt,evolution,evolution:DazzleMe93,Dazzle Me,READY
NetEnt,evolution,evolution:DazzleMe94,Dazzle Me,READY
NetEnt,evolution,evolution:DazzleMe95,Dazzle Me,READY
NetEnt,evolution,evolution:DazzleMe98,Dazzle Me,READY
NetEnt,evolution,evolution:DazzleMe99,Dazzle Me,READY
NetEnt,evolution,evolution:DazzleMeChristmas,Dazzle Me Christmas,READY
NetEnt,evolution,evolution:DazzleMeChristmas94,Dazzle Me Christmas,READY
NetEnt,evolution,evolution:DazzleMeChristmas94NoBB,Dazzle Me Christmas,READY
NetEnt,evolution,evolution:DazzleMeChristmasNoBB,Dazzle Me Christmas,READY
NetEnt,evolution,evolution:DazzleMeMegaways,Dazzle Me Megaways,READY
NetEnt,evolution,evolution:DazzleMeMegawaysr1,Dazzle Me Megaways,READY
NetEnt,evolution,evolution:DazzleMeMegaWays90,Dazzle Me MegaWays,READY
NetEnt,evolution,evolution:DazzleMeMegaWays93,Dazzle Me MegaWays,READY
NetEnt,evolution,evolution:DazzleMeMegaWays95,Dazzle Me MegaWays,READY
NetEnt,evolution,evolution:DeadorAlive,Dead or Alive,READY
NetEnt,evolution,evolution:DeadorAlive90,Dead or Alive,READY
NetEnt,evolution,evolution:DeadorAlive92,Dead or Alive,READY
NetEnt,evolution,evolution:DeadorAlive93,Dead or Alive,READY
NetEnt,evolution,evolution:DeadorAlive94,Dead or Alive,READY
NetEnt,evolution,evolution:DeadorAlive95,Dead or Alive,READY
NetEnt,evolution,evolution:DeadorAlive98,Dead or Alive,READY
NetEnt,evolution,evolution:DeadorAlive99,Dead or Alive,READY
NetEnt,evolution,evolution:DeadorAlive2,Dead or Alive 2,READY
NetEnt,evolution,evolution:DeadorAlive2FeatureBuy,Dead or Alive 2,READY
NetEnt,evolution,evolution:DeadorAlive3Wanted,Dead or Alive 3: Wanted,READY
NetEnt,evolution,evolution:DeadorAlive3Wanted94,Dead or Alive 3: Wanted,READY
NetEnt,evolution,evolution:DeadorAlive3Wanted94NoBB,Dead or Alive 3: Wanted,READY
NetEnt,evolution,evolution:DeadorAlive3WantedNoBB,Dead or Alive 3: Wanted,READY
NetEnt,evolution,evolution:DeadWest,Dead West,READY
NetEnt,evolution,evolution:DeadWest94,Dead West,READY
NetEnt,evolution,evolution:DeadWest94NoBB,Dead West,READY
NetEnt,evolution,evolution:DeadWestNoBB,Dead West,READY
NetEnt,evolution,evolution:DemonBeats,Demon Beats,NOT_IN_CATALOGUE
NetEnt,evolution,evolution:DemonBeats94,Demon Beats,NOT_IN_CATALOGUE
NetEnt,evolution,evolution:DemonBeats94NoBB,Demon Beats,NOT_IN_CATALOGUE
NetEnt,evolution,evolution:DemonBeatsNoBB,Demon Beats,NOT_IN_CATALOGUE
NetEnt,evolution,evolution:DiscoDanny,Disco Danny,READY
NetEnt,evolution,evolution:DivineFortune,Divine Fortune,READY
NetEnt,evolution,evolution:DivineFortuneBlack,Divine Fortune Black,READY
NetEnt,evolution,evolution:DivineFortuneBlack94,Divine Fortune Black,READY
NetEnt,evolution,evolution:DivineFortuneBlack94NoBB,Divine Fortune Black,READY
NetEnt,evolution,evolution:DivineFortuneBlackNoBB,Divine Fortune Black,READY
NetEnt,evolution,evolution:DivineFortuneGold,Divine Fortune Gold,NOT_IN_CATALOGUE
NetEnt,evolution,evolution:DivineFortuneGold94,Divine Fortune Gold,NOT_IN_CATALOGUE
NetEnt,evolution,evolution:DivineFortuneGold94NoBB,Divine Fortune Gold,NOT_IN_CATALOGUE
NetEnt,evolution,evolution:DivineFortuneGoldNoBB,Divine Fortune Gold,NOT_IN_CATALOGUE
NetEnt,evolution,evolution:DivineFortuneMegaways,Divine Fortune Megaways,READY
NetEnt,evolution,evolution:DontEatTheCandy,Don't Eat the Candy,READY
NetEnt,evolution,evolution:DoubleStacks,Double Stacks,READY
NetEnt,evolution,evolution:DragonsPlayground,Dragons Playground,READY
NetEnt,evolution,evolution:DriveMultiplierMayhem,Drive: Multiplier Mayhem,READY
NetEnt,evolution,evolution:DruidsMagic,Druid's Magic,READY
NetEnt,evolution,evolution:DruidsDream,Druids' Dream,READY
NetEnt,evolution,evolution:EggOMatic,EggOMatic,READY
NetEnt,evolution,evolution:ElementsTheAwakening,Elements: The Awakening,READY
NetEnt,evolution,evolution:ElkHunter,Elk Hunter,READY
NetEnt,evolution,evolution:ElkHunter94,Elk Hunter,READY
NetEnt,evolution,evolution:ElkHunter94NoBB,Elk Hunter,READY
NetEnt,evolution,evolution:ElkHunterNoBB,Elk Hunter,READY
NetEnt,evolution,evolution:europroulette3ne,European Roulette,READY
NetEnt,evolution,evolution:FairytaleLegendsHanselGretel,Fairytale Legends: Hansel and Gretel,READY
NetEnt,evolution,evolution:FairytaleLegendsMirrorMirror,Fairytale Legends: Mirror Mirror,READY
NetEnt,evolution,evolution:FairytaleLegendsRedRidingHood,Fairytale Legends: Red Riding Hood,READY
NetEnt,evolution,evolution:FinnandtheCandySpin,Finn and the Candy Spin,READY
NetEnt,evolution,evolution:FinnandtheCandySpin94,Finn and the Candy Spin,READY
NetEnt,evolution,evolution:FinnandtheCandySpin94NoBB,Finn and the Candy Spin,READY
NetEnt,evolution,evolution:FinnandtheCandySpinNoBB,Finn and the Candy Spin,READY
NetEnt,evolution,evolution:FinnandtheDragonTales,Finn and the Dragon Tales,READY
NetEnt,evolution,evolution:FinnandtheDragonTales94,Finn and the Dragon Tales,READY
NetEnt,evolution,evolution:FinnandtheDragonTales94NoBB,Finn and the Dragon Tales,READY
NetEnt,evolution,evolution:FinnandtheDragonTalesNoBB,Finn and the Dragon Tales,READY
NetEnt,evolution,evolution:FinnandtheSwirlySpin,Finn and the Swirly Spin,READY
NetEnt,evolution,evolution:FinnsGoldenTavern,Finn's Golden Tavern,READY
NetEnt,evolution,evolution:FlockMe,Flock Me,READY
NetEnt,evolution,evolution:FlockMe94,Flock Me,READY
NetEnt,evolution,evolution:FlockMe94NoBB,Flock Me,READY
NetEnt,evolution,evolution:FlockMeNoBB,Flock Me,READY
NetEnt,evolution,evolution:Flowers,Flowers,READY
NetEnt,evolution,evolution:FlowersChristmasEdition,Flowers Christmas Edition,NOT_IN_CATALOGUE
NetEnt,evolution,evolution:FootballChampionsCup,Football: Champions Cup,READY
NetEnt,evolution,evolution:FortuneRangers,Fortune Rangers,READY
NetEnt,evolution,evolution:FrenchRoulette,French Roulette,READY
NetEnt,evolution,evolution:FruitBlaze91,Fruit Blaze,READY
NetEnt,evolution,evolution:FruitBlaze93,Fruit Blaze,READY
NetEnt,evolution,evolution:FruitBlaze95,Fruit Blaze,READY
NetEnt,evolution,evolution:fruitblazef1r300,Fruit Blaze,READY
NetEnt,evolution,evolution:FruitCase,Fruit Case,READY
NetEnt,evolution,evolution:FruitShop,Fruit Shop,READY
NetEnt,evolution,evolution:FruitShop90,Fruit Shop,READY
NetEnt,evolution,evolution:FruitShop92,Fruit Shop,READY
NetEnt,evolution,evolution:FruitShop93,Fruit Shop,READY
NetEnt,evolution,evolution:FruitShop94,Fruit Shop,READY
NetEnt,evolution,evolution:FruitShop95,Fruit Shop,READY
NetEnt,evolution,evolution:FruitShop98,Fruit Shop,READY
NetEnt,evolution,evolution:FruitShop99,Fruit Shop,READY
NetEnt,evolution,evolution:FruitShopChristmasEdition,Fruit Shop Christmas Edition,READY
NetEnt,evolution,evolution:FruitShopFrenzy,Fruit Shop Frenzy,NOT_IN_CATALOGUE
NetEnt,evolution,evolution:FruitShopGrandReOpening,Fruit Shop Grand Re-Opening,READY
NetEnt,evolution,evolution:FruitShopGrandReOpening94,Fruit Shop Grand Re-Opening,READY
NetEnt,evolution,evolution:FruitShopGrandReOpening94NoBB,Fruit Shop Grand Re-Opening,READY
NetEnt,evolution,evolution:FruitShopGrandReOpeningNoBB,Fruit Shop Grand Re-Opening,READY
NetEnt,evolution,evolution:FruitShopMegaways,Fruit Shop Megaways,READY
NetEnt,evolution,evolution:FruitShopMegawaysr1,Fruit Shop Megaways,READY
NetEnt,evolution,evolution:FruitShopMegaWays90,Fruit Shop MegaWays,READY
NetEnt,evolution,evolution:FruitShopMegaWays93,Fruit Shop MegaWays,READY
NetEnt,evolution,evolution:FruitShopMegaWays95,Fruit Shop MegaWays,READY
NetEnt,evolution,evolution:FruitSpin,Fruit Spin,READY
NetEnt,evolution,evolution:FunkMaster,Funk Master,NOT_IN_CATALOGUE
NetEnt,evolution,evolution:FunkMaster2,Funk Master,NOT_IN_CATALOGUE
NetEnt,evolution,evolution:GemCrush,Gem Crush,READY
NetEnt,evolution,evolution:GhostPirates,Ghost Pirates,READY
NetEnt,evolution,evolution:GladiatorClash,Gladiator Clash,READY
NetEnt,evolution,evolution:Godbreaker,Godbreaker,READY
NetEnt,evolution,evolution:Godbreaker94,Godbreaker,READY
NetEnt,evolution,evolution:Godbreaker94NoBB,Godbreaker,READY
NetEnt,evolution,evolution:GodbreakerNoBB,Godbreaker,READY
NetEnt,evolution,evolution:GodsOfGoldInfiniReels,Gods Of Gold: InfiniReels,READY
NetEnt,evolution,evolution:GoldenEggInvaders,Golden Egg Invaders,READY
NetEnt,evolution,evolution:GoldenEggInvaders94,Golden Egg Invaders,READY
NetEnt,evolution,evolution:GoldenEggInvaders94NoBB,Golden Egg Invaders,READY
NetEnt,evolution,evolution:GoldenEggInvadersNoBB,Golden Egg Invaders,READY
NetEnt,evolution,evolution:GoldenGrimoire,Golden Grimoire,READY
NetEnt,evolution,evolution:GoldenRealms,Golden Realms,READY
NetEnt,evolution,evolution:GoldenRealms94,Golden Realms,READY
NetEnt,evolution,evolution:GoldenRealms94NoBB,Golden Realms,READY
NetEnt,evolution,evolution:GoldenRealmsNoBB,Golden Realms,READY
NetEnt,evolution,evolution:GoldenWheelsEgypt,Golden Wheels Egypt,NOT_IN_CATALOGUE
NetEnt,evolution,evolution:GoldenWheelsEgypt94,Golden Wheels Egypt,NOT_IN_CATALOGUE
NetEnt,evolution,evolution:GoldenWheelsEgypt94NoBB,Golden Wheels Egypt,NOT_IN_CATALOGUE
NetEnt,evolution,evolution:GoldenWheelsEgyptNoBB,Golden Wheels Egypt,NOT_IN_CATALOGUE
NetEnt,evolution,evolution:GonzosGold,Gonzo's Gold,NOT_IN_CATALOGUE
NetEnt,evolution,evolution:GonzosGold90,Gonzo's Gold,NOT_IN_CATALOGUE
NetEnt,evolution,evolution:GonzosGold93,Gonzo's Gold,NOT_IN_CATALOGUE
NetEnt,evolution,evolution:GonzosGold95,Gonzo's Gold,NOT_IN_CATALOGUE
NetEnt,evolution,evolution:GonzosQuest,Gonzo's Quest,READY
NetEnt,evolution,evolution:GonzosQuestIIReturntoElDorado,Gonzo's Quest II: Return to El Dorado,READY
NetEnt,evolution,evolution:GonzosQuestIIReturntoElDorado94,Gonzo's Quest II: Return to El Dorado,READY
NetEnt,evolution,evolution:GonzosQuestIIReturntoElDorado94NoBB,Gonzo's Quest II: Return to El Dorado,READY
NetEnt,evolution,evolution:GonzosQuestIIReturntoElDoradoNoBB,Gonzo's Quest II: Return to El Dorado,READY
NetEnt,evolution,evolution:GoodOld7s,Good Old 7's,READY
NetEnt,evolution,evolution:GorillaKingdom,Gorilla Kingdom,READY
NetEnt,evolution,evolution:GrandSpinn,Grand Spinn,READY
NetEnt,evolution,evolution:GrandSpinnSuperpot,Grand Spinn Superpot,NOT_IN_CATALOGUE
NetEnt,evolution,evolution:HallofGods,Hall of Gods,READY
NetEnt,evolution,evolution:HalloweenJack,Halloween Jack,READY
NetEnt,evolution,evolution:HappyRiches,Happy Riches,READY
NetEnt,evolution,evolution:HooksHeroes,Hook's Heroes,READY
NetEnt,evolution,evolution:Hotline,Hotline,READY
NetEnt,evolution,evolution:Hotline2,Hotline 2,READY
NetEnt,evolution,evolution:Hotline21,Hotline 2,READY
NetEnt,evolution,evolution:Hotline22,Hotline 2,READY
NetEnt,evolution,evolution:Hotline23,Hotline 2,READY
NetEnt,evolution,evolution:Hotline2noBB,Hotline 2,READY
NetEnt,evolution,evolution:ImperialRiches,Imperial Riches,READY
NetEnt,evolution,evolution:InandOut,In and Out,READY
NetEnt,evolution,evolution:InandOut94,In and Out,READY
NetEnt,evolution,evolution:InandOut94NoBB,In and Out,READY
NetEnt,evolution,evolution:InandOutNoBB,In and Out,READY
NetEnt,evolution,evolution:IrishPotLuck,Irish Pot Luck,READY
NetEnt,evolution,evolution:JackandtheBeanstalk,Jack and the Beanstalk,READY
NetEnt,evolution,evolution:JackandtheBeanstalk2,Jack and the Beanstalk 2,NOT_IN_CATALOGUE
NetEnt,evolution,evolution:JackandtheBeanstalk294,Jack and the Beanstalk 2,NOT_IN_CATALOGUE
NetEnt,evolution,evolution:JackandtheBeanstalk294NoBB,Jack and the Beanstalk 2,NOT_IN_CATALOGUE
NetEnt,evolution,evolution:JackandtheBeanstalk2NoBB,Jack and the Beanstalk 2,NOT_IN_CATALOGUE
NetEnt,evolution,evolution:JackandtheBeanstalkRemastered,Jack and the Beanstalk Remastered,READY
NetEnt,evolution,evolution:JackandtheBeanstalkRemastered94,Jack and the Beanstalk Remastered,READY
NetEnt,evolution,evolution:JackandtheBeanstalkRemastered94NoBB,Jack and the Beanstalk Remastered,READY
NetEnt,evolution,evolution:JackandtheBeanstalkRemasteredNoBB,Jack and the Beanstalk Remastered,READY
NetEnt,evolution,evolution:JackHammer,Jack Hammer,READY
NetEnt,evolution,evolution:JackHammer92,Jack Hammer,READY
NetEnt,evolution,evolution:JackHammer93,Jack Hammer,READY
NetEnt,evolution,evolution:JackHammer94,Jack Hammer,READY
NetEnt,evolution,evolution:JackHammer95,Jack Hammer,READY
NetEnt,evolution,evolution:JackHammer98,Jack Hammer,READY
NetEnt,evolution,evolution:JackHammer3DiamondAffair,Jack Hammer 3: Diamond Affair,NOT_IN_CATALOGUE
NetEnt,evolution,evolution:JackHammer3DiamondAffair94,Jack Hammer 3: Diamond Affair,NOT_IN_CATALOGUE
NetEnt,evolution,evolution:JackHammer3DiamondAffair94NoBB,Jack Hammer 3: Diamond Affair,NOT_IN_CATALOGUE
NetEnt,evolution,evolution:JackHammer3DiamondAffairNoBB,Jack Hammer 3: Diamond Affair,NOT_IN_CATALOGUE
NetEnt,evolution,evolution:JackHammer4ChasingtheDragon,Jack Hammer 4: Chasing the Dragon,READY
NetEnt,evolution,evolution:JackHammer4ChasingtheDragon94,Jack Hammer 4: Chasing the Dragon,READY
NetEnt,evolution,evolution:JackHammer4ChasingtheDragon94NoBB,Jack Hammer 4: Chasing the Dragon,READY
NetEnt,evolution,evolution:JackHammer4ChasingtheDragonNoBB,Jack Hammer 4: Chasing the Dragon,READY
NetEnt,evolution,evolution:Jackpot6000,Jackpot 6000,READY
NetEnt,evolution,evolution:Jackpot6000mb,Jackpot 6000,READY
NetEnt,evolution,evolution:JacksorBetterDoubleUp,Jacks or Better Double Up,READY
NetEnt,evolution,evolution:JellyBellyMegaways,Jelly Belly Megaways,READY
NetEnt,evolution,evolution:JimiHendrixOnlineSlot,Jimi Hendrix,READY
NetEnt,evolution,evolution:JingleBellsBonanza,Jingle Bells Bonanza,READY
NetEnt,evolution,evolution:JingleSpin,Jingle Spin,READY
NetEnt,evolution,evolution:JokerPro,Joker Pro,READY
NetEnt,evolution,evolution:Judgemental,Judgemental,NOT_IN_CATALOGUE
NetEnt,evolution,evolution:Judgemental94,Judgemental,NOT_IN_CATALOGUE
NetEnt,evolution,evolution:Judgemental94NoBB,Judgemental,NOT_IN_CATALOGUE
NetEnt,evolution,evolution:JudgementalNoBB,Judgemental,NOT_IN_CATALOGUE
NetEnt,evolution,evolution:Jumanji,Jumanji,READY
NetEnt,evolution,evolution:JungleSpiritMegaways,Jungle Spirit Megaways,READY
NetEnt,evolution,evolution:JungleSpiritMegaways94,Jungle Spirit Megaways,READY
NetEnt,evolution,evolution:JungleSpiritMegaways94NoBB,Jungle Spirit Megaways,READY
NetEnt,evolution,evolution:JungleSpiritMegawaysNoBB,Jungle Spirit Megaways,READY
NetEnt,evolution,evolution:JungleSpiritCalloftheWild,Jungle Spirit: Call of the Wild,READY
NetEnt,evolution,evolution:Kingof3Kingdoms,King of 3 Kingdoms,READY
NetEnt,evolution,evolution:KingofSlots,King of Slots,READY
NetEnt,evolution,evolution:KoiPrincess,Koi Princess,READY
NetEnt,evolution,evolution:LeprechaunJoy,Leprechaun Joy,READY
NetEnt,evolution,evolution:LetItBurn,Let It Burn,READY
NetEnt,evolution,evolution:LetItBurn1,Let It Burn,READY
NetEnt,evolution,evolution:LetItBurn94,Let It Burn,READY
NetEnt,evolution,evolution:LetItBurn941,Let It Burn,READY
NetEnt,evolution,evolution:LightsCameraCash,"Lights, Camera, Cash!",READY
NetEnt,evolution,evolution:LockandPop,Lock and Pop,READY
NetEnt,evolution,evolution:LockandPop94,Lock and Pop,READY
NetEnt,evolution,evolution:LockandPop94NoBB,Lock and Pop,READY
NetEnt,evolution,evolution:LockandPopNoBB,Lock and Pop,READY
NetEnt,evolution,evolution:LongPao,Long Pao,READY
NetEnt,evolution,evolution:LostRelics,Lost Relics,READY
NetEnt,evolution,evolution:LuckyAnglerASnowyCatch,Lucky Angler: A Snowy Catch,NOT_IN_CATALOGUE
NetEnt,evolution,evolution:MagicLab,Magic Lab,READY
NetEnt,evolution,evolution:MagicMaidCafe,Magic Maid Cafe,READY
NetEnt,evolution,evolution:MegaFortune,Mega Fortune,READY
NetEnt,evolution,evolution:MegaJoker,Mega Joker,READY
NetEnt,evolution,evolution:MercyOfTheGods,Mercy Of The Gods,READY
NetEnt,evolution,evolution:Mermaids,Mermaids,READY
NetEnt,evolution,evolution:MilkshakeXXXtreme,Milkshake XXXtreme,READY
NetEnt,evolution,evolution:MilkshakeXXXtreme1,Milkshake XXXtreme,READY
NetEnt,evolution,evolution:MilkshakeXXXtreme94,Milkshake XXXtreme,READY
NetEnt,evolution,evolution:MilkshakeXXXtreme941,Milkshake XXXtreme,READY
NetEnt,evolution,evolution:MineBlown,Mine Blown,READY
NetEnt,evolution,evolution:MotorheadVideoSlot,Motorhead,READY
NetEnt,evolution,evolution:MsRobinHood,Ms Robin Hood,READY
NetEnt,evolution,evolution:MummyMegaways,Mummy Megaways,READY
NetEnt,evolution,evolution:MythicMaiden,Mythic Maiden,READY
NetEnt,evolution,evolution:Narcos,Narcos,READY
NetEnt,evolution,evolution:NeonStax,Neon Staxx,READY
NetEnt,evolution,evolution:OceansTreasure,Ocean's Treasure,READY
NetEnt,evolution,evolution:OzzyOsbourneVideoSlots,Ozzy Osbourne Video Slots,READY
NetEnt,evolution,evolution:PandorasTreasure,Pandora's Treasure,READY
NetEnt,evolution,evolution:ParthenonQuestforImmortality,Parthenon: Quest for Immortality,NOT_IN_CATALOGUE
NetEnt,evolution,evolution:ParthenonQuestforImmortality90,Parthenon: Quest for Immortality,NOT_IN_CATALOGUE
NetEnt,evolution,evolution:ParthenonQuestforImmortality93,Parthenon: Quest for Immortality,NOT_IN_CATALOGUE
NetEnt,evolution,evolution:ParthenonQuestforImmortality95,Parthenon: Quest for Immortality,NOT_IN_CATALOGUE
NetEnt,evolution,evolution:ParthenonQuestforImmortalityr,Parthenon: Quest for Immortality,NOT_IN_CATALOGUE
NetEnt,evolution,evolution:PiggyRiches,Piggy Riches,NOT_IN_CATALOGUE
NetEnt,evolution,evolution:PiggyRiches3HogHeaven,Piggy Riches 3: Hog Heaven,READY
NetEnt,evolution,evolution:PiggyRiches3HogHeaven94,Piggy Riches 3: Hog Heaven,READY
NetEnt,evolution,evolution:PiggyRiches3HogHeaven94NoBB,Piggy Riches 3: Hog Heaven,READY
NetEnt,evolution,evolution:PiggyRiches3HogHeavenNoBB,Piggy Riches 3: Hog Heaven,READY
NetEnt,evolution,evolution:PiratesParty,Pirates Party,READY
NetEnt,evolution,evolution:PorkKnox,Pork Knox,READY
NetEnt,evolution,evolution:PorkKnoxr3,Pork Knox,READY
NetEnt,evolution,evolution:PyramidQuestforImmortality,Pyramid: Quest for Immortality,READY
NetEnt,evolution,evolution:RabidRandy,Rabid Randy,READY
NetEnt,evolution,evolution:RabidRandy91,Rabid Randy,READY
NetEnt,evolution,evolution:RabidRandy93,Rabid Randy,READY
NetEnt,evolution,evolution:RabidRandy95,Rabid Randy,READY
NetEnt,evolution,evolution:RabidRandyDarkTrails,Rabid Randy Dark Trails,READY
NetEnt,evolution,evolution:RabidRandyDarkTrails94,Rabid Randy Dark Trails,READY
NetEnt,evolution,evolution:RabidRandyDarkTrails94NoBB,Rabid Randy Dark Trails,READY
NetEnt,evolution,evolution:RabidRandyDarkTrailsNoBB,Rabid Randy Dark Trails,READY
NetEnt,evolution,evolution:RabidRandyGoneFishing,Rabid Randy Gone Fishing,READY
NetEnt,evolution,evolution:Rage,Rage,READY
NetEnt,evolution,evolution:Rage94,Rage,READY
NetEnt,evolution,evolution:Rage94NoBB,Rage,READY
NetEnt,evolution,evolution:RageNoBB,Rage,READY
NetEnt,evolution,evolution:RageoftheSeas,Rage of the Seas,READY
NetEnt,evolution,evolution:RainforestGold,Rainforest Gold,READY
NetEnt,evolution,evolution:ReefRaider,Reef Raider,READY
NetEnt,evolution,evolution:ReefRaider90,Reef Raider,READY
NetEnt,evolution,evolution:ReefRaider93,Reef Raider,READY
NetEnt,evolution,evolution:ReefRaider95,Reef Raider,READY
NetEnt,evolution,evolution:ReelRush,Reel Rush,READY
NetEnt,evolution,evolution:ReelRush90,Reel Rush,READY
NetEnt,evolution,evolution:ReelRush92,Reel Rush,READY
NetEnt,evolution,evolution:ReelRush93,Reel Rush,READY
NetEnt,evolution,evolution:ReelRush94,Reel Rush,READY
NetEnt,evolution,evolution:ReelRush95,Reel Rush,READY
NetEnt,evolution,evolution:ReelRush98,Reel Rush,READY
NetEnt,evolution,evolution:ReelRush99,Reel Rush,READY
NetEnt,evolution,evolution:ReelRush2,Reel Rush 2,READY
NetEnt,evolution,evolution:ReelRushXXXtreme,Reel Rush XXXtreme,READY
NetEnt,evolution,evolution:ReelRushXXXtreme94,Reel Rush XXXtreme,READY
NetEnt,evolution,evolution:ReelRushXXXtreme94NoBB,Reel Rush XXXtreme,READY
NetEnt,evolution,evolution:ReelRushXXXtremeNoBB,Reel Rush XXXtreme,READY
NetEnt,evolution,evolution:ReelSteal,Reel Steal,READY
NetEnt,evolution,evolution:RichesofMidgardLandandExpand,Riches of Midgard: Land and Expand,NOT_IN_CATALOGUE
NetEnt,evolution,evolution:RichesofMidgardLandandExpand1,Riches of Midgard: Land and Expand,NOT_IN_CATALOGUE
NetEnt,evolution,evolution:RichesofMidgardLandandExpandBB,Riches of Midgard: Land and Expand,NOT_IN_CATALOGUE
NetEnt,evolution,evolution:RiseofMaya,Rise of Maya,READY
NetEnt,evolution,evolution:RobinHoodShiftingRiches,Robin Hood: Shifting Riches,NOT_IN_CATALOGUE
NetEnt,evolution,evolution:RomeTheGoldenAge,Rome: The Golden Age,READY
NetEnt,evolution,evolution:RomeTheGoldenAge90,Rome: The Golden Age,READY
NetEnt,evolution,evolution:RomeTheGoldenAge93,Rome: The Golden Age,READY
NetEnt,evolution,evolution:RomeTheGoldenAge95,Rome: The Golden Age,READY
NetEnt,evolution,evolution:RomeTheGoldenAger,Rome: The Golden Age,READY
NetEnt,evolution,evolution:roulette2advne,Roulette Advanced,READY
NetEnt,evolution,evolution:RouletteTouch,Roulette Touch,READY
NetEnt,evolution,evolution:RoyalNuts,Royal Nuts,READY
NetEnt,evolution,evolution:RoyalNuts94,Royal Nuts,READY
NetEnt,evolution,evolution:RoyalNuts94NoBB,Royal Nuts,READY
NetEnt,evolution,evolution:RoyalNutsNoBB,Royal Nuts,READY
NetEnt,evolution,evolution:SantavsRudolf,Santa vs Rudolf,READY
NetEnt,evolution,evolution:ScruffyDuck,Scruffy Duck,READY
NetEnt,evolution,evolution:ScudamoresSuperStakes,Scudamore's Super Stakes,READY
NetEnt,evolution,evolution:SecretsofAtlantis,Secrets of Atlantis,READY
NetEnt,evolution,evolution:SecretsofChristmas,Secrets of Christmas,READY
NetEnt,evolution,evolution:SerengetiKings,Serengeti Kings,READY
NetEnt,evolution,evolution:SerengetiKings1,Serengeti Kings,READY
NetEnt,evolution,evolution:SilverbackGold,Silverback Gold,READY
NetEnt,evolution,evolution:SilverbackGold1,Silverback Gold,READY
NetEnt,evolution,evolution:SilverbackGold192,Silverback Gold,READY
NetEnt,evolution,evolution:SpaceWars,Space Wars,READY
NetEnt,evolution,evolution:SpaceWars2,Space Wars 2,NOT_IN_CATALOGUE
NetEnt,evolution,evolution:SpaceWars21,Space Wars 2,NOT_IN_CATALOGUE
NetEnt,evolution,evolution:SpaceWarsMegawaysXXXtreme,Space Wars Megaways XXXtreme,READY
NetEnt,evolution,evolution:SpaceWarsMegawaysXXXtreme94,Space Wars Megaways XXXtreme,READY
NetEnt,evolution,evolution:SpaceWarsMegawaysXXXtreme94NoBB,Space Wars Megaways XXXtreme,READY
NetEnt,evolution,evolution:SpaceWarsMegawaysXXXtremeNoBB,Space Wars Megaways XXXtreme,READY
NetEnt,evolution,evolution:Spice,Spice,READY
NetEnt,evolution,evolution:Spice94,Spice,READY
NetEnt,evolution,evolution:Spice94NoBB,Spice,READY
NetEnt,evolution,evolution:SpiceNoBB,Spice,READY
NetEnt,evolution,evolution:SpinataGrande,Spinata Grande,READY
NetEnt,evolution,evolution:Spinsane,Spinsane,READY
NetEnt,evolution,evolution:Starburst,Starburst,READY
NetEnt,evolution,evolution:Starburst90,Starburst,READY
NetEnt,evolution,evolution:Starburst92,Starburst,READY
NetEnt,evolution,evolution:Starburst93,Starburst,READY
NetEnt,evolution,evolution:Starburst94,Starburst,READY
NetEnt,evolution,evolution:Starburst95,Starburst,READY
NetEnt,evolution,evolution:Starburst98,Starburst,READY
NetEnt,evolution,evolution:StarburstGalaxy,Starburst Galaxy,READY
NetEnt,evolution,evolution:StarburstGalaxy94,Starburst Galaxy,READY
NetEnt,evolution,evolution:StarburstGalaxy94NoBB,Starburst Galaxy,READY
NetEnt,evolution,evolution:StarburstGalaxyNoBB,Starburst Galaxy,READY
NetEnt,evolution,evolution:StarburstXXXtreme,Starburst XXXtreme,READY
NetEnt,evolution,evolution:StarburstXXXtreme1,Starburst XXXtreme,READY
NetEnt,evolution,evolution:StarburstXXXtremenobb,Starburst XXXtreme,READY
NetEnt,evolution,evolution:SteamTower,Steam Tower,READY
NetEnt,evolution,evolution:SteamTower90,Steam Tower,READY
NetEnt,evolution,evolution:SteamTower92,Steam Tower,READY
NetEnt,evolution,evolution:SteamTower93,Steam Tower,READY
NetEnt,evolution,evolution:SteamTower94,Steam Tower,READY
NetEnt,evolution,evolution:SteamTower95,Steam Tower,READY
NetEnt,evolution,evolution:SteamTower98,Steam Tower,READY
NetEnt,evolution,evolution:SteamTower99,Steam Tower,READY
NetEnt,evolution,evolution:StreetFighterIITheWorldWarriorSlot,Street Fighter II: The World Warrior Slot,NOT_IN_CATALOGUE
NetEnt,evolution,evolution:StreetFighterIITheWorldWarriorSlot1,Street Fighter II: The World Warrior Slot,NOT_IN_CATALOGUE
NetEnt,evolution,evolution:StreetFighterIITheWorldWarriorSlotBB,Street Fighter II: The World Warrior Slot,NOT_IN_CATALOGUE
NetEnt,evolution,evolution:StrollingStaxxCubicFruits,Strolling Staxx: Cubic Fruits,NOT_IN_CATALOGUE
NetEnt,evolution,evolution:SuperStriker,Super Striker,READY
NetEnt,evolution,evolution:SuperStriker1,Super Striker,READY
NetEnt,evolution,evolution:SuperStrikernoBB,Super Striker,READY
NetEnt,evolution,evolution:Superstars,Superstars,READY
NetEnt,evolution,evolution:Superstars_F1,Superstars,READY
NetEnt,evolution,evolution:Superstars_R1_F1,Superstars,READY
NetEnt,evolution,evolution:Superstars1,Superstars,READY
NetEnt,evolution,evolution:TacoFuryXXXtreme,Taco Fury XXXtreme,READY
NetEnt,evolution,evolution:TacoFuryXXXtreme1,Taco Fury XXXtreme,READY
NetEnt,evolution,evolution:TacoFuryXXXtreme94,Taco Fury XXXtreme,READY
NetEnt,evolution,evolution:TacoFuryXXXtreme941,Taco Fury XXXtreme,READY
NetEnt,evolution,evolution:templeofnudges00,Temple of Nudges,READY
NetEnt,evolution,evolution:TheWishMaster,The Wish Master,READY
NetEnt,evolution,evolution:TheWishMasterMegaWays,The Wish Master Megaways,READY
NetEnt,evolution,evolution:TheWolfssBane,The Wolf's Bane,READY
NetEnt,evolution,evolution:ThrilltoGrill,Thrill to Grill,READY
NetEnt,evolution,evolution:ThrilltoGrill94,Thrill to Grill,READY
NetEnt,evolution,evolution:ThrilltoGrill94NoBB,Thrill to Grill,READY
NetEnt,evolution,evolution:ThrilltoGrillNoBB,Thrill to Grill,READY
NetEnt,evolution,evolution:TicketToWild,Ticket To Wild,READY
NetEnt,evolution,evolution:Trollpot5000,Trollpot 5000,READY
NetEnt,evolution,evolution:TurnYourFortune,Turn Your Fortune,READY
NetEnt,evolution,evolution:TwinHappiness,Twin Happiness,READY
NetEnt,evolution,evolution:TwinSpin,Twin Spin,READY
NetEnt,evolution,evolution:TwinSpin90,Twin Spin,READY
NetEnt,evolution,evolution:TwinSpin92,Twin Spin,READY
NetEnt,evolution,evolution:TwinSpin93,Twin Spin,READY
NetEnt,evolution,evolution:TwinSpin94,Twin Spin,READY
NetEnt,evolution,evolution:TwinSpin95,Twin Spin,READY
NetEnt,evolution,evolution:TwinSpin98,Twin Spin,READY
NetEnt,evolution,evolution:TwinSpin99,Twin Spin,READY
NetEnt,evolution,evolution:TwinSpinMegaways,Twin Spin Megaways,READY
NetEnt,evolution,evolution:TwinSpinXXXtreme,Twin Spin XXXtreme,READY
NetEnt,evolution,evolution:TwinSpinXXXtreme94,Twin Spin XXXtreme,READY
NetEnt,evolution,evolution:TwinSpinXXXtreme94NoBB,Twin Spin XXXtreme,READY
NetEnt,evolution,evolution:TwinSpinXXXtremeNoBB,Twin Spin XXXtreme,READY
NetEnt,evolution,evolution:Twister,Twister,READY
NetEnt,evolution,evolution:Twister94,Twister,READY
NetEnt,evolution,evolution:Twister94NoBB,Twister,READY
NetEnt,evolution,evolution:TwisterNoBB,Twister,READY
NetEnt,evolution,evolution:VegasNightLife,Vegas Night Life,READY
NetEnt,evolution,evolution:VegasNightLife0,Vegas Night Life,READY
NetEnt,evolution,evolution:VegasNightLife2,Vegas Night Life,READY
NetEnt,evolution,evolution:VegasNightLife3,Vegas Night Life,READY
NetEnt,evolution,evolution:VegasNightLife4,Vegas Night Life,READY
NetEnt,evolution,evolution:vegasnightlifer1,Vegas Night Life,READY
NetEnt,evolution,evolution:Victorious,Victorious,READY
NetEnt,evolution,evolution:WarlordsCrystalsofPower,Warlords: Crystals of Power,READY
NetEnt,evolution,evolution:WhatsUpWitches,What's Up? Witches,READY
NetEnt,evolution,evolution:WhatsUpWitches94,What's Up? Witches,READY
NetEnt,evolution,evolution:WhatsUpWitches94NoBB,What's Up? Witches,READY
NetEnt,evolution,evolution:WhatsUpWitchesNoBB,What's Up? Witches,READY
NetEnt,evolution,evolution:WhostheBride,Who's the Bride,READY
NetEnt,evolution,evolution:WildBazaar,Wild Bazaar,READY
NetEnt,evolution,evolution:WildMiningXXXtreme,Wild Mining XXXtreme,READY
NetEnt,evolution,evolution:WildMiningXXXtreme94,Wild Mining XXXtreme,READY
NetEnt,evolution,evolution:WildMiningXXXtreme94NoBB,Wild Mining XXXtreme,READY
NetEnt,evolution,evolution:WildMiningXXXtremeNoBB,Wild Mining XXXtreme,READY
NetEnt,evolution,evolution:WildTurkey,Wild Turkey,READY
NetEnt,evolution,evolution:WildTurkeyMegaways,Wild Turkey Megaways,READY
NetEnt,evolution,evolution:WildWater,Wild Water,READY
NetEnt,evolution,evolution:WildWildWestTheGreatTrainHeist,Wild Wild West: The Great Train Heist,READY
NetEnt,evolution,evolution:WildWorlds,Wild Worlds,READY
NetEnt,evolution,evolution:Wilderland,Wilderland,READY
NetEnt,evolution,evolution:WillysHotChillies,Willy's Hot Chillies,READY
NetEnt,evolution,evolution:WingsofRiches,Wings of Riches,READY
NetEnt,evolution,evolution:WolfCub,Wolf Cub,READY
NetEnt,evolution,evolution:WondersofChristmas,Wonders of Christmas,READY
NetEnt,evolution,evolution:WondersofChristmas90,Wonders of Christmas,READY
NetEnt,evolution,evolution:WondersofChristmas93,Wonders of Christmas,READY
Turbo Games,turbogames,turbogames:1TapMines,1Tap Mines,READY
Turbo Games,turbogames,turbogames:Aero,Aero,READY
Turbo Games,turbogames,turbogames:BallBall,Ball & Ball,READY
Turbo Games,turbogames,turbogames:BalloonDoggo,Balloon Doggo,READY
Turbo Games,turbogames,turbogames:BookofMines,Book of Mines,READY
Turbo Games,turbogames,turbogames:Bubbles,Bubbles,READY
Turbo Games,turbogames,turbogames:Catanza,Catanza,READY
Turbo Games,turbogames,turbogames:ChickenGOAL,Chicken GOAL,NOT_IN_CATALOGUE
Turbo Games,turbogames,turbogames:ChickenPirateRoute,Chicken Pirate Route,NOT_IN_CATALOGUE
Turbo Games,turbogames,turbogames:ChickenRoute,Chicken Route,READY
Turbo Games,turbogames,turbogames:ChickenRouteRococo,Chicken Route: Ro-co-co,NOT_IN_CATALOGUE
Turbo Games,turbogames,turbogames:CloudPiggies,Cloud Piggies,NOT_IN_CATALOGUE
Turbo Games,turbogames,turbogames:Crash,Crash,NOT_IN_CATALOGUE
Turbo Games,turbogames,turbogames:CrashXFootballEdition,CrashX Football Edition,READY
Turbo Games,turbogames,turbogames:CricketBoom,Cricket Boom,READY
Turbo Games,turbogames,turbogames:CrystalPoker,Crystal Poker,READY
Turbo Games,turbogames,turbogames:DiceTwice,Dice Twice,READY
Turbo Games,turbogames,turbogames:DonnyKing,Donny King,READY
Turbo Games,turbogames,turbogames:DoubleRoll,Double Roll,READY
Turbo Games,turbogames,turbogames:FastFielder,Fast Fielder,READY
Turbo Games,turbogames,turbogames:FruitTowers,Fruit Towers,READY
Turbo Games,turbogames,turbogames:FuryStairs,Fury Stairs,READY
Turbo Games,turbogames,turbogames:Hamsta,Hamsta,READY
Turbo Games,turbogames,turbogames:HiLo,Hi-Lo,READY
Turbo Games,turbogames,turbogames:JewelClicker,Jewel Clicker,READY
Turbo Games,turbogames,turbogames:JewelClickerRockageddon,Jewel Clicker: Rockageddon,NOT_IN_CATALOGUE
Turbo Games,turbogames,turbogames:KittyRush,Kitty Rush,NOT_IN_CATALOGUE
Turbo Games,turbogames,turbogames:LimboRider,Limbo Rider,READY
Turbo Games,turbogames,turbogames:Mines,Mines,OTHER_PROVIDER
Turbo Games,turbogames,turbogames:Mysteco,Mysteco,READY
Turbo Games,turbogames,turbogames:PumpedX,PumpedX,READY
Turbo Games,turbogames,turbogames:RingsofOlympus,Rings of Olympus,READY
Turbo Games,turbogames,turbogames:SpinStrike,Spin Strike,READY
Turbo Games,turbogames,turbogames:TAPinata,TAPinata,READY
Turbo Games,turbogames,turbogames:TeenPatti,Teen Patti 20-20,OTHER_PROVIDER
Turbo Games,turbogames,turbogames:Towers,Towers,READY
Turbo Games,turbogames,turbogames:TurboKeno,Turbo Keno,NOT_IN_CATALOGUE
Turbo Games,turbogames,turbogames:TurboMines,Turbo Mines,READY
Turbo Games,turbogames,turbogames:TurboPlinko,Turbo Plinko,READY
Turbo Games,turbogames,turbogames:VORTEX,VORTEX,READY
Turbo Games,turbogames,turbogames:Vortex2,Vortex 2,READY
Turbo Games,turbogames,turbogames:VortexAero,Vortex Aero,NOT_IN_CATALOGUE
Turbo Games,turbogames,turbogames:VortexHalloween,Vortex Halloween,NOT_IN_CATALOGUE
Turbo Games,turbogames,turbogames:VortexPowerKick,Vortex Power Kick,NOT_IN_CATALOGUE
Turbo Games,turbogames,turbogames:VortexPowerPlay,Vortex PowerPlay,NOT_IN_CATALOGUE
Turbo Games,turbogames,turbogames:VortexSafari,Vortex Safari,READY
Turbo Games,turbogames,turbogames:WicketBlast,Wicket Blast,READY
Nolimit City,nolimit,nolimit:AirportSecurity,AFK Airport Security,READY
Nolimit City,nolimit,nolimit:AirportSecurityDX1,AFK Airport Security,READY
Nolimit City,nolimit,nolimit:AirportSecurityDX2,AFK Airport Security,READY
Nolimit City,nolimit,nolimit:Apocalypse,Apocalypse Super xNudge,READY
Nolimit City,nolimit,nolimit:ApocalypseDX1,Apocalypse Super xNudge,READY
Nolimit City,nolimit,nolimit:ApocalypseDX2,Apocalypse Super xNudge,READY
Nolimit City,nolimit,nolimit:BangkokHilton,Bangkok Hilton,READY
Nolimit City,nolimit,nolimit:BangkokHiltonDX0,Bangkok Hilton,READY
Nolimit City,nolimit,nolimit:BangkokHiltonDX1,Bangkok Hilton,READY
Nolimit City,nolimit,nolimit:BangkokHiltonDX2,Bangkok Hilton,READY
Nolimit City,nolimit,nolimit:BarbarianFury,Barbarian Fury,READY
Nolimit City,nolimit,nolimit:BarbarianFury1,Barbarian Fury,READY
Nolimit City,nolimit,nolimit:Beheaded,Beheaded,READY
Nolimit City,nolimit,nolimit:BeheadedDX1,Beheaded,READY
Nolimit City,nolimit,nolimit:BeheadedDX2,Beheaded,READY
Nolimit City,nolimit,nolimit:BenjiKilledInVegas,Benji Killed in Vegas,READY
Nolimit City,nolimit,nolimit:BenjiKilledInVegasDX1,Benji Killed in Vegas,READY
Nolimit City,nolimit,nolimit:BenjiKilledInVegasDX2,Benji Killed in Vegas,READY
Nolimit City,nolimit,nolimit:Bizarre,Bizarre,READY
Nolimit City,nolimit,nolimit:BizarreDX1,Bizarre,READY
Nolimit City,nolimit,nolimit:BizarreDX2,Bizarre,READY
Nolimit City,nolimit,nolimit:BloodAndShadowDX1,Blood & Shadow,NOT_IN_CATALOGUE
Nolimit City,nolimit,nolimit:BloodAndShadowDX2,Blood & Shadow,NOT_IN_CATALOGUE
Nolimit City,nolimit,nolimit:BloodShadow,Blood & Shadow,NOT_IN_CATALOGUE
Nolimit City,nolimit,nolimit:BloodAndShadow2,Blood & Shadow 2,READY
Nolimit City,nolimit,nolimit:BloodAndShadow2DX1,Blood & Shadow 2,READY
Nolimit City,nolimit,nolimit:BloodAndShadow2DX2,Blood & Shadow 2,READY
Nolimit City,nolimit,nolimit:BloodDiamond,Blood Diamond,READY
Nolimit City,nolimit,nolimit:BloodDiamondDX0,Blood Diamond,READY
Nolimit City,nolimit,nolimit:BloodDiamondDX1,Blood Diamond,READY
Nolimit City,nolimit,nolimit:BloodDiamondDX2,Blood Diamond,READY
Nolimit City,nolimit,nolimit:BonusBunnies,Bonus Bunnies,READY
Nolimit City,nolimit,nolimit:BonusBunnies1,Bonus Bunnies,READY
Nolimit City,nolimit,nolimit:BookofShadows,Book of Shadows,READY
Nolimit City,nolimit,nolimit:BookofShadows1,Book of Shadows,READY
Nolimit City,nolimit,nolimit:BountyHunters,Bounty Hunters,READY
Nolimit City,nolimit,nolimit:BountyHuntersDX1,Bounty Hunters,READY
Nolimit City,nolimit,nolimit:BountyHuntersDX2,Bounty Hunters,READY
Nolimit City,nolimit,nolimit:Breakout,Breakout,READY
Nolimit City,nolimit,nolimit:BreakoutDX1,Breakout,READY
Nolimit City,nolimit,nolimit:BreakoutDX2,Breakout,READY
Nolimit City,nolimit,nolimit:BrickSnake2000,BRICK SNAKE 2000,READY
Nolimit City,nolimit,nolimit:BrickSnake2000DX1,BRICK SNAKE 2000,READY
Nolimit City,nolimit,nolimit:BrickSnake2000DX2,BRICK SNAKE 2000,READY
Nolimit City,nolimit,nolimit:BruteForce,Brute Force,READY
Nolimit City,nolimit,nolimit:BruteForceDX1,Brute Force,READY
Nolimit City,nolimit,nolimit:BruteForceDX2,Brute Force,READY
Nolimit City,nolimit,nolimit:BruteForceAlienOnslaught,Brute Force: Alien Onslaught,READY
Nolimit City,nolimit,nolimit:BruteForceAlienOnslaughtDX0,Brute Force: Alien Onslaught,READY
Nolimit City,nolimit,nolimit:BruteForceAlienOnslaughtDX1,Brute Force: Alien Onslaught,READY
Nolimit City,nolimit,nolimit:BruteForceAlienOnslaughtDX2,Brute Force: Alien Onslaught,READY
Nolimit City,nolimit,nolimit:BuffaloHunter,Buffalo Hunter,READY
Nolimit City,nolimit,nolimit:BuffaloHunter1,Buffalo Hunter,READY
Nolimit City,nolimit,nolimit:BushidoWaysxNudge,Bushido Ways xNudge,READY
Nolimit City,nolimit,nolimit:BushidoWaysxNudgeDX1,Bushido Ways xNudge,READY
Nolimit City,nolimit,nolimit:CasinoWinSpin,Casino Win Spin,READY
Nolimit City,nolimit,nolimit:CasinoWinSpin1,Casino Win Spin,READY
Nolimit City,nolimit,nolimit:CatfishHunters,Catfish Hunters,READY
Nolimit City,nolimit,nolimit:CatfishHuntersDX1,Catfish Hunters,READY
Nolimit City,nolimit,nolimit:CatfishHuntersDX2,Catfish Hunters,READY
Nolimit City,nolimit,nolimit:CoinsOfFortune,Coins Of Fortune,READY
Nolimit City,nolimit,nolimit:CoinsOfFortune1,Coins Of Fortune,READY
Nolimit City,nolimit,nolimit:CrazyExGirlfriend,Crazy Ex-Girlfriend,READY
Nolimit City,nolimit,nolimit:CrazyExGirlfriendDX1,Crazy Ex-Girlfriend,READY
Nolimit City,nolimit,nolimit:CrazyExGirlfriendDX2,Crazy Ex-Girlfriend,READY
Nolimit City,nolimit,nolimit:DDay,D-Day,READY
Nolimit City,nolimit,nolimit:DDayDX1,D-Day,READY
Nolimit City,nolimit,nolimit:DDayDX2,D-Day,READY
Nolimit City,nolimit,nolimit:DasxBoot,Das xBoot,READY
Nolimit City,nolimit,nolimit:DasxBootDX1,Das xBoot,READY
Nolimit City,nolimit,nolimit:DasxBoot2,Das xBoot 2wei!,READY
Nolimit City,nolimit,nolimit:DasxBoot2DX1,Das xBoot 2wei!,READY
Nolimit City,nolimit,nolimit:DasxBoot2DX2,Das xBoot 2wei!,READY
Nolimit City,nolimit,nolimit:DeadCanary,Dead Canary,READY
Nolimit City,nolimit,nolimit:DeadCanaryDX1,Dead Canary,READY
Nolimit City,nolimit,nolimit:DeadCanaryDX2,Dead Canary,READY
Nolimit City,nolimit,nolimit:DeadMenWalking,Dead Men Walking,READY
Nolimit City,nolimit,nolimit:DeadMenWalkingDX0,Dead Men Walking,READY
Nolimit City,nolimit,nolimit:DeadMenWalkingDX1,Dead Men Walking,READY
Nolimit City,nolimit,nolimit:DeadMenWalkingDX2,Dead Men Walking,READY
Nolimit City,nolimit,nolimit:DeadDeadOrDeader,"Dead, Dead Or Deader",READY
Nolimit City,nolimit,nolimit:DeadDeadOrDeaderDX0,"Dead, Dead Or Deader",READY
Nolimit City,nolimit,nolimit:DeadDeadOrDeaderDX1,"Dead, Dead Or Deader",READY
Nolimit City,nolimit,nolimit:DeadDeadOrDeaderDX2,"Dead, Dead Or Deader",READY
Nolimit City,nolimit,nolimit:Deadwood,Deadwood,READY
Nolimit City,nolimit,nolimit:Deadwood1,Deadwood,READY
Nolimit City,nolimit,nolimit:DeadwoodRip,Deadwood R.I.P,READY
Nolimit City,nolimit,nolimit:DeadwoodRipDX1,Deadwood R.I.P,READY
Nolimit City,nolimit,nolimit:DeadwoodRipDX2,Deadwood R.I.P,READY
Nolimit City,nolimit,nolimit:DevilsCrossroad,Devil's Crossroad,READY
Nolimit City,nolimit,nolimit:DevilsCrossroadDX1,Devil's Crossroad,READY
Nolimit City,nolimit,nolimit:DevilsCrossroadDX2,Devil's Crossroad,READY
Nolimit City,nolimit,nolimit:DingDongDeath,Ding Dong Death,NOT_IN_CATALOGUE
Nolimit City,nolimit,nolimit:DingDongDeathDX1,Ding Dong Death,NOT_IN_CATALOGUE
Nolimit City,nolimit,nolimit:DingDongDeathDX2,Ding Dong Death,NOT_IN_CATALOGUE
Nolimit City,nolimit,nolimit:Disorder,Disorder,READY
Nolimit City,nolimit,nolimit:DisorderDX1,Disorder,READY
Nolimit City,nolimit,nolimit:DisorderDX2,Disorder,READY
Nolimit City,nolimit,nolimit:Disturbed,Disturbed,READY
Nolimit City,nolimit,nolimit:DisturbedDX1,Disturbed,READY
Nolimit City,nolimit,nolimit:DisturbedDX2,Disturbed,READY
Nolimit City,nolimit,nolimit:DjPsycho,DJ Psycho,READY
Nolimit City,nolimit,nolimit:DjPsychoDX1,DJ Psycho,READY
Nolimit City,nolimit,nolimit:DjPsychoDX2,DJ Psycho,READY
Nolimit City,nolimit,nolimit:DragonTribe,Dragon Tribe,READY
Nolimit City,nolimit,nolimit:DragonTribe1,Dragon Tribe,READY
Nolimit City,nolimit,nolimit:DuckHunters,Duck Hunters,READY
Nolimit City,nolimit,nolimit:DuckHuntersDX1,Duck Hunters,READY
Nolimit City,nolimit,nolimit:DuckHuntersDX2,Duck Hunters,READY
Nolimit City,nolimit,nolimit:DuckHunters2,Duck Hunters 2,NOT_IN_CATALOGUE
Nolimit City,nolimit,nolimit:DuckHunters2DX1,Duck Hunters 2,NOT_IN_CATALOGUE
Nolimit City,nolimit,nolimit:DuckHunters2DX2,Duck Hunters 2,NOT_IN_CATALOGUE
Nolimit City,nolimit,nolimit:DuckHuntersHappyHour,Duck Hunters: Happy Hour,READY
Nolimit City,nolimit,nolimit:DuckHuntersHappyHourDX1,Duck Hunters: Happy Hour,READY
Nolimit City,nolimit,nolimit:DuckHuntersHappyHourDX2,Duck Hunters: Happy Hour,READY
Nolimit City,nolimit,nolimit:DungeonQuest,Dungeon Quest,READY
Nolimit City,nolimit,nolimit:DungeonQuest1,Dungeon Quest,READY
Nolimit City,nolimit,nolimit:EastCoastVsWestCoast,East Coast vs West Coast,READY
Nolimit City,nolimit,nolimit:EastCoastVsWestCoast1,East Coast vs West Coast,READY
Nolimit City,nolimit,nolimit:ElPaso,El Paso Gunfight xNudge,READY
Nolimit City,nolimit,nolimit:ElPasoGunfightNudge,El Paso Gunfight xNudge,READY
Nolimit City,nolimit,nolimit:EvilGoblins,Evil Goblins,NOT_IN_CATALOGUE
Nolimit City,nolimit,nolimit:EvilGoblinsDX1,Evil Goblins,NOT_IN_CATALOGUE
Nolimit City,nolimit,nolimit:FireintheHole2,Fire in the Hole 2,READY
Nolimit City,nolimit,nolimit:FireInTheHole2DX1,Fire in the Hole 2,READY
Nolimit City,nolimit,nolimit:FireInTheHole2DX2,Fire in the Hole 2,READY
Nolimit City,nolimit,nolimit:FireInTheHole3,Fire in the Hole 3,READY
Nolimit City,nolimit,nolimit:FireintheHole3DX0,Fire in the Hole 3,READY
Nolimit City,nolimit,nolimit:FireInTheHole3DX1,Fire in the Hole 3,READY
Nolimit City,nolimit,nolimit:FireInTheHole3DX2,Fire in the Hole 3,READY
Nolimit City,nolimit,nolimit:FireInTheHolexBomb,Fire In The Hole xBomb,READY
Nolimit City,nolimit,nolimit:FireInTheHolexBomb1,Fire In The Hole xBomb,READY
Nolimit City,nolimit,nolimit:FlightMode,Flight Mode,READY
Nolimit City,nolimit,nolimit:FlightModeDX0,Flight Mode,READY
Nolimit City,nolimit,nolimit:FlightModeDX1,Flight Mode,READY
Nolimit City,nolimit,nolimit:FlightModeDX2,Flight Mode,READY
Nolimit City,nolimit,nolimit:FolsomPrison,Folsom Prison,READY
Nolimit City,nolimit,nolimit:FolsomPrisonDX1,Folsom Prison,READY
Nolimit City,nolimit,nolimit:Fruits,Fruits,READY
Nolimit City,nolimit,nolimit:Fruits1,Fruits,READY
Nolimit City,nolimit,nolimit:GaelicGold,Gaelic Gold,READY
Nolimit City,nolimit,nolimit:GaelicGold1,Gaelic Gold,READY
Nolimit City,nolimit,nolimit:GatorHunters,Gator Hunters,READY
Nolimit City,nolimit,nolimit:GatorHuntersDX0,Gator Hunters,READY
Nolimit City,nolimit,nolimit:GatorHuntersDX1,Gator Hunters,READY
Nolimit City,nolimit,nolimit:GatorHuntersDX2,Gator Hunters,READY
Nolimit City,nolimit,nolimit:GatorHunters2,Gator Hunters 2,NOT_IN_CATALOGUE
Nolimit City,nolimit,nolimit:GatorHunters2DX1,Gator Hunters 2,NOT_IN_CATALOGUE
Nolimit City,nolimit,nolimit:GatorHunters2DX2,Gator Hunters 2,NOT_IN_CATALOGUE
Nolimit City,nolimit,nolimit:Gluttony,Gluttony,READY
Nolimit City,nolimit,nolimit:GluttonyDX1,Gluttony,READY
Nolimit City,nolimit,nolimit:GluttonyDX2,Gluttony,READY
Nolimit City,nolimit,nolimit:GoldenGenie,Golden Genie and the Walking Wilds,NOT_IN_CATALOGUE
Nolimit City,nolimit,nolimit:GoldenGenie1,Golden Genie and the Walking Wilds,NOT_IN_CATALOGUE
Nolimit City,nolimit,nolimit:GoldenShower,Golden Shower,READY
Nolimit City,nolimit,nolimit:GoldenShowerDX1,Golden Shower,READY
Nolimit City,nolimit,nolimit:GoldenShowerDX2,Golden Shower,READY
Nolimit City,nolimit,nolimit:HarlequinCarnival,Harlequin Carnival,READY
Nolimit City,nolimit,nolimit:HarlequinCarnival1,Harlequin Carnival,READY
Nolimit City,nolimit,nolimit:HighwayToHell,Highway to Hell,READY
Nolimit City,nolimit,nolimit:HighwayToHellDX0,Highway to Hell,READY
Nolimit City,nolimit,nolimit:HighwayToHellDX1,Highway to Hell,READY
Nolimit City,nolimit,nolimit:HighwayToHellDX2,Highway to Hell,READY
Nolimit City,nolimit,nolimit:HomeOfTheBrave,Home of the Brave,READY
Nolimit City,nolimit,nolimit:HomeoftheBraveDX0,Home of the Brave,READY
Nolimit City,nolimit,nolimit:HomeoftheBraveDX1,Home of the Brave,READY
Nolimit City,nolimit,nolimit:HomeoftheBraveDX2,Home of the Brave,READY
Nolimit City,nolimit,nolimit:Hot4Cash,Hot 4 Cash,READY
Nolimit City,nolimit,nolimit:Hot4Cash1,Hot 4 Cash,READY
Nolimit City,nolimit,nolimit:HotNudge,Hot Nudge,READY
Nolimit City,nolimit,nolimit:HotNudge1,Hot Nudge,READY
Nolimit City,nolimit,nolimit:IceIceYeti,Ice Ice Yeti,READY
Nolimit City,nolimit,nolimit:IceIceYeti1,Ice Ice Yeti,READY
Nolimit City,nolimit,nolimit:ImmortalFruits,Immortal Fruits,READY
Nolimit City,nolimit,nolimit:ImmortalFruits1,Immortal Fruits,READY
Nolimit City,nolimit,nolimit:Infectious5xWays,Infectious 5 xWays,READY
Nolimit City,nolimit,nolimit:Infectious5xWaysDX1,Infectious 5 xWays,READY
Nolimit City,nolimit,nolimit:JingleBalls,Jingle Balls,READY
Nolimit City,nolimit,nolimit:JingleBallsDX1,Jingle Balls,READY
Nolimit City,nolimit,nolimit:JingleBallsDX2,Jingle Balls,READY
Nolimit City,nolimit,nolimit:Karen,Karen Maneater,READY
Nolimit City,nolimit,nolimit:KarenDX1,Karen Maneater,READY
Nolimit City,nolimit,nolimit:KitchenDramaSushiMania,KD: Sushi Mania,NOT_IN_CATALOGUE
Nolimit City,nolimit,nolimit:KitchenDramaSushiMania1,KD: Sushi Mania,NOT_IN_CATALOGUE
Nolimit City,nolimit,nolimit:KennethMustDie,Kenneth Must Die,READY
Nolimit City,nolimit,nolimit:KennethMustDieDX1,Kenneth Must Die,READY
Nolimit City,nolimit,nolimit:KennethMustDieDX2,Kenneth Must Die,READY
Nolimit City,nolimit,nolimit:KillEmAll,Kill Em All,READY
Nolimit City,nolimit,nolimit:KillEmAllDX0,Kill Em All,READY
Nolimit City,nolimit,nolimit:KillEmAllDX1,Kill Em All,READY
Nolimit City,nolimit,nolimit:KillEmAllDX2,Kill Em All,READY
Nolimit City,nolimit,nolimit:KissMyChainsaw,Kiss My Chainsaw,READY
Nolimit City,nolimit,nolimit:KissMyChainsawDX1,Kiss My Chainsaw,READY
Nolimit City,nolimit,nolimit:KissMyChainsawDX2,Kiss My Chainsaw,READY
Nolimit City,nolimit,nolimit:LandOfTheFree,Land of the Free,READY
Nolimit City,nolimit,nolimit:LandOfTheFreeDX1,Land of the Free,READY
Nolimit City,nolimit,nolimit:LandOfTheFreeDX2,Land of the Free,READY
Nolimit City,nolimit,nolimit:LegionX,Legion X,READY
Nolimit City,nolimit,nolimit:LegionXDX1,Legion X,READY
Nolimit City,nolimit,nolimit:LittleBighorn,Little Bighorn,READY
Nolimit City,nolimit,nolimit:LittleBighornDX1,Little Bighorn,READY
Nolimit City,nolimit,nolimit:LittleBighornDX2,Little Bighorn,READY
Nolimit City,nolimit,nolimit:Loner,Loner,READY
Nolimit City,nolimit,nolimit:LonerDX1,Loner,READY
Nolimit City,nolimit,nolimit:LonerDX2,Loner,READY
Nolimit City,nolimit,nolimit:ManhattanGoesWild,Manhattan Goes Wild,READY
Nolimit City,nolimit,nolimit:ManhattanGoesWild1,Manhattan Goes Wild,READY
Nolimit City,nolimit,nolimit:MayanMagic,Mayan Magic Wildfire,READY
Nolimit City,nolimit,nolimit:MayanMagic1,Mayan Magic Wildfire,READY
Nolimit City,nolimit,nolimit:Mental,Mental,READY
Nolimit City,nolimit,nolimit:MentalDX1,Mental,READY
Nolimit City,nolimit,nolimit:Mental2,Mental 2,READY
Nolimit City,nolimit,nolimit:Mental2DX0,Mental 2,READY
Nolimit City,nolimit,nolimit:Mental2DX1,Mental 2,READY
Nolimit City,nolimit,nolimit:Mental2DX2,Mental 2,READY
Nolimit City,nolimit,nolimit:MilkyWays,Milky Ways,READY
Nolimit City,nolimit,nolimit:MilkyWays1,Milky Ways,READY
Nolimit City,nolimit,nolimit:Miserymining,Misery Mining,READY
Nolimit City,nolimit,nolimit:MiseryminingDX1,Misery Mining,READY
Nolimit City,nolimit,nolimit:MonkeysGoldxPays,Monkey's Gold: xPays,READY
Nolimit City,nolimit,nolimit:MonkeysGoldxPays1,Monkey's Gold: xPays,READY
Nolimit City,nolimit,nolimit:Munchies,Munchies,READY
Nolimit City,nolimit,nolimit:MunchiesDX1,Munchies,READY
Nolimit City,nolimit,nolimit:MunchiesDX2,Munchies,READY
Nolimit City,nolimit,nolimit:NineToFive,Nine to Five,READY
Nolimit City,nolimit,nolimit:NineToFiveDX1,Nine to Five,READY
Nolimit City,nolimit,nolimit:NineToFiveDX2,Nine to Five,READY
Nolimit City,nolimit,nolimit:Oktoberfest,Oktoberfest,READY
Nolimit City,nolimit,nolimit:Oktoberfest1,Oktoberfest,READY
Nolimit City,nolimit,nolimit:Outsourced,Outsourced,READY
Nolimit City,nolimit,nolimit:OutsourcedDX1,Outsourced,READY
Nolimit City,nolimit,nolimit:OutsourcedDX2,Outsourced,READY
Nolimit City,nolimit,nolimit:Outsourced2,Outsourced 2,NOT_IN_CATALOGUE
Nolimit City,nolimit,nolimit:Outsourced2DX1,Outsourced 2,NOT_IN_CATALOGUE
Nolimit City,nolimit,nolimit:Outsourced2DX2,Outsourced 2,NOT_IN_CATALOGUE
Nolimit City,nolimit,nolimit:Payday,Outsourced: Payday,READY
Nolimit City,nolimit,nolimit:PaydayDX1,Outsourced: Payday,READY
Nolimit City,nolimit,nolimit:PaydayDX2,Outsourced: Payday,READY
Nolimit City,nolimit,nolimit:Owls,Owls,READY
Nolimit City,nolimit,nolimit:Owls1,Owls,READY
Nolimit City,nolimit,nolimit:PearlHarbor,Pearl Harbor,READY
Nolimit City,nolimit,nolimit:PearlHarborDX1,Pearl Harbor,READY
Nolimit City,nolimit,nolimit:PearlHarborDX2,Pearl Harbor,READY
Nolimit City,nolimit,nolimit:PixiesvsPirates,Pixies vs Pirates,READY
Nolimit City,nolimit,nolimit:PixiesvsPirates1,Pixies vs Pirates,READY
Nolimit City,nolimit,nolimit:PoisonEve,Poison Eve,READY
Nolimit City,nolimit,nolimit:PoisonEve1,Poison Eve,READY
Nolimit City,nolimit,nolimit:Possessed,Possessed,READY
Nolimit City,nolimit,nolimit:PossessedDX1,Possessed,READY
Nolimit City,nolimit,nolimit:PossessedDX2,Possessed,READY
Nolimit City,nolimit,nolimit:PunkRocker,Punk Rocker,READY
Nolimit City,nolimit,nolimit:PunkRocker1,Punk Rocker,READY
Nolimit City,nolimit,nolimit:PunkRocker2,Punk Rocker 2,READY
Nolimit City,nolimit,nolimit:PunkRocker2DX1,Punk Rocker 2,READY
Nolimit City,nolimit,nolimit:PunkRocker2DX2,Punk Rocker 2,READY
Nolimit City,nolimit,nolimit:PunkRocker3,Punk Rocker 3,READY
Nolimit City,nolimit,nolimit:PunkRocker3DX1,Punk Rocker 3,READY
Nolimit City,nolimit,nolimit:PunkRocker3DX2,Punk Rocker 3,READY
Nolimit City,nolimit,nolimit:PunkToilet,Punk Toilet,READY
Nolimit City,nolimit,nolimit:PunkToilet1,Punk Toilet,READY
Nolimit City,nolimit,nolimit:RememberGulag,Remember Gulag,READY
Nolimit City,nolimit,nolimit:RememberGulagDX1,Remember Gulag,READY
Nolimit City,nolimit,nolimit:RoadRage,Road Rage,READY
Nolimit City,nolimit,nolimit:RoadRageDX1,Road Rage,READY
Nolimit City,nolimit,nolimit:RoadRageDX2,Road Rage,READY
Nolimit City,nolimit,nolimit:RoadKill,RoadKill,READY
Nolimit City,nolimit,nolimit:RoadKillDX1,RoadKill,READY
Nolimit City,nolimit,nolimit:RoadKillDX2,RoadKill,READY
Nolimit City,nolimit,nolimit:RockBottom,Rock Bottom,READY
Nolimit City,nolimit,nolimit:RockBottomDX1,Rock Bottom,READY
Nolimit City,nolimit,nolimit:RockBottomDX2,Rock Bottom,READY
Nolimit City,nolimit,nolimit:SanQuentin,San Quentin,READY
Nolimit City,nolimit,nolimit:SanQuentin1,San Quentin,READY
Nolimit City,nolimit,nolimit:SanQuentin2,San Quentin 2: Death Row,READY
Nolimit City,nolimit,nolimit:SanQuentin2DX1,San Quentin 2: Death Row,READY
Nolimit City,nolimit,nolimit:SanQuentin2DX2,San Quentin 2: Death Row,READY
Nolimit City,nolimit,nolimit:SanQuentinManhunt,San Quentin Manhunt,READY
Nolimit City,nolimit,nolimit:SanQuentinManhuntDX1,San Quentin Manhunt,READY
Nolimit City,nolimit,nolimit:SanQuentinManhuntDX2,San Quentin Manhunt,READY
Nolimit City,nolimit,nolimit:Seamen,Seamen,READY
Nolimit City,nolimit,nolimit:SeamenDX0,Seamen,READY
Nolimit City,nolimit,nolimit:SeamenDX1,Seamen,READY
Nolimit City,nolimit,nolimit:SeamenDX2,Seamen,READY
Nolimit City,nolimit,nolimit:Serial,Serial,READY
Nolimit City,nolimit,nolimit:SerialDX1,Serial,READY
Nolimit City,nolimit,nolimit:SerialDX2,Serial,READY
Nolimit City,nolimit,nolimit:SkateOrDie,Skate Or Die,READY
Nolimit City,nolimit,nolimit:SkateOrDieDX1,Skate Or Die,READY
Nolimit City,nolimit,nolimit:SkateOrDieDX2,Skate Or Die,READY
Nolimit City,nolimit,nolimit:SoakedBySeamen,Soaked By Seamen,READY
Nolimit City,nolimit,nolimit:SoakedBySeamenDX1,Soaked By Seamen,READY
Nolimit City,nolimit,nolimit:SoakedBySeamenDX2,Soaked By Seamen,READY
Nolimit City,nolimit,nolimit:SpaceDonkey,Space Donkey,READY
Nolimit City,nolimit,nolimit:SpaceDonkeyDX1,Space Donkey,READY
Nolimit City,nolimit,nolimit:SpaceDonkeyDX2,Space Donkey,READY
Nolimit City,nolimit,nolimit:StarStruck,Star Struck,READY
Nolimit City,nolimit,nolimit:StarStruck1,Star Struck,READY
Nolimit City,nolimit,nolimit:StockholmSyndrome,Stockholm Syndrome,READY
Nolimit City,nolimit,nolimit:StockholmSyndromeDX1,Stockholm Syndrome,READY
Nolimit City,nolimit,nolimit:StockholmSyndromeDX2,Stockholm Syndrome,READY
Nolimit City,nolimit,nolimit:Supersized,Supersized,READY
Nolimit City,nolimit,nolimit:SupersizedDX1,Supersized,READY
Nolimit City,nolimit,nolimit:SupersizedDX2,Supersized,READY
Nolimit City,nolimit,nolimit:Tanked,Tanked,READY
Nolimit City,nolimit,nolimit:TankedDX1,Tanked,READY
Nolimit City,nolimit,nolimit:TankedDX2,Tanked,READY
Nolimit City,nolimit,nolimit:Tanked3,Tanked 3: First Blood 2,READY
Nolimit City,nolimit,nolimit:Tanked3DX1,Tanked 3: First Blood 2,READY
Nolimit City,nolimit,nolimit:Tanked3DX2,Tanked 3: First Blood 2,READY
Nolimit City,nolimit,nolimit:TeslaJolt,Tesla Jolt,READY
Nolimit City,nolimit,nolimit:TeslaJolt1,Tesla Jolt,READY
Nolimit City,nolimit,nolimit:TheBorder,The Border,READY
Nolimit City,nolimit,nolimit:TheBorderDX1,The Border,READY
Nolimit City,nolimit,nolimit:TheCage,The Cage,READY
Nolimit City,nolimit,nolimit:TheCageDX1,The Cage,READY
Nolimit City,nolimit,nolimit:TheCageDX2,The Cage,READY
Nolimit City,nolimit,nolimit:TheCreepyCarnival,The Creepy Carnival,READY
Nolimit City,nolimit,nolimit:TheCreepyCarnival1,The Creepy Carnival,READY
Nolimit City,nolimit,nolimit:TheCrypt,The Crypt,READY
Nolimit City,nolimit,nolimit:TheCryptDX1,The Crypt,READY
Nolimit City,nolimit,nolimit:TheCryptDX2,The Crypt,READY
Nolimit City,nolimit,nolimit:TheCrypt2,The Crypt 2,READY
Nolimit City,nolimit,nolimit:TheCrypt2DX1,The Crypt 2,READY
Nolimit City,nolimit,nolimit:TheCrypt2DX2,The Crypt 2,READY
Nolimit City,nolimit,nolimit:TheRave,The Rave,READY
Nolimit City,nolimit,nolimit:TheRave1,The Rave,READY
Nolimit City,nolimit,nolimit:Thor,Thor: Hammer Time,READY
Nolimit City,nolimit,nolimit:Thor1,Thor: Hammer Time,READY
Nolimit City,nolimit,nolimit:TombOfAkhenaten,Tomb of Akhenaten,READY
Nolimit City,nolimit,nolimit:TombOfAkhenaten1,Tomb of Akhenaten,READY
Nolimit City,nolimit,nolimit:TombofNefertiti,Tomb of Nefertiti,READY
Nolimit City,nolimit,nolimit:TombofNefertiti1,Tomb of Nefertiti,READY
Nolimit City,nolimit,nolimit:Tombstone,Tombstone,READY
Nolimit City,nolimit,nolimit:Tombstone1,Tombstone,READY
Nolimit City,nolimit,nolimit:TombstoneBegins,Tombstone Begins,READY
Nolimit City,nolimit,nolimit:TombstoneBeginsDX1,Tombstone Begins,READY
Nolimit City,nolimit,nolimit:TombstoneBeginsDX2,Tombstone Begins,READY
Nolimit City,nolimit,nolimit:TombstoneNoMercy,Tombstone No Mercy,READY
Nolimit City,nolimit,nolimit:TombstoneNoMercyDX1,Tombstone No Mercy,READY
Nolimit City,nolimit,nolimit:TombstoneNoMercyDX2,Tombstone No Mercy,READY
Nolimit City,nolimit,nolimit:TombstoneRip,Tombstone R.I.P.,READY
Nolimit City,nolimit,nolimit:TombstoneRipDX1,Tombstone R.I.P.,READY
Nolimit City,nolimit,nolimit:TombstoneSlaughter,Tombstone Slaughter: El Gordo’s Revenge,NOT_IN_CATALOGUE
Nolimit City,nolimit,nolimit:TombstoneSlaughterDX1,Tombstone Slaughter: El Gordo’s Revenge,NOT_IN_CATALOGUE
Nolimit City,nolimit,nolimit:TombstoneSlaughterDX2,Tombstone Slaughter: El Gordo’s Revenge,NOT_IN_CATALOGUE
Nolimit City,nolimit,nolimit:TractorBeam,Tractor Beam,READY
Nolimit City,nolimit,nolimit:TractorBeam1,Tractor Beam,READY
Nolimit City,nolimit,nolimit:TrueGritRedemption,True Grit Redemption,READY
Nolimit City,nolimit,nolimit:TrueGritRedemption1,True Grit Redemption,READY
Nolimit City,nolimit,nolimit:TrueGrit2,True Grit Redemption 2,READY
Nolimit City,nolimit,nolimit:TrueGrit2DX1,True Grit Redemption 2,READY
Nolimit City,nolimit,nolimit:TrueGrit2DX2,True Grit Redemption 2,READY
Nolimit City,nolimit,nolimit:TrueKult,True Kult,READY
Nolimit City,nolimit,nolimit:TrueKultDX1,True Kult,READY
Nolimit City,nolimit,nolimit:TrueKultDX2,True Kult,READY
Nolimit City,nolimit,nolimit:TsarWars,Tsar Wars,READY
Nolimit City,nolimit,nolimit:TsarWarsDX0,Tsar Wars,READY
Nolimit City,nolimit,nolimit:TsarWarsDX1,Tsar Wars,READY
Nolimit City,nolimit,nolimit:TsarWarsDX2,Tsar Wars,READY
Nolimit City,nolimit,nolimit:UgliestCatch,Ugliest Catch,READY
Nolimit City,nolimit,nolimit:UgliestCatchDX1,Ugliest Catch,READY
Nolimit City,nolimit,nolimit:UgliestCatchDX2,Ugliest Catch,READY
Nolimit City,nolimit,nolimit:WalkOfShame,Walk Of Shame,READY
Nolimit City,nolimit,nolimit:WalkOfShameDX1,Walk Of Shame,READY
Nolimit City,nolimit,nolimit:WalkOfShameDX2,Walk Of Shame,READY
Nolimit City,nolimit,nolimit:WarriorGraveyard,Warrior Graveyard,NOT_IN_CATALOGUE
Nolimit City,nolimit,nolimit:WarriorGraveyard1,Warrior Graveyard,NOT_IN_CATALOGUE
Nolimit City,nolimit,nolimit:Whacked,Whacked!,READY
Nolimit City,nolimit,nolimit:WhackedDX1,Whacked!,READY
Nolimit City,nolimit,nolimit:WhackedDX2,Whacked!,READY
Nolimit City,nolimit,nolimit:Wixx,Wixx,READY
Nolimit City,nolimit,nolimit:Wixx1,Wixx,READY
Nolimit City,nolimit,nolimit:XwaysHoarder2,xWays Hoarder 2,READY
Nolimit City,nolimit,nolimit:XwaysHoarder2DX1,xWays Hoarder 2,READY
Nolimit City,nolimit,nolimit:XwaysHoarder2DX2,xWays Hoarder 2,READY
Nolimit City,nolimit,nolimit:xWaysHoarderxSplit,xWays Hoarder xSplit,READY
Nolimit City,nolimit,nolimit:xWaysHoarderxSplitrtp,xWays Hoarder xSplit,READY
AvatarUX,avatarux,avatarux:3BuilderPiggies,3 Builder Piggies,READY
AvatarUX,avatarux,avatarux:3ChiliCharms,3 Chili Charms,NOT_IN_CATALOGUE
AvatarUX,avatarux,avatarux:3JungleBeats,3 Jungle Beats,READY
AvatarUX,avatarux,avatarux:3PowerBears,3 Power Bears,READY
AvatarUX,avatarux,avatarux:3PowerDragons,3 Power Dragons,READY
AvatarUX,avatarux,avatarux:3PowerGenies,3 Power Genies,READY
AvatarUX,avatarux,avatarux:3RockinPenguins,3 Rockin' Penguins,READY
AvatarUX,avatarux,avatarux:5PowerJoker,5 Power Joker,NOT_IN_CATALOGUE
AvatarUX,avatarux,avatarux:7LuckyGods,7 Lucky Gods,READY
AvatarUX,avatarux,avatarux:10PowerJoker,10 Power Joker,NOT_IN_CATALOGUE
AvatarUX,avatarux,avatarux:20PowerJoker,20 Power Joker,NOT_IN_CATALOGUE
AvatarUX,avatarux,avatarux:40PowerJoker,40 Power Joker,READY
AvatarUX,avatarux,avatarux:80sPop,80sPop,READY
AvatarUX,avatarux,avatarux:AnimalsStrike,Animals Strike,READY
AvatarUX,avatarux,avatarux:ArcanaPop,ArcanaPop,READY
AvatarUX,avatarux,avatarux:AstroPop,AstroPop,READY
AvatarUX,avatarux,avatarux:BeastlyBurglars,Beastly Burglars,READY
AvatarUX,avatarux,avatarux:BigCatchCraze,Big Catch Craze,READY
AvatarUX,avatarux,avatarux:BigCatchXmas,Big Catch Xmas,READY
AvatarUX,avatarux,avatarux:BlessingsofCaishen,Blessings of Caishen,READY
AvatarUX,avatarux,avatarux:BlondesAndBeers,Blondes & Beers,NOT_IN_CATALOGUE
AvatarUX,avatarux,avatarux:BountyPop,Bounty Pop,READY
AvatarUX,avatarux,avatarux:CanyonRiches,Canyon Riches,READY
AvatarUX,avatarux,avatarux:CaptainMoregain,Captain More'gain,READY
AvatarUX,avatarux,avatarux:CariocaVibes,Carioca Vibes,READY
AvatarUX,avatarux,avatarux:CherryPop,Cherry Pop,READY
AvatarUX,avatarux,avatarux:CherryPopDeluxe,Cherry Pop Deluxe,READY
AvatarUX,avatarux,avatarux:CherryPopBurst,CherryPop Burst,READY
AvatarUX,avatarux,avatarux:CorpseCart,Corpse Cart,NOT_IN_CATALOGUE
AvatarUX,avatarux,avatarux:CosmicJokers,Cosmic Jokers,READY
AvatarUX,avatarux,avatarux:CoyoteGold,Coyote Gold,READY
AvatarUX,avatarux,avatarux:CrazyMartBonanza,Crazy Mart Bonanza,READY
AvatarUX,avatarux,avatarux:CritterPop,Critter Pop,READY
AvatarUX,avatarux,avatarux:CryptoBro,Crypto Bro,READY
AvatarUX,avatarux,avatarux:CryptoCrown5,Crypto Crown 5,NOT_IN_CATALOGUE
AvatarUX,avatarux,avatarux:CryptoCrown10,Crypto Crown 10,NOT_IN_CATALOGUE
AvatarUX,avatarux,avatarux:CryptoCrown20,Crypto Crown 20,NOT_IN_CATALOGUE
AvatarUX,avatarux,avatarux:CryptoCrown40,Crypto Crown 40,READY
AvatarUX,avatarux,avatarux:DepthsofFortune,Depths of Fortune,READY
AvatarUX,avatarux,avatarux:DepthsofFortune2,Depths of Fortune 2,NOT_IN_CATALOGUE
AvatarUX,avatarux,avatarux:DiamondDez,Diamond Dez,READY
AvatarUX,avatarux,avatarux:DonkeyandTheGOATS,Donkey and The GOATS,READY
AvatarUX,avatarux,avatarux:DuckHunt500,Duck Hunt 500,READY
AvatarUX,avatarux,avatarux:DynaMule,Dyna Mule,READY
AvatarUX,avatarux,avatarux:ElectricRush,Electric Rush,READY
AvatarUX,avatarux,avatarux:ElectroCubes,Electro Cubes,READY
AvatarUX,avatarux,avatarux:Floridaman,Floridaman,READY
AvatarUX,avatarux,avatarux:Fruitillionaire,Fruitillionaire,READY
AvatarUX,avatarux,avatarux:GemPops,GemPops,READY
AvatarUX,avatarux,avatarux:GodsGoneWild,Gods Gone Wild,READY
AvatarUX,avatarux,avatarux:HelioPOPolis,HelioPOPolis,READY
AvatarUX,avatarux,avatarux:HipHopPop,HipHopPop,READY
AvatarUX,avatarux,avatarux:HippoPop,Hippo Pop,READY
AvatarUX,avatarux,avatarux:ImperialCoins,Imperial Coins,READY
AvatarUX,avatarux,avatarux:JinglePop,JinglePop,READY
AvatarUX,avatarux,avatarux:JuicyPop,Juicy Pop,READY
AvatarUX,avatarux,avatarux:JunglePop,Jungle Pop,NOT_IN_CATALOGUE
AvatarUX,avatarux,avatarux:KingofSamba,King of Samba,READY
AvatarUX,avatarux,avatarux:KittyPOPpins,Kitty POPpins,READY
AvatarUX,avatarux,avatarux:KokeshiPop,KokeshiPop,READY
AvatarUX,avatarux,avatarux:LolliPop,Lolli Pop,READY
AvatarUX,avatarux,avatarux:LooneyPop,LooneyPop,READY
AvatarUX,avatarux,avatarux:MidnightHunt,Midnight Hunt,READY
AvatarUX,avatarux,avatarux:MonkeyPop,Monkey Pop,READY
AvatarUX,avatarux,avatarux:MonkeyPop2,MonkeyPop 2,NOT_IN_CATALOGUE
AvatarUX,avatarux,avatarux:Nugget,Nugget,READY
AvatarUX,avatarux,avatarux:PapayaPop,Papaya Pop,READY
AvatarUX,avatarux,avatarux:PiggyPop,Piggy Pop,READY
AvatarUX,avatarux,avatarux:PiggyPopGrandAffair2,Piggy Pop Grand Affair 2,NOT_IN_CATALOGUE
AvatarUX,avatarux,avatarux:PiggyPopGrandAffair,PiggyPop Grand Affair,READY
AvatarUX,avatarux,avatarux:PixelPaws,Pixel Paws,READY
AvatarUX,avatarux,avatarux:PixiePOP,PixiePOP,READY
AvatarUX,avatarux,avatarux:PopNoir,Pop Noir,READY
AvatarUX,avatarux,avatarux:POPOGold,POP O'Gold,READY
AvatarUX,avatarux,avatarux:PopRocks,Pop Rocks,READY
AvatarUX,avatarux,avatarux:PotsofPowerDragonsBlessing,Pots of Power: Dragon's Blessing,NOT_IN_CATALOGUE
AvatarUX,avatarux,avatarux:PotsofPowerMummysTreasure,Pots of Power: Mummy’s Treasure,NOT_IN_CATALOGUE
AvatarUX,avatarux,avatarux:PotsofPowerZeus,Pots of Power: Zeus,READY
AvatarUX,avatarux,avatarux:PrinceofPurrwood,Prince of Purrwood,READY
AvatarUX,avatarux,avatarux:RagingPop,Raging Pop,READY
AvatarUX,avatarux,avatarux:RebelPaws,Rebel Paws,READY
AvatarUX,avatarux,avatarux:ReefPop,ReefPop,READY
AvatarUX,avatarux,avatarux:ReelWarriors,Reel Warriors,READY
AvatarUX,avatarux,avatarux:ShippyDPop,Shippy D Pop,READY
AvatarUX,avatarux,avatarux:SiliconSpinners,Silicon Spinners,READY
AvatarUX,avatarux,avatarux:SphinxTreasure,Sphinx Treasure,READY
AvatarUX,avatarux,avatarux:Spinfection,Spinfection,READY
AvatarUX,avatarux,avatarux:Spinxiety,Spinxiety,READY
AvatarUX,avatarux,avatarux:SweetGummy,Sweet Gummy,READY
AvatarUX,avatarux,avatarux:TemptingTreats,Tempting Treats,NOT_IN_CATALOGUE
AvatarUX,avatarux,avatarux:TheVaultChase,The Vault Chase,READY
AvatarUX,avatarux,avatarux:TikTalkers,Tik Talkers,READY
AvatarUX,avatarux,avatarux:TikiPop,Tiki Pop,OTHER_PROVIDER
AvatarUX,avatarux,avatarux:TikiPopSpookyTemples,TikiPop Spooky Temples,READY
AvatarUX,avatarux,avatarux:ToadsBounty,Toad's Bounty,READY
AvatarUX,avatarux,avatarux:VegasFortune,Vegas Fortune,READY
AvatarUX,avatarux,avatarux:WildPops,Wild Pops,READY
AvatarUX,avatarux,avatarux:WitchyPOPpins,Witchy POPpins,READY
AvatarUX,avatarux,avatarux:WormsofValor,Worms of Valor,READY
AvatarUX,avatarux,avatarux:XmasPopDelight,XmasPop Delight,READY
AvatarUX,avatarux,avatarux:ZombieaPOPalypse,Zombie aPOPalypse,READY
Play'n GO,playngo,playngo:NSYNCPop,*NSYNC Pop,READY
Play'n GO,playngo,playngo:3BladesandBlessings,3 Blades & Blessings,READY
Play'n GO,playngo,playngo:ThreeClownMonty,3 Clown Monty,READY
Play'n GO,playngo,playngo:3ClownMontyII,3 Clown Monty II,READY
Play'n GO,playngo,playngo:3HandCasinoHoldem,3-Hand Casino Hold'em,READY
Play'n GO,playngo,playngo:VxMagic,5x Magic,READY
Play'n GO,playngo,playngo:VIISins,7 Sins,READY
Play'n GO,playngo,playngo:13thTrialHerculesAbyssways,13th Trial Hercules Abyssways,READY
Play'n GO,playngo,playngo:15CrystalRosesATaleofLove,15 Crystal Roses: A Tale of Love,READY
Play'n GO,playngo,playngo:24KDragon,24K Dragon,NOT_IN_CATALOGUE
Play'n GO,playngo,playngo:1001MysteryGenieFortunes,1001 Mystery Genie Fortunes,READY
Play'n GO,playngo,playngo:AceofSpades,Ace of Spades,READY
Play'n GO,playngo,playngo:AgentDestiny,Agent Destiny,READY
Play'n GO,playngo,playngo:AgentofHearts,Agent of Hearts,READY
Play'n GO,playngo,playngo:AliceCoopertheTombofMadness,Alice Cooper And the Tome of Madness,READY
Play'n GO,playngo,playngo:AnimalMadness,Animal Madness,READY
Play'n GO,playngo,playngo:AnkhofAnubis,Ankh of Anubis,READY
Play'n GO,playngo,playngo:AnkhofAnubisAwakening,Ankh of Anubis Awakening,NOT_IN_CATALOGUE
Play'n GO,playngo,playngo:Annihilator,Annihilator,READY
Play'n GO,playngo,playngo:AthenaAscending,Athena Ascending,READY
Play'n GO,playngo,playngo:AztecIdols,Aztec Idols,READY
Play'n GO,playngo,playngo:AztecWarriorPrincess,Aztec Warrior Princess,READY
Play'n GO,playngo,playngo:BakersTreat,Baker's Treat,READY
Play'n GO,playngo,playngo:BananaRock,Banana Rock,READY
Play'n GO,playngo,playngo:BananaRush,Banana Rush,READY
Play'n GO,playngo,playngo:BanquetofDead,Banquet of Dead,READY
Play'n GO,playngo,playngo:BaoShi,Bao Shi,READY
Play'n GO,playngo,playngo:BarnBusters,Barn Busters,READY
Play'n GO,playngo,playngo:BaronLordofSaturday,Baron: Lord of Saturday,READY
Play'n GO,playngo,playngo:BattleRoyal,Battle Royal,READY
Play'n GO,playngo,playngo:BeastsofFire,Beasts of Fire,READY
Play'n GO,playngo,playngo:BeastsofFireMaximum,Beasts of Fire Maximum,NOT_IN_CATALOGUE
Play'n GO,playngo,playngo:BigWin777,Big Win 777,NOT_IN_CATALOGUE
Play'n GO,playngo,playngo:BigWinCat,Big Win Cat,READY
Play'n GO,playngo,playngo:BigWinCatPawsperity,Big Win Cat Pawsperity,READY
Play'n GO,playngo,playngo:BlackMamba,Black Mamba,READY
Play'n GO,playngo,playngo:BlackJackMH,BlackJack MH,NOT_IN_CATALOGUE
Play'n GO,playngo,playngo:BlazinBullfrog,Blazin' Bullfrog,READY
Play'n GO,playngo,playngo:Blinged,Blinged,READY
Play'n GO,playngo,playngo:BoatBonanza,Boat Bonanza,READY
Play'n GO,playngo,playngo:BoatBonanzaColossalCatch,Boat Bonanza - Colossal Catch,READY
Play'n GO,playngo,playngo:BoatBonanzaChristmas,Boat Bonanza Christmas,READY
Play'n GO,playngo,playngo:BoatBonanzaCrocoNile,Boat Bonanza CrocoNile!,READY
Play'n GO,playngo,playngo:BoatBonanzaDownUnder,Boat Bonanza Down Under,READY
Play'n GO,playngo,playngo:BookofDeadGOCollect,Book of Dead GO Collect,READY
Play'n GO,playngo,playngo:BubblinRiches,Bubblin' Riches,READY
Play'n GO,playngo,playngo:BugsParty,Bugs Party,READY
Play'n GO,playngo,playngo:BuildinBucks,Buildin' Bucks,READY
Play'n GO,playngo,playngo:BuildinEvenMoreBucks,Buildin' Even More Bucks,NOT_IN_CATALOGUE
Play'n GO,playngo,playngo:BuildinMoreBucks,Buildin' More Bucks,READY
Play'n GO,playngo,playngo:BullinaChinaShop,Bull in a China Shop,READY
Play'n GO,playngo,playngo:BullinaRodeo,Bull in a Rodeo,READY
Play'n GO,playngo,playngo:BullionXpress,Bullion Xpress,READY
Play'n GO,playngo,playngo:CandyIslandPrincess,Candy Island Princess,READY
Play'n GO,playngo,playngo:CanineCarnage,Canine Carnage,READY
Play'n GO,playngo,playngo:CaptainGlumPirateHunter,Captain Glum: Pirate Hunter,READY
Play'n GO,playngo,playngo:CaptainXenosEarthAdventure,Captain Xeno's Earth Adventure,READY
Play'n GO,playngo,playngo:CashofCommand,Cash of Command,READY
Play'n GO,playngo,playngo:CashPump,Cash Pump,READY
Play'n GO,playngo,playngo:CashVandal,Cash Vandal,READY
Play'n GO,playngo,playngo:CashaCabana,Cash-a-Cabana,READY
Play'n GO,playngo,playngo:CashinJoker,Cashin' Joker,READY
Play'n GO,playngo,playngo:CasinoHoldem,Casino Hold'em,OTHER_PROVIDER
Play'n GO,playngo,playngo:CatWildeandtheDoomofDead,Cat Wilde and the Doom of Dead,READY
Play'n GO,playngo,playngo:CatWildeandtheIncanQuest,Cat Wilde and the Incan Quest,READY
Play'n GO,playngo,playngo:CatWildeandtheLostChapter,Cat Wilde and the Lost Chapter,READY
Play'n GO,playngo,playngo:CatWildeandthePyramidsofDead,Cat Wilde and the Pyramids of Dead,READY
Play'n GO,playngo,playngo:CatWildeInTheEclipseOfTheSunGod,Cat Wilde in the Eclipse of the Sun God,READY
Play'n GO,playngo,playngo:CatsandCash,Cats and Cash,READY
Play'n GO,playngo,playngo:ChambersofAncients,Chambers of Ancients,READY
Play'n GO,playngo,playngo:ChampionsofMithrune,Champions of Mithrune,READY
Play'n GO,playngo,playngo:CharlieChanceXReelz,Charlie Chance,READY
Play'n GO,playngo,playngo:CharlieChance,Charlie Chance in Hell to Pay,READY
Play'n GO,playngo,playngo:ChineseNewYear,Chinese New Year,READY
Play'n GO,playngo,playngo:ChronosJoker,Chronos Joker,READY
Play'n GO,playngo,playngo:ChunkyCarlosMoneyMania,Chunky Carlo's Money Mania,NOT_IN_CATALOGUE
Play'n GO,playngo,playngo:CityofSound,City of Sound,READY
Play'n GO,playngo,playngo:ClashofCamelot,Clash of Camelot,READY
Play'n GO,playngo,playngo:CloudQuest,Cloud Quest,READY
Play'n GO,playngo,playngo:CoilsOfCash,Coils of Cash,READY
Play'n GO,playngo,playngo:ColtLightning,Colt Lightning,READY
Play'n GO,playngo,playngo:ColtLightningFirestorm,Colt Lightning Firestorm,READY
Play'n GO,playngo,playngo:ColtLightningInferno,Colt Lightning Inferno,READY
Play'n GO,playngo,playngo:Contact,Contact,READY
Play'n GO,playngo,playngo:CopsnRobbers,Cops'n'Robbers,READY
Play'n GO,playngo,playngo:CountJokula,Count Jokula,READY
Play'n GO,playngo,playngo:CourtofHearts,Court of Hearts,READY
Play'n GO,playngo,playngo:CoywolfCash,Coywolf Cash,READY
Play'n GO,playngo,playngo:CrabbysGold,Crabby's Gold,READY
Play'n GO,playngo,playngo:CrabbysGoldII,Crabby's Gold II,NOT_IN_CATALOGUE
Play'n GO,playngo,playngo:CrazyCows,Crazy Cows,READY
Play'n GO,playngo,playngo:CrystalHall,Crystal Hall,READY
Play'n GO,playngo,playngo:CrystalSun,Crystal Sun,READY
Play'n GO,playngo,playngo:CurseofCleopatra,Curse of Cleopatra,READY
Play'n GO,playngo,playngo:CursedMoonPowerCollection,Cursed Moon Power Collection,NOT_IN_CATALOGUE
Play'n GO,playngo,playngo:DanishFlip,Danish Flip,NOT_IN_CATALOGUE
Play'n GO,playngo,playngo:DansbandPaTurne,Dansband Pa Turne,NOT_IN_CATALOGUE
Play'n GO,playngo,playngo:DawnofEgypt,Dawn of Egypt,READY
Play'n GO,playngo,playngo:DefLeppardHysteria,Def Leppard: Hysteria,READY
Play'n GO,playngo,playngo:Demon,Demon,READY
Play'n GO,playngo,playngo:DerbyWheel,Derby Wheel,READY
Play'n GO,playngo,playngo:DiamondVortex,Diamond Vortex,READY
Play'n GO,playngo,playngo:DiamondsoftheRealm,Diamonds of the Realm,READY
Play'n GO,playngo,playngo:DioKillingtheDragon,Dio - Killing the Dragon,READY
Play'n GO,playngo,playngo:DiscoDiamonds,Disco Diamonds,READY
Play'n GO,playngo,playngo:DivinaCommediaINoveCerchi,Divina Commedia I Nove Cerchi,READY
Play'n GO,playngo,playngo:DivineShowdown,Divine Showdown,READY
Play'n GO,playngo,playngo:DoomofEgypt,Doom of Egypt,READY
Play'n GO,playngo,playngo:DrToonz,Dr. Toonz,READY
Play'n GO,playngo,playngo:DragonMaiden,Dragon Maiden,READY
Play'n GO,playngo,playngo:DragonShip,Dragon Ship,READY
Play'n GO,playngo,playngo:DragonfatesFavor,Dragonfate's Favor,READY
Play'n GO,playngo,playngo:EasterEggs,Easter Eggs,READY
Play'n GO,playngo,playngo:EasterEggspedition,Easter Eggspedition,READY
Play'n GO,playngo,playngo:EnchantedCrystals,Enchanted Crystals,READY
Play'n GO,playngo,playngo:EnchantedMeadow,Enchanted Meadow,READY
Play'n GO,playngo,playngo:Energoonz,Energoonz,READY
Play'n GO,playngo,playngo:EuropeanBlackJackMH,European BlackJack MH,NOT_IN_CATALOGUE
Play'n GO,playngo,playngo:EuropeanRoulette,European Roulette Pro,READY
Play'n GO,playngo,playngo:EyeofAtum,Eye of Atum,READY
Play'n GO,playngo,playngo:EyeoftheKraken,Eye of the Kraken,READY
Play'n GO,playngo,playngo:FangsAndFire,Fangs & Fire,READY
Play'n GO,playngo,playngo:FatFrankies,Fat Frankies,READY
Play'n GO,playngo,playngo:FateofDeadBlitzways,Fate of Dead Blitzways,READY
Play'n GO,playngo,playngo:FatesFortune,Fate's Fortune,NOT_IN_CATALOGUE
Play'n GO,playngo,playngo:FelineFury,Feline Fury,READY
Play'n GO,playngo,playngo:FireJoker,Fire Joker,READY
Play'n GO,playngo,playngo:FireJoker100,Fire Joker 100,READY
Play'n GO,playngo,playngo:FireJokerBlitz,Fire Joker Blitz,READY
Play'n GO,playngo,playngo:FireJokerFreeze,Fire Joker Freeze,READY
Play'n GO,playngo,playngo:FireToad,Fire Toad,READY
Play'n GO,playngo,playngo:FireToad2,Fire Toad 2,NOT_IN_CATALOGUE
Play'n GO,playngo,playngo:FireflyFrenzy,Firefly Frenzy,READY
Play'n GO,playngo,playngo:FlyingPigs,Flying Pigs,READY
Play'n GO,playngo,playngo:ForgeofFortunes,Forge of Fortunes,READY
Play'n GO,playngo,playngo:ForgeofGems,Forge of Gems,READY
Play'n GO,playngo,playngo:FortuneTeller,Fortune Teller,READY
Play'n GO,playngo,playngo:FortunesofAliBaba,Fortunes of Ali Baba,READY
Play'n GO,playngo,playngo:FoxMayhem,Fox Mayhem,READY
Play'n GO,playngo,playngo:FreeReelinJoker1000,Free Reelin Joker 1000,READY
Play'n GO,playngo,playngo:FreeReelinJoker,Free Reelin' Joker,READY
Play'n GO,playngo,playngo:FrozenGems,Frozen Gems,READY
Play'n GO,playngo,playngo:FuErDai,Fu Er Dai,READY
Play'n GO,playngo,playngo:Fulong88,Fulong 88,READY
Play'n GO,playngo,playngo:GameofGladiators,Game of Gladiators,READY
Play'n GO,playngo,playngo:GameofGladiatorsUprising,Game of Gladiators Uprising,READY
Play'n GO,playngo,playngo:Gargantoonz,Gargantoonz,READY
Play'n GO,playngo,playngo:GatesofTroy,Gates of Troy,READY
Play'n GO,playngo,playngo:GEMiX,GEMiX,READY
Play'n GO,playngo,playngo:Gemix2,Gemix 2,READY
Play'n GO,playngo,playngo:Gemix100,Gemix 100,NOT_IN_CATALOGUE
Play'n GO,playngo,playngo:GerardsGambit,Gerard's Gambit,READY
Play'n GO,playngo,playngo:GhostBoosterGOGuaranteed,Ghost Booster! GO Guaranteed,NOT_IN_CATALOGUE
Play'n GO,playngo,playngo:GhostofDead,Ghost of Dead,READY
Play'n GO,playngo,playngo:Gigantoonz,Gigantoonz,READY
Play'n GO,playngo,playngo:GnawnGold,Gnaw'n Gold,NOT_IN_CATALOGUE
Play'n GO,playngo,playngo:GoldKing,Gold King,READY
Play'n GO,playngo,playngo:GoldofFortuneGod,Gold of Fortune God,READY
Play'n GO,playngo,playngo:GoldTrophyII,Gold Trophy 2,READY
Play'n GO,playngo,playngo:GoldVolcano,Gold Volcano,READY
Play'n GO,playngo,playngo:GoldenCaravan,Golden Caravan,READY
Play'n GO,playngo,playngo:GoldenColts,Golden Colts,READY
Play'n GO,playngo,playngo:GoldenLegend,Golden Legend,READY
Play'n GO,playngo,playngo:GoldenOsiris,Golden Osiris,READY
Play'n GO,playngo,playngo:GoldenTicket,Golden Ticket,READY
Play'n GO,playngo,playngo:GoldenTicket2,Golden Ticket 2,READY
Play'n GO,playngo,playngo:GrannysWild,Granny's Wild,NOT_IN_CATALOGUE
Play'n GO,playngo,playngo:GrimMuerto,Grim Muerto,READY
Play'n GO,playngo,playngo:HammerFall,Hammer Fall,READY
Play'n GO,playngo,playngo:HappyHalloween,Happy Halloween,READY
Play'n GO,playngo,playngo:Helloween,Helloween,READY
Play'n GO,playngo,playngo:HighwayLegends,Highway Legends,READY
Play'n GO,playngo,playngo:HolidaySeason,Holiday Season,READY
Play'n GO,playngo,playngo:HolidaySpirits,Holiday Spirits,READY
Play'n GO,playngo,playngo:HolyMooExtremePower,Holy Moo! Extreme Power,NOT_IN_CATALOGUE
Play'n GO,playngo,playngo:HoneyRush,Honey Rush,READY
Play'n GO,playngo,playngo:HoneyRush100,Honey Rush 100,READY
Play'n GO,playngo,playngo:HoneyRushBlackandYellow,Honey Rush Black and Yellow,READY
Play'n GO,playngo,playngo:HooliganHustle,Hooligan Hustle,READY
Play'n GO,playngo,playngo:HopeUnleashedFortuneRises,Hope Unleashed Fortune Rises,READY
Play'n GO,playngo,playngo:HotDogHeist,Hot Dog Heist,READY
Play'n GO,playngo,playngo:HotelYetiWay,Hotel Yeti-Way,READY
Play'n GO,playngo,playngo:HouseofDoom,House of Doom,READY
Play'n GO,playngo,playngo:HouseofDoomCrypt2,House of Doom Crypt 2,READY
Play'n GO,playngo,playngo:Hugo,Hugo,READY
Play'n GO,playngo,playngo:Hugo2,Hugo 2,READY
Play'n GO,playngo,playngo:HugoCarts,Hugo Carts,READY
Play'n GO,playngo,playngo:HugoGoal,Hugo Goal,READY
Play'n GO,playngo,playngo:HugoLegacy,Hugo Legacy,READY
Play'n GO,playngo,playngo:HugosAdventure,Hugo's Adventures,NOT_IN_CATALOGUE
Play'n GO,playngo,playngo:IceJoker,Ice Joker,READY
Play'n GO,playngo,playngo:IdolofFortune,Idol of Fortune,READY
Play'n GO,playngo,playngo:ImmorTailsofEgypt,ImmorTails of Egypt,READY
Play'n GO,playngo,playngo:ImperialOpera,Imperial Opera,READY
Play'n GO,playngo,playngo:InfernalTrinityGOGuaranteed,Infernal Trinity GO Guaranteed,NOT_IN_CATALOGUE
Play'n GO,playngo,playngo:InfernoJoker,Inferno Joker,READY
Play'n GO,playngo,playngo:InfernoStar,Inferno Star,READY
Play'n GO,playngo,playngo:InvadingVegas,Invading Vegas,READY
Play'n GO,playngo,playngo:InvadingVegasRevengeonMars,Invading Vegas Revenge on Mars,READY
Play'n GO,playngo,playngo:InvadingVegasLasChristmas,Invading Vegas: Las Christmas,READY
Play'n GO,playngo,playngo:IrishGold,Irish Gold,READY
Play'n GO,playngo,playngo:IronGirl,Iron Girl,READY
Play'n GO,playngo,playngo:JadeMagician,Jade Magician,READY
Play'n GO,playngo,playngo:JewelBox,Jewel Box,READY
Play'n GO,playngo,playngo:JokerFlip,Joker Flip,READY
Play'n GO,playngo,playngo:JollyRoger,Jolly Roger,READY
Play'n GO,playngo,playngo:JollyRoger2,Jolly Roger 2,READY
Play'n GO,playngo,playngo:JollyRogerWildKraken,Jolly Roger Wild Kraken,READY
Play'n GO,playngo,playngo:JourneytoParis,Journey to Paris,READY
Play'n GO,playngo,playngo:Keno,Keno,READY
Play'n GO,playngo,playngo:KingofSweets,King of Sweets,READY
Play'n GO,playngo,playngo:KingsMask,King's Mask,READY
Play'n GO,playngo,playngo:KingsMaskEclipseofGods,King's Mask Eclipse of Gods,READY
Play'n GO,playngo,playngo:KingdomBelow,Kingdom Below,READY
Play'n GO,playngo,playngo:KISSReelsofRock,KISS Reels of Rock,READY
Play'n GO,playngo,playngo:LabofMadnessItsAWild,Lab of Madness It's A-Wild!,READY
Play'n GO,playngo,playngo:LadyofFortune,Lady of Fortune,READY
Play'n GO,playngo,playngo:LadyofFortuneDestinySpins,Lady of Fortune Destiny Spins,READY
Play'n GO,playngo,playngo:LadyofFortuneRemastered,Lady of Fortune Remastered,READY
Play'n GO,playngo,playngo:LawnnCompleteDisorder,Lawn n' Complete Disorder,NOT_IN_CATALOGUE
Play'n GO,playngo,playngo:LawnnDisorder,Lawn n' Disorder,READY
Play'n GO,playngo,playngo:LegacyofDead,Legacy of Dead,READY
Play'n GO,playngo,playngo:LegacyofDynasties,Legacy of Dynasties,READY
Play'n GO,playngo,playngo:LegacyofEgypt,Legacy of Egypt,NOT_IN_CATALOGUE
Play'n GO,playngo,playngo:LegacyofGemsBlitzways,Legacy of Gems Blitzways,READY
Play'n GO,playngo,playngo:LegacyofInca,Legacy of Inca,READY
Play'n GO,playngo,playngo:LegacyofUndeadDragonABYSSWAYS,Legacy of Undead Dragon ABYSSWAYS,READY
Play'n GO,playngo,playngo:LegendoftheIceDragon,Legend of the Ice Dragon,READY
Play'n GO,playngo,playngo:LegionGold,Legion Gold,READY
Play'n GO,playngo,playngo:LegionGoldandtheSphinxofDead,Legion Gold and the Sphinx of Dead,READY
Play'n GO,playngo,playngo:LegionGoldandtheThroneofDead,Legion Gold and the Throne of Dead,NOT_IN_CATALOGUE
Play'n GO,playngo,playngo:LegionGoldReckoning,Legion Gold Reckoning,READY
Play'n GO,playngo,playngo:LegionGoldUnleashed,Legion Gold Unleashed,READY
Play'n GO,playngo,playngo:LegionGoldVictory,Legion Gold Victory!,READY
Play'n GO,playngo,playngo:LeprechaungoesEgypt,Leprechaun goes Egypt,READY
Play'n GO,playngo,playngo:LeprechaunGoesWild,Leprechaun Goes Wild,READY
Play'n GO,playngo,playngo:LeprechaunsDiamondDig,Leprechaun's Diamond Dig,READY
Play'n GO,playngo,playngo:LeprechaunsVault,Leprechaun's Vault,READY
Play'n GO,playngo,playngo:LionSagaOdyssey,Lion Saga Odyssey,READY
Play'n GO,playngo,playngo:LootLabyrinths,Loot & Labyrinths,READY
Play'n GO,playngo,playngo:LordMerlinAndTheLadyOfTheLake,Lord Merlin and the Lady of the Lake,READY
Play'n GO,playngo,playngo:LordiReelMonsters,Lordi Reel Monsters,READY
Play'n GO,playngo,playngo:LoveisintheFair,Love is in the Fair,READY
Play'n GO,playngo,playngo:LoveJoker,Love Joker,READY
Play'n GO,playngo,playngo:Luchamigos,Luchamigos,READY
Play'n GO,playngo,playngo:LuckyDiamonds,Lucky Diamonds,READY
Play'n GO,playngo,playngo:MadameInk,Madame Ink,READY
Play'n GO,playngo,playngo:MafiaGold,Mafia Gold,READY
Play'n GO,playngo,playngo:Mahjong88,Mahjong 88,READY
Play'n GO,playngo,playngo:MantaMayhem,Manta Mayhem,NOT_IN_CATALOGUE
Play'n GO,playngo,playngo:Matsuri,Matsuri,READY
Play'n GO,playngo,playngo:MedusasMadness,Medusa's Madness,READY
Play'n GO,playngo,playngo:MegaDon,Mega Don,READY
Play'n GO,playngo,playngo:MegaDonTripleThreat,Mega Don Triple Threat,READY
Play'n GO,playngo,playngo:MegaDonFeedingFrenzy,Mega Don: Feeding Frenzy,READY
Play'n GO,playngo,playngo:MerlinandtheIceQueenMorgana,Merlin and the Ice Queen Morgana,READY
Play'n GO,playngo,playngo:MerlinRealmofCharm,Merlin Realm of Charm,READY
Play'n GO,playngo,playngo:MerlinJourneyofFlame,Merlin: Journey of Flame,READY
Play'n GO,playngo,playngo:MerlinsGrimoire,Merlin's Grimoire,READY
Play'n GO,playngo,playngo:MermaidsDiamond,Mermaid's Diamond,READY
Play'n GO,playngo,playngo:MerryXmas,Merry Xmas,READY
Play'n GO,playngo,playngo:MidnightGold,Midnight Gold,READY
Play'n GO,playngo,playngo:MinerDonkeyTrouble,Miner Donkey Trouble,READY
Play'n GO,playngo,playngo:MiniBaccarat,Mini Baccarat,NOT_IN_CATALOGUE
Play'n GO,playngo,playngo:MirrorJoker,Mirror Joker,READY
Play'n GO,playngo,playngo:MissionCash,Mission Cash,READY
Play'n GO,playngo,playngo:MoneyWheel,Money Wheel,READY
Play'n GO,playngo,playngo:MonkeyBattlefortheScrolls,Monkey: Battle for the Scrolls,READY
Play'n GO,playngo,playngo:MoonPrincess,Moon Princess,READY
Play'n GO,playngo,playngo:MoonPrincessPowerofLove,Moon Princess - Power of Love,READY
Play'n GO,playngo,playngo:moonprincess100,Moon princess 100,READY
Play'n GO,playngo,playngo:MoonPrincessExtreme,Moon Princess Extreme,NOT_IN_CATALOGUE
Play'n GO,playngo,playngo:MoonPrincessOrigins,Moon Princess Origins,READY
Play'n GO,playngo,playngo:MoonPrincessStargazing,Moon Princess Stargazing,READY
Play'n GO,playngo,playngo:MoonPrincessTrinity,Moon Princess Trinity,READY
Play'n GO,playngo,playngo:MoonPrincessChristmasKingdom,Moon Princess: Christmas Kingdom,READY
Play'n GO,playngo,playngo:MotleyCrue,Mötley Crüe,NOT_IN_CATALOGUE
Play'n GO,playngo,playngo:MountM,Mount M,READY
Play'n GO,playngo,playngo:MuertoEnMictlan,Muerto En Mictlan,READY
Play'n GO,playngo,playngo:MULTIFRUIT81,MULTIFRUIT 81,READY
Play'n GO,playngo,playngo:MysteryEggSurprise,Mystery Egg Surprise,READY
Play'n GO,playngo,playngo:MysteryGenieFortunesoftheLamp,Mystery Genie Fortunes of the Lamp,READY
Play'n GO,playngo,playngo:MysteryJoker,Mystery Joker,READY
Play'n GO,playngo,playngo:MysteryJoker6000,Mystery Joker 6000,READY
Play'n GO,playngo,playngo:Myth,Myth,READY
Play'n GO,playngo,playngo:MythofDead,Myth of Dead,READY
Play'n GO,playngo,playngo:NaughtyNicksBook,Naughty Nick's Book,READY
Play'n GO,playngo,playngo:NinjaFruits,Ninja Fruits,READY
Play'n GO,playngo,playngo:NuggetnNonsense,Nugget n’ Nonsense,READY
Play'n GO,playngo,playngo:OasisofDead,Oasis of Dead,READY
Play'n GO,playngo,playngo:OctopusTreasure,Octopus Treasure,READY
Play'n GO,playngo,playngo:OdinProtectorofRealms,Odin: Protector of Realms,READY
Play'n GO,playngo,playngo:PackandCash,Pack & Cash,READY
Play'n GO,playngo,playngo:PandasticAdventure,Pandastic Adventure,READY
Play'n GO,playngo,playngo:PandorasBoxofEvil,Pandora's Box of Evil,READY
Play'n GO,playngo,playngo:PearlsofIndia,Pearls of India,READY
Play'n GO,playngo,playngo:PerfectGems,Perfect Gems,READY
Play'n GO,playngo,playngo:PhoenixReborn,Phoenix Reborn,READY
Play'n GO,playngo,playngo:PhotoSafari,Photo Safari,READY
Play'n GO,playngo,playngo:PiggyBankFarm,Piggy Bank Farm,READY
Play'n GO,playngo,playngo:PiggyBlitz,Piggy Blitz,READY
Play'n GO,playngo,playngo:PiggyBlitzCasinoGold,Piggy Blitz Casino Gold,READY
Play'n GO,playngo,playngo:PiggyBlitzDiscoGold,Piggy Blitz Disco Gold,READY
Play'n GO,playngo,playngo:PiggyHeist,Piggy Heist,READY
Play'n GO,playngo,playngo:PiggyHeistBingo,Piggy Heist Bingo,NOT_IN_CATALOGUE
Play'n GO,playngo,playngo:PilgrimofDead,Pilgrim of Dead,READY
Play'n GO,playngo,playngo:Pimped,Pimped,READY
Play'n GO,playngo,playngo:PiranhaPays,Piranha Pays,READY
Play'n GO,playngo,playngo:PlanetFortune,Planet Fortune,READY
Play'n GO,playngo,playngo:PlaynGOBuffaloofWealth,Play'n GO Buffalo of Wealth,NOT_IN_CATALOGUE
Play'n GO,playngo,playngo:PlaynGOMolDigger,Play'n GO Mole Digger,READY
Play'n GO,playngo,playngo:PotionofMadness,Potion of Madness,READY
Play'n GO,playngo,playngo:PrimalRampage,Primal Rampage,READY
Play'n GO,playngo,playngo:PrismofGems,Prism of Gems,READY
Play'n GO,playngo,playngo:PrissyPrincess,Prissy Princess,READY
Play'n GO,playngo,playngo:ProsperityPalace,Prosperity Palace,READY
Play'n GO,playngo,playngo:PueblaParade,Puebla Parade,READY
Play'n GO,playngo,playngo:QueensDayTilt,Queen's Day Tilt,READY
Play'n GO,playngo,playngo:RasReckoning,Ra's Reckoning,READY
Play'n GO,playngo,playngo:RabbitHoleRiches,Rabbit Hole Riches,READY
Play'n GO,playngo,playngo:RagetoRiches,Rage to Riches,READY
Play'n GO,playngo,playngo:RagingRex,Raging Rex,READY
Play'n GO,playngo,playngo:RagingRex2,Raging Rex 2,READY
Play'n GO,playngo,playngo:RagingRex3,Raging Rex 3,READY
Play'n GO,playngo,playngo:RainforestMagic,Rainforest Magic,READY
Play'n GO,playngo,playngo:RainforestMagicBingo,Rainforest Magic Bingo,READY
Play'n GO,playngo,playngo:Rally4Riches,Rally 4 Riches,READY
Play'n GO,playngo,playngo:RascalRiches,Rascal Riches,READY
Play'n GO,playngo,playngo:Reactoonz_desktop,Reactoonz,READY
Play'n GO,playngo,playngo:reactoonztwo,Reactoonz 2,READY
Play'n GO,playngo,playngo:Reactoonz100,Reactoonz 100,READY
Play'n GO,playngo,playngo:ReactoonzBlitzways,Reactoonz Blitzways,NOT_IN_CATALOGUE
Play'n GO,playngo,playngo:RedtailRobberCashVaultHeist,Redtail Robber Cash Vault Heist,NOT_IN_CATALOGUE
Play'n GO,playngo,playngo:ReturnofTheGreenKnight,Return of The Green Knight,READY
Play'n GO,playngo,playngo:RichWildeandtheAmuletoftheDead,Rich Wilde and the Amulet of the Dead,NOT_IN_CATALOGUE
Play'n GO,playngo,playngo:BookofDead,Rich Wilde and the Book of Dead,READY
Play'n GO,playngo,playngo:RichWildeAndThePearlsOfVishnu,Rich Wilde and the Pearls of Vishnu,READY
Play'n GO,playngo,playngo:RichWildeandtheShieldofAthena,Rich Wilde and the Shield of Athena,NOT_IN_CATALOGUE
Play'n GO,playngo,playngo:RichWildeandtheTomeofDead,Rich Wilde and the Tome of Dead,READY
Play'n GO,playngo,playngo:RichWildeandtheTomeofInsanity,Rich Wilde and the Tome of Insanity,READY
Play'n GO,playngo,playngo:TomeofMadness,Rich Wilde and the Tome of Madness,READY
Play'n GO,playngo,playngo:RichWildeandtheWanderingCity,Rich Wilde and the Wandering City,READY
Play'n GO,playngo,playngo:RichesofRA,Riches of RA,READY
Play'n GO,playngo,playngo:RichesofRobin,Riches of Robin,READY
Play'n GO,playngo,playngo:RiddleReelsACaseofRiches,Riddle Reels: A Case of Riches,READY
Play'n GO,playngo,playngo:RingofOdin,Ring of Odin,READY
Play'n GO,playngo,playngo:RingsofProsperity,Rings of Prosperity,READY
Play'n GO,playngo,playngo:RiseOfAthena,Rise of Athena,READY
Play'n GO,playngo,playngo:RiseofDead,Rise of Dead,READY
Play'n GO,playngo,playngo:RiseofGodsReckoning,Rise of Gods: Reckoning,READY
Play'n GO,playngo,playngo:RiseofMerlin,Rise of Merlin,READY
Play'n GO,playngo,playngo:RiseofOlympus,Rise of Olympus,READY
Play'n GO,playngo,playngo:RiseofOlympus100,Rise of Olympus 100,READY
Play'n GO,playngo,playngo:RiseofOlympus1000,Rise of Olympus 1000,READY
Play'n GO,playngo,playngo:RiseofOlympusBingo,Rise of Olympus Bingo,NOT_IN_CATALOGUE
Play'n GO,playngo,playngo:RiseofOlympusExtreme,Rise of Olympus Extreme,READY
Play'n GO,playngo,playngo:RiseofOlympusOrigins,Rise of Olympus Origins,READY
Play'n GO,playngo,playngo:RiseofOrpheus,Rise of Orpheus,READY
Play'n GO,playngo,playngo:RoccoGallo,Rocco Gallo,READY
Play'n GO,playngo,playngo:RoninsHonour,Ronin's Honour,READY
Play'n GO,playngo,playngo:RosyOrbitTreasureTurn,Rosy Orbit Treasure Turn,READY
Play'n GO,playngo,playngo:Rotiki,Rotiki,READY
Play'n GO,playngo,playngo:RoyalMasquerade,Royal Masquerade,READY
Play'n GO,playngo,playngo:RuffHeist,Ruff Heist,READY
Play'n GO,playngo,playngo:Sabaton,Sabaton,READY
Play'n GO,playngo,playngo:SafariofWealth,Safari of Wealth,READY
Play'n GO,playngo,playngo:SailsofGold,Sails of Gold,READY
Play'n GO,playngo,playngo:SailsofRiches,Sails of Riches,READY
Play'n GO,playngo,playngo:SambaCarnival,Samba Carnival,READY
Play'n GO,playngo,playngo:Saxon,Saxon,READY
Play'n GO,playngo,playngo:ScalesofDead,Scales of Dead,READY
Play'n GO,playngo,playngo:ScourgeofRome,Scourge of Rome,READY
Play'n GO,playngo,playngo:ScrollofDead,Scroll of Dead,READY
Play'n GO,playngo,playngo:ScrollofSeth,Scroll of Seth,READY
Play'n GO,playngo,playngo:SeaHunter,Sea Hunter,READY
Play'n GO,playngo,playngo:SecretOfDead,Secret Of Dead,READY
Play'n GO,playngo,playngo:ShamrockMiner,Shamrock Miner,READY
Play'n GO,playngo,playngo:SharkFeast,Shark Feast,NOT_IN_CATALOGUE
Play'n GO,playngo,playngo:SherwoodGold,Sherwood Gold,READY
Play'n GO,playngo,playngo:SingleDeckBlackJackMH,Single Deck BlackJack MH,READY
Play'n GO,playngo,playngo:SistersoftheSun,Sisters of the Sun,READY
Play'n GO,playngo,playngo:SizzlingSpins,Sizzling Spins,READY
Play'n GO,playngo,playngo:Slashimi,Slashimi,READY
Play'n GO,playngo,playngo:SobeksGodlySpins,Sobek's Godly Spins,READY
Play'n GO,playngo,playngo:SpaceRace,Space Race,READY
Play'n GO,playngo,playngo:SparkofGenius,Spark of Genius,READY
Play'n GO,playngo,playngo:SparkyShortz,Sparky & Shortz,READY
Play'n GO,playngo,playngo:SparkyandShortzHiddenJoules,Sparky and Shortz Hidden Joules,NOT_IN_CATALOGUE
Play'n GO,playngo,playngo:SpiceSpiceBaby,Spice Spice Baby!,READY
Play'n GO,playngo,playngo:SpinParty,Spin Party,READY
Play'n GO,playngo,playngo:SpinninRecordsIntotheBeat,Spinnin' Records Into the Beat,READY
Play'n GO,playngo,playngo:SpinninRecordsRavingReels,Spinnin' Records: Raving Reels,READY
Play'n GO,playngo,playngo:StadiumofRiches,Stadium of Riches,READY
Play'n GO,playngo,playngo:StarJoker,Star Joker,READY
Play'n GO,playngo,playngo:StaticNightmareAbyssways,Static Nightmare Abyssways,READY
Play'n GO,playngo,playngo:SteppingDiamonds,Stepping Diamonds,READY
Play'n GO,playngo,playngo:StickyJoker,Sticky Joker,READY
Play'n GO,playngo,playngo:StompinGold,Stompin' Gold,NOT_IN_CATALOGUE
Play'n GO,playngo,playngo:StreetMagic,Street Magic,READY
Play'n GO,playngo,playngo:SuperFlip,Super Flip,READY
Play'n GO,playngo,playngo:SuperFlipDeluxe,Super Flip Deluxe,READY
Play'n GO,playngo,playngo:SuperWheel,Super Wheel,READY
Play'n GO,playngo,playngo:SweetIIVII,Sweet 27,READY
Play'n GO,playngo,playngo:SweetAlchemy,Sweet Alchemy,READY
Play'n GO,playngo,playngo:SweetAlchemy2,Sweet Alchemy 2,READY
Play'n GO,playngo,playngo:SweetAlchemy100,Sweet Alchemy 100,READY
Play'n GO,playngo,playngo:SweetAlchemyBingo,Sweet Alchemy Bingo,READY
Play'n GO,playngo,playngo:TaleofKyubiko,Tale of Kyubiko,READY
Play'n GO,playngo,playngo:TalesofAsgardLokisFortune,Tales of Asgard - Lokis Fortune,READY
Play'n GO,playngo,playngo:TalesofAsgardFreyasWedding,Tales of Asgard: Freya's Wedding,READY
Play'n GO,playngo,playngo:TalesofMithruneSynsFortune,Tales of Mithrune Syn's Fortune,READY
Play'n GO,playngo,playngo:TempleofProsperity,Temple of Prosperity,READY
Play'n GO,playngo,playngo:TempleofThree,Temple of Three,NOT_IN_CATALOGUE
Play'n GO,playngo,playngo:TempleofTollan,Temple of Tollan,READY
Play'n GO,playngo,playngo:Ternion,Ternion,READY
Play'n GO,playngo,playngo:Testament,Testament,READY
Play'n GO,playngo,playngo:ThatsRich,That's Rich,READY
Play'n GO,playngo,playngo:TheFacesOfFreya,The Faces of Freya,READY
Play'n GO,playngo,playngo:TheGreenKnight,The Green Knight,READY
Play'n GO,playngo,playngo:TheGreenKnightOathofThorns,The Green Knight Oath of Thorns,READY
Play'n GO,playngo,playngo:TheLastSundown,The Last Sundown,READY
Play'n GO,playngo,playngo:ThePayingPianoClub,The Paying Piano Club,READY
Play'n GO,playngo,playngo:TheShimmeringWoods,The Shimmering Woods,READY
Play'n GO,playngo,playngo:TheSwordandTheGrail,The Sword and The Grail,READY
Play'n GO,playngo,playngo:TheSwordandtheGrailExcalibur,The Sword and the Grail Excalibur,READY
Play'n GO,playngo,playngo:TheWildClass,The Wild Class,READY
Play'n GO,playngo,playngo:ThreePotsoftheGenie,Three Pots of the Genie,NOT_IN_CATALOGUE
Play'n GO,playngo,playngo:ThunderScreech,Thunder Screech,READY
Play'n GO,playngo,playngo:TombofGold,Tomb of Gold,READY
Play'n GO,playngo,playngo:TombofGoldII,Tomb of Gold II,READY
Play'n GO,playngo,playngo:TombofGoldReimagined,Tomb of Gold Reimagined,READY
Play'n GO,playngo,playngo:TomeofMadnessBingo,Tome of Madness Bingo,NOT_IN_CATALOGUE
Play'n GO,playngo,playngo:TowerQuest,Tower Quest,READY
Play'n GO,playngo,playngo:TowerQuestLegacy,Tower Quest Legacy,READY
Play'n GO,playngo,playngo:TracknGold,Track n' Gold,NOT_IN_CATALOGUE
Play'n GO,playngo,playngo:TreasuresofKongar,Treasures of Kongar,READY
Play'n GO,playngo,playngo:TreatsofTerror,Treats of Terror,READY
Play'n GO,playngo,playngo:TreatsofTerrorII,Treats of Terror II,NOT_IN_CATALOGUE
Play'n GO,playngo,playngo:TrinityImpact,Trinity Impact,READY
Play'n GO,playngo,playngo:TripleBeastsofFortune,Triple Beasts of Fortune,NOT_IN_CATALOGUE
Play'n GO,playngo,playngo:TripleLaunchFortuneWild,Triple Launch Fortune Wild,NOT_IN_CATALOGUE
Play'n GO,playngo,playngo:TrollHunters,Troll Hunters,READY
Play'n GO,playngo,playngo:TrollHunters2,Troll Hunters 2,READY
Play'n GO,playngo,playngo:TwistedSister,Twisted Sister,READY
Play'n GO,playngo,playngo:UndefeatedXerxes,Undefeated Xerxes,READY
Play'n GO,playngo,playngo:Unigoat,Unigoat,NOT_IN_CATALOGUE
Play'n GO,playngo,playngo:USAFlip,USA Flip,READY
Play'n GO,playngo,playngo:ValhalLuck,ValhalLuck,READY
Play'n GO,playngo,playngo:VikingRunecraft,Viking Runecraft,READY
Play'n GO,playngo,playngo:VikingRunecraft100,Viking Runecraft 100,READY
Play'n GO,playngo,playngo:VikingRunecraft1000,Viking Runecraft 1000,NOT_IN_CATALOGUE
Play'n GO,playngo,playngo:VikingRunecraftBingo,Viking Runecraft Bingo,READY
Play'n GO,playngo,playngo:VikingRunecraftApocalypse,Viking Runecraft: Apocalypse,READY
Play'n GO,playngo,playngo:ViperCityHeist,Viper City Heist,READY
Play'n GO,playngo,playngo:WheelofMictlan,Wheel of Mictlan,READY
Play'n GO,playngo,playngo:WhisperingWinds,Whispering Winds,READY
Play'n GO,playngo,playngo:WildBandolier,Wild Bandolier,READY
Play'n GO,playngo,playngo:WildBlood,Wild Blood,READY
Play'n GO,playngo,playngo:WildBlood2,Wild Blood 2,READY
Play'n GO,playngo,playngo:WildFalls,Wild Falls,READY
Play'n GO,playngo,playngo:WildFalls2,Wild Falls 2,READY
Play'n GO,playngo,playngo:WildFrames,Wild Frames,READY
Play'n GO,playngo,playngo:WildMelon,Wild Melon,READY
Play'n GO,playngo,playngo:WildNorth,Wild North,READY
Play'n GO,playngo,playngo:WildNorthRadiantSkiesGOCollect,Wild North Radiant Skies GO Collect,READY
Play'n GO,playngo,playngo:WildRails,Wild Rails,READY
Play'n GO,playngo,playngo:WildSurvivor,Wild Survivor,READY
Play'n GO,playngo,playngo:WildTrigger,Wild Trigger,READY
Play'n GO,playngo,playngo:WildestGambit,Wildest Gambit,READY
Play'n GO,playngo,playngo:WildhoundDerby,Wildhound Derby,READY
Play'n GO,playngo,playngo:WinaBeest,Win-A-Beest,READY
Play'n GO,playngo,playngo:WizardofGems,Wizard of Gems,READY
Play'n GO,playngo,playngo:WizardofOink,Wizard of Oink,NOT_IN_CATALOGUE
Play'n GO,playngo,playngo:WrappinGold,Wrappin' Gold,READY
Play'n GO,playngo,playngo:XmasJoker,Xmas Joker,READY
Play'n GO,playngo,playngo:XmasMagic,Xmas Magic,READY
Pragmatic Play,pragmaticexternal,pragmaticexternal:3BuzzingWilds,3 Buzzing Wilds,READY
Pragmatic Play,pragmaticexternal,pragmaticexternal:3DancingMonkeys,3 Dancing Monkeys,READY
Pragmatic Play,pragmaticexternal,pragmaticexternal:ThreeGenieWishes,3 Genie Wishes,READY
Pragmatic Play,pragmaticexternal,pragmaticexternal:ThreeKindoms,3 Kingdoms - Battle of Red Cliffs,READY
Pragmatic Play,pragmaticexternal,pragmaticexternal:3MagicEggs,3 Magic Eggs,READY
Pragmatic Play,pragmaticexternal,pragmaticexternal:5FrozenCharmsMegaways,5 Frozen Charms Megaways,READY
Pragmatic Play,pragmaticexternal,pragmaticexternal:5Lions,5 Lions,READY
Pragmatic Play,pragmaticexternal,pragmaticexternal:5LionsDance,5 Lions Dance,READY
Pragmatic Play,pragmaticexternal,pragmaticexternal:5LionsGold,5 Lions Gold,READY
Pragmatic Play,pragmaticexternal,pragmaticexternal:5LionsMegaways1,5 Lions Megaways,READY
Pragmatic Play,pragmaticexternal,pragmaticexternal:5LionsMegaways2,5 Lions Megaways 2,READY
Pragmatic Play,pragmaticexternal,pragmaticexternal:5LionsReborn,5 Lions Reborn,READY
Pragmatic Play,pragmaticexternal,pragmaticexternal:5RabbitsMegaways,5 Rabbits Megaways,READY
Pragmatic Play,pragmaticexternal,pragmaticexternal:6Jokers,6 Jokers,READY
Pragmatic Play,pragmaticexternal,pragmaticexternal:7CloversofFortune,7 Clovers of Fortune,READY
Pragmatic Play,pragmaticexternal,pragmaticexternal:SevenMonkeys,7 Monkeys,READY
Pragmatic Play,pragmaticexternal,pragmaticexternal:7Piggies,7 Piggies,READY
Pragmatic Play,pragmaticexternal,pragmaticexternal:7Piggies5000,7 Piggies 5 000,READY
Pragmatic Play,pragmaticexternal,pragmaticexternal:EightDragons,8 Dragons,READY
Pragmatic Play,pragmaticexternal,pragmaticexternal:8GoldenDragonChallenge,8 Golden Dragon Challenge,READY
Pragmatic Play,pragmaticexternal,pragmaticexternal:24DSpin,24D Spin,READY
Pragmatic Play,pragmaticexternal,pragmaticexternal:30BallBingo1,30 Ball Bingo,NOT_IN_CATALOGUE
Pragmatic Play,pragmaticexternal,pragmaticexternal:75BallBingo1,75 Ball Bingo,NOT_IN_CATALOGUE
Pragmatic Play,pragmaticexternal,pragmaticexternal:90BallBingo1,90 Ball Bingo,NOT_IN_CATALOGUE
Pragmatic Play,pragmaticexternal,pragmaticexternal:777Rush,777 Rush,READY
Pragmatic Play,pragmaticexternal,pragmaticexternal:777WheelBlitz,777 Wheel Blitz,NOT_IN_CATALOGUE
Pragmatic Play,pragmaticexternal,pragmaticexternal:888Bonanza,888 Bonanza,NOT_IN_CATALOGUE
Pragmatic Play,pragmaticexternal,pragmaticexternal:888Dragons,888 Dragons,READY
Pragmatic Play,pragmaticexternal,pragmaticexternal:888Gold,888 Gold,READY
Pragmatic Play,pragmaticexternal,pragmaticexternal:AfricanElephant,African Elephant,READY
Pragmatic Play,pragmaticexternal,pragmaticexternal:AladdinandtheSorcerer,Aladdin and the Sorcerer,READY
Pragmatic Play,pragmaticexternal,pragmaticexternal:AlienInvaders,Alien Invaders,READY
Pragmatic Play,pragmaticexternal,pragmaticexternal:AmazingBaccarat,Amazing Baccarat,READY
Pragmatic Play,pragmaticexternal,pragmaticexternal:AmericanBlackjack,American Blackjack,NOT_IN_CATALOGUE
Pragmatic Play,pragmaticexternal,pragmaticexternal:AmericanRoulette,American Roulette,READY
Pragmatic Play,pragmaticexternal,pragmaticexternal:AnacondaGold,Anaconda Gold,READY
Pragmatic Play,pragmaticexternal,pragmaticexternal:AncientEgypt,Ancient Egypt,READY
Pragmatic Play,pragmaticexternal,pragmaticexternal:AncientEgyptClassic,Ancient Egypt Classic,READY
Pragmatic Play,pragmaticexternal,pragmaticexternal:AncientIslandMegaways,Ancient Island Megaways,READY
Pragmatic Play,pragmaticexternal,pragmaticexternal:AngelvsSinner,Angel vs Sinner,READY
Pragmatic Play,pragmaticexternal,pragmaticexternal:Animingo,Animingo,NOT_IN_CATALOGUE
Pragmatic Play,pragmaticexternal,pragmaticexternal:AquamarineBlackjack,Aquamarine Blackjack,NOT_IN_CATALOGUE
Pragmatic Play,pragmaticexternal,pragmaticexternal:Argonauts,Argonauts,READY
Pragmatic Play,pragmaticexternal,pragmaticexternal:Asgard,Asgard,READY
Pragmatic Play,pragmaticexternal,pragmaticexternal:AutoMegaRoulette,Auto Mega Roulette,READY
Pragmatic Play,pragmaticexternal,pragmaticexternal:AutoRoulette,Auto-Roulette 1,NOT_IN_CATALOGUE
Pragmatic Play,pragmaticexternal,pragmaticexternal:AztecBlaze,Aztec Blaze,READY
Pragmatic Play,pragmaticexternal,pragmaticexternal:AztecBonanza,Aztec Bonanza,READY
Pragmatic Play,pragmaticexternal,pragmaticexternal:AztecGems,Aztec Gems,READY
Pragmatic Play,pragmaticexternal,pragmaticexternal:AztecGemsDeluxe1,Aztec Gems Deluxe,READY
Pragmatic Play,pragmaticexternal,pragmaticexternal:AztecGemsMegaways,Aztec Gems Megaways,READY
Pragmatic Play,pragmaticexternal,pragmaticexternal:AztecPowernudge,Aztec Powernudge,READY
Pragmatic Play,pragmaticexternal,pragmaticexternal:AztecSmash,Aztec Smash,READY
Pragmatic Play,pragmaticexternal,pragmaticexternal:AztecTreasureHunt,Aztec Treasure Hunt,READY
Pragmatic Play,pragmaticexternal,pragmaticexternal:Baccarat,Baccarat,OTHER_PROVIDER
Pragmatic Play,pragmaticexternal,pragmaticexternal:LiveBaccaratA,Baccarat 1,READY
Pragmatic Play,pragmaticexternal,pragmaticexternal:LiveBaccaratB,Baccarat 2,READY
Pragmatic Play,pragmaticexternal,pragmaticexternal:LiveBaccaratC,Baccarat 3,READY
Pragmatic Play,pragmaticexternal,pragmaticexternal:LiveBaccaratD,Baccarat 5,READY
Pragmatic Play,pragmaticexternal,pragmaticexternal:LiveBaccaratE,Baccarat 6,READY
Pragmatic Play,pragmaticexternal,pragmaticexternal:Baccarat7,Baccarat 7,READY
Pragmatic Play,pragmaticexternal,pragmaticexternal:NoCommBaccarat1,Baccarat 9,READY
Pragmatic Play,pragmaticexternal,pragmaticexternal:BaccaratLatino1,Baccarat Latino 1,NOT_IN_CATALOGUE
Pragmatic Play,pragmaticexternal,pragmaticexternal:BaccaratLobby,Baccarat Lobby,READY
Pragmatic Play,pragmaticexternal,pragmaticexternal:BadgeBlitz,Badge Blitz,READY
Pragmatic Play,pragmaticexternal,pragmaticexternal:BanditMegaways,Bandit Megaways,READY
Pragmatic Play,pragmaticexternal,pragmaticexternal:BarnFestival,Barn Festival,READY
Pragmatic Play,pragmaticexternal,pragmaticexternal:BarnyardMegahaysMegaways,Barnyard Megahays Megaways,READY
Pragmatic Play,pragmaticexternal,pragmaticexternal:BearCrazy,Bear Crazy,READY
Pragmatic Play,pragmaticexternal,pragmaticexternal:BeeKeeper,Bee Keeper,READY
Pragmatic Play,pragmaticexternal,pragmaticexternal:BetBehindProBlackjack,Bet Behind Pro Blackjack,NOT_IN_CATALOGUE
Pragmatic Play,pragmaticexternal,pragmaticexternal:BetterBarnHouseBonanza,Better Barn House Bonanza,NOT_IN_CATALOGUE
Pragmatic Play,pragmaticexternal,pragmaticexternal:BewareTheDeepMegaways,Beware The Deep Megaways,READY
Pragmatic Play,pragmaticexternal,pragmaticexternal:BigBassHoldandSpinner,Big Bass - Hold & Spinner,READY
Pragmatic Play,pragmaticexternal,pragmaticexternal:BigBassKeepingitReel,Big Bass - Keeping it Reel,READY
Pragmatic Play,pragmaticexternal,pragmaticexternal:BigBassAmazonXtreme,Big Bass Amazon Xtreme,READY
Pragmatic Play,pragmaticexternal,pragmaticexternal:BigBassBlast,Big Bass Blast,READY
Pragmatic Play,pragmaticexternal,pragmaticexternal:BigBassBonanza,Big Bass Bonanza,READY
Pragmatic Play,pragmaticexternal,pragmaticexternal:BigBassBonanzaReelAction,Big Bass Bonanza – Reel Action,READY
Pragmatic Play,pragmaticexternal,pragmaticexternal:BigBassBonanza3Reeler,Big Bass Bonanza 3 Reeler,READY
Pragmatic Play,pragmaticexternal,pragmaticexternal:BigBassBonanza1000,Big Bass Bonanza 1000,READY
Pragmatic Play,pragmaticexternal,pragmaticexternal:BigBassBonanzaMegaways,Big Bass Bonanza Megaways,READY
Pragmatic Play,pragmaticexternal,pragmaticexternal:BigBassBoxingBonusRound,Big Bass Boxing Bonus Round,READY
Pragmatic Play,pragmaticexternal,pragmaticexternal:BigBassChristmasFrozenLake,Big Bass Christmas – Frozen Lake,READY
Pragmatic Play,pragmaticexternal,pragmaticexternal:BigBassChristmasBash,Big Bass Christmas Bash,READY
Pragmatic Play,pragmaticexternal,pragmaticexternal:BigBassCrash,Big Bass Crash,READY
Pragmatic Play,pragmaticexternal,pragmaticexternal:BigBassDayattheRaces,Big Bass Day at the Races,READY
Pragmatic Play,pragmaticexternal,pragmaticexternal:BigBassDice,Big Bass Dice,READY
Pragmatic Play,pragmaticexternal,pragmaticexternal:BigBassFloatsMyBoat,Big Bass Floats My Boat,READY
Pragmatic Play,pragmaticexternal,pragmaticexternal:BigBassFootballBonanza,Big Bass Football Bonanza,READY
Pragmatic Play,pragmaticexternal,pragmaticexternal:BigBassHalloween,Big Bass Halloween,READY
Pragmatic Play,pragmaticexternal,pragmaticexternal:BigBassHalloween2,Big Bass Halloween 2,READY
Pragmatic Play,pragmaticexternal,pragmaticexternal:BigBassHalloween3,Big Bass Halloween 3,READY
Pragmatic Play,pragmaticexternal,pragmaticexternal:BigBassHalloweenSplash1000,Big Bass Halloween Splash 1000,NOT_IN_CATALOGUE
Pragmatic Play,pragmaticexternal,pragmaticexternal:BigBassHoldSpinnerMegaways,Big Bass Hold & Spinner Megaways,READY
Pragmatic Play,pragmaticexternal,pragmaticexternal:BigBassMissionFishin,Big Bass Mission Fishin',READY
Pragmatic Play,pragmaticexternal,pragmaticexternal:BigBassRacedayRepeat,Big Bass Raceday Repeat,READY
Pragmatic Play,pragmaticexternal,pragmaticexternal:BigBassReelRepeat,Big Bass Reel Repeat,READY
Pragmatic Play,pragmaticexternal,pragmaticexternal:BigBassReturntotheRaces,Big Bass Return to the Races,READY
Pragmatic Play,pragmaticexternal,pragmaticexternal:BigBassSecretsoftheGoldenLake,Big Bass Secrets of the Golden Lake,READY
Pragmatic Play,pragmaticexternal,pragmaticexternal:BigBassSplash,Big Bass Splash,READY
Pragmatic Play,pragmaticexternal,pragmaticexternal:BigBassSplash1000,Big Bass Splash 1000,READY
Pragmatic Play,pragmaticexternal,pragmaticexternal:BigBassTrophyCatch,Big Bass Trophy Catch,READY
Pragmatic Play,pragmaticexternal,pragmaticexternal:BigBassVegas1000,Big Bass Vegas 1000,NOT_IN_CATALOGUE
Pragmatic Play,pragmaticexternal,pragmaticexternal:BigBassVegasDoubleDownDeluxe,Big Bass Vegas Double Down Deluxe,READY
Pragmatic Play,pragmaticexternal,pragmaticexternal:BigBassXmasXtreme,Big Bass Xmas Xtreme,READY
Pragmatic Play,pragmaticexternal,pragmaticexternal:BigBurgerLoaditupwithXtracheese,Big Burger Load it up with Xtra cheese,READY
Pragmatic Play,pragmaticexternal,pragmaticexternal:BigJuan,Big Juan,READY
Pragmatic Play,pragmaticexternal,pragmaticexternal:BigSmallBaccarat,Big Small Baccarat,NOT_IN_CATALOGUE
Pragmatic Play,pragmaticexternal,pragmaticexternal:BiggerBarnHouseBonanza,Bigger Barn House Bonanza,READY
Pragmatic Play,pragmaticexternal,pragmaticexternal:BiggerBassBlizzardChristmasCatch,Bigger Bass Blizzard - Christmas Catch,READY
Pragmatic Play,pragmaticexternal,pragmaticexternal:BiggerBassBonanza,Bigger Bass Bonanza,READY
Pragmatic Play,pragmaticexternal,pragmaticexternal:BiggerBassSplash,Bigger Bass Splash,READY
Pragmatic Play,pragmaticexternal,pragmaticexternal:BingoBlast,Bingo Blast,NOT_IN_CATALOGUE
Pragmatic Play,pragmaticexternal,pragmaticexternal:BingoMania,Bingo Mania,READY
Pragmatic Play,pragmaticexternal,pragmaticexternal:BlackBull,Black Bull,READY
Pragmatic Play,pragmaticexternal,pragmaticexternal:BlackjackAzureE,Blackjack 1,READY
Pragmatic Play,pragmaticexternal,pragmaticexternal:BlackjackAzureI,Blackjack 2,NOT_IN_CATALOGUE
Pragmatic Play,pragmaticexternal,pragmaticexternal:BlackjackAzureA,Blackjack 3,NOT_IN_CATALOGUE
Pragmatic Play,pragmaticexternal,pragmaticexternal:BlackjackAzureD,Blackjack 4,NOT_IN_CATALOGUE
Pragmatic Play,pragmaticexternal,pragmaticexternal:BlackjackAzureH,Blackjack 5,NOT_IN_CATALOGUE
Pragmatic Play,pragmaticexternal,pragmaticexternal:BlackjackAzureB,Blackjack 6,OTHER_PROVIDER
Pragmatic Play,pragmaticexternal,pragmaticexternal:BlackjackAzureC,Blackjack 7,OTHER_PROVIDER
Pragmatic Play,pragmaticexternal,pragmaticexternal:BlackjackAzureJ,Blackjack 8,NOT_IN_CATALOGUE
Pragmatic Play,pragmaticexternal,pragmaticexternal:BlackjackAzureF,Blackjack 9,NOT_IN_CATALOGUE
Pragmatic Play,pragmaticexternal,pragmaticexternal:BlackjackAzureG,Blackjack 10,READY
Pragmatic Play,pragmaticexternal,pragmaticexternal:BlackjackA,Blackjack 11,READY
Pragmatic Play,pragmaticexternal,pragmaticexternal:LiveBlackjackB,Blackjack 12,READY
Pragmatic Play,pragmaticexternal,pragmaticexternal:LiveBlackjackC,Blackjack 14,READY
Pragmatic Play,pragmaticexternal,pragmaticexternal:LiveBlackjackD,Blackjack 15,READY
Pragmatic Play,pragmaticexternal,pragmaticexternal:BlackjackE,Blackjack 16,NOT_IN_CATALOGUE
Pragmatic Play,pragmaticexternal,pragmaticexternal:Blackjack17Azure2,Blackjack 17,NOT_IN_CATALOGUE
Pragmatic Play,pragmaticexternal,pragmaticexternal:Blackjack18Azure2,Blackjack 18,NOT_IN_CATALOGUE
Pragmatic Play,pragmaticexternal,pragmaticexternal:Blackjack19Azure2,Blackjack 19,NOT_IN_CATALOGUE
Pragmatic Play,pragmaticexternal,pragmaticexternal:Blackjack20Azure2,Blackjack 20,NOT_IN_CATALOGUE
Pragmatic Play,pragmaticexternal,pragmaticexternal:Blackjack21Azure2,Blackjack 21,NOT_IN_CATALOGUE
Pragmatic Play,pragmaticexternal,pragmaticexternal:BlackJack22Azure,Blackjack 22,NOT_IN_CATALOGUE
Pragmatic Play,pragmaticexternal,pragmaticexternal:BlackJack23Azure,Blackjack 23,NOT_IN_CATALOGUE
Pragmatic Play,pragmaticexternal,pragmaticexternal:BlackJack24Azure,Blackjack 24,NOT_IN_CATALOGUE
Pragmatic Play,pragmaticexternal,pragmaticexternal:BlackJack25Azure,Blackjack 25,NOT_IN_CATALOGUE
Pragmatic Play,pragmaticexternal,pragmaticexternal:BlackJack26Azure,Blackjack 26,NOT_IN_CATALOGUE
Pragmatic Play,pragmaticexternal,pragmaticexternal:Blackjack27Azure2,Blackjack 27,NOT_IN_CATALOGUE
Pragmatic Play,pragmaticexternal,pragmaticexternal:Blackjack28Azure2,Blackjack 28,NOT_IN_CATALOGUE
Pragmatic Play,pragmaticexternal,pragmaticexternal:Blackjack29Azure2,Blackjack 29,NOT_IN_CATALOGUE
Pragmatic Play,pragmaticexternal,pragmaticexternal:Blackjack30Azure2,Blackjack 30,NOT_IN_CATALOGUE
Pragmatic Play,pragmaticexternal,pragmaticexternal:Blackjack31Azure2,Blackjack 31,NOT_IN_CATALOGUE
Pragmatic Play,pragmaticexternal,pragmaticexternal:Blackjack32Azure2,Blackjack 32,NOT_IN_CATALOGUE
Pragmatic Play,pragmaticexternal,pragmaticexternal:Blackjack33TheClub,Blackjack 33,NOT_IN_CATALOGUE
Pragmatic Play,pragmaticexternal,pragmaticexternal:Blackjack34TheClub,Blackjack 34,NOT_IN_CATALOGUE
Pragmatic Play,pragmaticexternal,pragmaticexternal:Blackjack35TheClub,Blackjack 35,NOT_IN_CATALOGUE
Pragmatic Play,pragmaticexternal,pragmaticexternal:Blackjack36TheClub,Blackjack 36,NOT_IN_CATALOGUE
Pragmatic Play,pragmaticexternal,pragmaticexternal:Blackjack37Ruby,Blackjack 37,NOT_IN_CATALOGUE
Pragmatic Play,pragmaticexternal,pragmaticexternal:Blackjack38Ruby,Blackjack 38,NOT_IN_CATALOGUE
Pragmatic Play,pragmaticexternal,pragmaticexternal:Blackjack39Ruby,Blackjack 39,NOT_IN_CATALOGUE
Pragmatic Play,pragmaticexternal,pragmaticexternal:Blackjack40Ruby,Blackjack 40,NOT_IN_CATALOGUE
Pragmatic Play,pragmaticexternal,pragmaticexternal:Blackjack41Ruby,Blackjack 41,NOT_IN_CATALOGUE
Pragmatic Play,pragmaticexternal,pragmaticexternal:Blackjack42Ruby,Blackjack 42,NOT_IN_CATALOGUE
Pragmatic Play,pragmaticexternal,pragmaticexternal:Blackjack43Ruby,Blackjack 43,NOT_IN_CATALOGUE
Pragmatic Play,pragmaticexternal,pragmaticexternal:Blackjack44Ruby,Blackjack 44,NOT_IN_CATALOGUE
Pragmatic Play,pragmaticexternal,pragmaticexternal:Blackjack45Ruby,Blackjack 45,NOT_IN_CATALOGUE
Pragmatic Play,pragmaticexternal,pragmaticexternal:Blackjack46Ruby,Blackjack 46,NOT_IN_CATALOGUE
Pragmatic Play,pragmaticexternal,pragmaticexternal:Blackjack47Ruby,Blackjack 47,NOT_IN_CATALOGUE
Pragmatic Play,pragmaticexternal,pragmaticexternal:Blackjack48Ruby,Blackjack 48,NOT_IN_CATALOGUE
Pragmatic Play,pragmaticexternal,pragmaticexternal:Blackjack49Ruby,Blackjack 49,NOT_IN_CATALOGUE
Pragmatic Play,pragmaticexternal,pragmaticexternal:Blackjack50Ruby,Blackjack 50,NOT_IN_CATALOGUE
Pragmatic Play,pragmaticexternal,pragmaticexternal:Blackjack51Ruby,Blackjack 51,NOT_IN_CATALOGUE
Pragmatic Play,pragmaticexternal,pragmaticexternal:Blackjack52Ruby,Blackjack 52,NOT_IN_CATALOGUE
Pragmatic Play,pragmaticexternal,pragmaticexternal:Blackjack53Ruby,Blackjack 53,NOT_IN_CATALOGUE
Pragmatic Play,pragmaticexternal,pragmaticexternal:Blackjack54Ruby,Blackjack 54,NOT_IN_CATALOGUE
Pragmatic Play,pragmaticexternal,pragmaticexternal:Blackjack55Ruby,Blackjack 55,NOT_IN_CATALOGUE
Pragmatic Play,pragmaticexternal,pragmaticexternal:Blackjack56Ruby,Blackjack 56,NOT_IN_CATALOGUE
Pragmatic Play,pragmaticexternal,pragmaticexternal:Blackjack57Ruby,Blackjack 57,NOT_IN_CATALOGUE
Pragmatic Play,pragmaticexternal,pragmaticexternal:Blackjack58Ruby,Blackjack 58,NOT_IN_CATALOGUE
Pragmatic Play,pragmaticexternal,pragmaticexternal:Blackjack59Ruby,Blackjack 59,NOT_IN_CATALOGUE
Pragmatic Play,pragmaticexternal,pragmaticexternal:Blackjack60Ruby,Blackjack 60,NOT_IN_CATALOGUE
Pragmatic Play,pragmaticexternal,pragmaticexternal:Blackjack61Ruby,Blackjack 61,NOT_IN_CATALOGUE
Pragmatic Play,pragmaticexternal,pragmaticexternal:Blackjack62Ruby,Blackjack 62,NOT_IN_CATALOGUE
Pragmatic Play,pragmaticexternal,pragmaticexternal:Blackjack63Ruby,Blackjack 63,NOT_IN_CATALOGUE
Pragmatic Play,pragmaticexternal,pragmaticexternal:Blackjack64Ruby,Blackjack 64,NOT_IN_CATALOGUE
Pragmatic Play,pragmaticexternal,pragmaticexternal:Blackjack65Ruby,Blackjack 65,NOT_IN_CATALOGUE
Pragmatic Play,pragmaticexternal,pragmaticexternal:Blackjack70Ruby,Blackjack 70,NOT_IN_CATALOGUE
Pragmatic Play,pragmaticexternal,pragmaticexternal:Blackjack71Ruby,Blackjack 71,NOT_IN_CATALOGUE
Pragmatic Play,pragmaticexternal,pragmaticexternal:Blackjack72Ruby,Blackjack 72,NOT_IN_CATALOGUE
Pragmatic Play,pragmaticexternal,pragmaticexternal:Blackjack74Ruby,Blackjack 74,NOT_IN_CATALOGUE
Pragmatic Play,pragmaticexternal,pragmaticexternal:Blackjack75Azure,Blackjack 75,NOT_IN_CATALOGUE
Pragmatic Play,pragmaticexternal,pragmaticexternal:Blackjack76Azure,Blackjack 76,NOT_IN_CATALOGUE
Pragmatic Play,pragmaticexternal,pragmaticexternal:SpeedBlackjack4Ruby,Blackjack 77,NOT_IN_CATALOGUE
Pragmatic Play,pragmaticexternal,pragmaticexternal:SpeedBlackjack5Ruby,Blackjack 78,NOT_IN_CATALOGUE
Pragmatic Play,pragmaticexternal,pragmaticexternal:Blackjack79Emerald,Blackjack 79,NOT_IN_CATALOGUE
Pragmatic Play,pragmaticexternal,pragmaticexternal:Blackjack80Emerald,Blackjack 80,NOT_IN_CATALOGUE
Pragmatic Play,pragmaticexternal,pragmaticexternal:Blackjack81Emerald,Blackjack 81,NOT_IN_CATALOGUE
Pragmatic Play,pragmaticexternal,pragmaticexternal:Blackjack82Emerald,Blackjack 82,NOT_IN_CATALOGUE
Pragmatic Play,pragmaticexternal,pragmaticexternal:Blackjack83Emerald,Blackjack 83,NOT_IN_CATALOGUE
Pragmatic Play,pragmaticexternal,pragmaticexternal:Blackjack84Emerald,Blackjack 84,NOT_IN_CATALOGUE
Pragmatic Play,pragmaticexternal,pragmaticexternal:Blackjack85Emerald,Blackjack 85,NOT_IN_CATALOGUE
Pragmatic Play,pragmaticexternal,pragmaticexternal:Blackjack86Ruby,Blackjack 86,NOT_IN_CATALOGUE
Pragmatic Play,pragmaticexternal,pragmaticexternal:Blackjack87Emerald,Blackjack 87,NOT_IN_CATALOGUE
Pragmatic Play,pragmaticexternal,pragmaticexternal:Blackjack88Emerald,Blackjack 88,NOT_IN_CATALOGUE
Pragmatic Play,pragmaticexternal,pragmaticexternal:Blackjack89Emerald,Blackjack 89,NOT_IN_CATALOGUE
Pragmatic Play,pragmaticexternal,pragmaticexternal:Blackjack90Azure,Blackjack 90,NOT_IN_CATALOGUE
Pragmatic Play,pragmaticexternal,pragmaticexternal:Blackjack91Azure,Blackjack 91,NOT_IN_CATALOGUE
Pragmatic Play,pragmaticexternal,pragmaticexternal:Blackjack92Azure,Blackjack 92,NOT_IN_CATALOGUE
Pragmatic Play,pragmaticexternal,pragmaticexternal:Blackjack93Azure,Blackjack 93,NOT_IN_CATALOGUE
Pragmatic Play,pragmaticexternal,pragmaticexternal:Blackjack94Emerald,Blackjack 94,NOT_IN_CATALOGUE
Pragmatic Play,pragmaticexternal,pragmaticexternal:Blackjack95Emerald,Blackjack 95,NOT_IN_CATALOGUE
Pragmatic Play,pragmaticexternal,pragmaticexternal:Blackjack96Emerald,Blackjack 96,NOT_IN_CATALOGUE
Pragmatic Play,pragmaticexternal,pragmaticexternal:Blackjack97Azure,Blackjack 97,NOT_IN_CATALOGUE
Pragmatic Play,pragmaticexternal,pragmaticexternal:Blackjack98Azure,Blackjack 98,NOT_IN_CATALOGUE
Pragmatic Play,pragmaticexternal,pragmaticexternal:Blackjack99Azure,Blackjack 99,NOT_IN_CATALOGUE
Pragmatic Play,pragmaticexternal,pragmaticexternal:Blackjack100Azure,Blackjack 100,READY
Pragmatic Play,pragmaticexternal,pragmaticexternal:Blackjack101Azure,Blackjack 101,READY
Pragmatic Play,pragmaticexternal,pragmaticexternal:Blackjack102Emerald,Blackjack 102,READY
Pragmatic Play,pragmaticexternal,pragmaticexternal:Blackjack103Emerald,Blackjack 103,READY
Pragmatic Play,pragmaticexternal,pragmaticexternal:Blackjack104Emerald,Blackjack 104,NOT_IN_CATALOGUE
Pragmatic Play,pragmaticexternal,pragmaticexternal:Blackjack105Emerald,Blackjack 105,NOT_IN_CATALOGUE
Pragmatic Play,pragmaticexternal,pragmaticexternal:Blackjack106Emerald,Blackjack 106,NOT_IN_CATALOGUE
Pragmatic Play,pragmaticexternal,pragmaticexternal:Blackjack107Emerald,Blackjack 107,NOT_IN_CATALOGUE
Pragmatic Play,pragmaticexternal,pragmaticexternal:Blackjack108Emerald,Blackjack 108,NOT_IN_CATALOGUE
Pragmatic Play,pragmaticexternal,pragmaticexternal:Blackjack109,Blackjack 109,NOT_IN_CATALOGUE
Pragmatic Play,pragmaticexternal,pragmaticexternal:Blackjack110,Blackjack 110,READY
Pragmatic Play,pragmaticexternal,pragmaticexternal:Blackjack111,Blackjack 111,READY
Pragmatic Play,pragmaticexternal,pragmaticexternal:Blackjack112,Blackjack 112,READY
Pragmatic Play,pragmaticexternal,pragmaticexternal:Blackjack113,Blackjack 113,READY
Pragmatic Play,pragmaticexternal,pragmaticexternal:Blackjack114,Blackjack 114,READY
Pragmatic Play,pragmaticexternal,pragmaticexternal:Blackjack115,Blackjack 115,READY
Pragmatic Play,pragmaticexternal,pragmaticexternal:Blackjack116,Blackjack 116,READY
Pragmatic Play,pragmaticexternal,pragmaticexternal:Blackjack117,Blackjack 117,READY
Pragmatic Play,pragmaticexternal,pragmaticexternal:Blackjack118,Blackjack 118,READY
Pragmatic Play,pragmaticexternal,pragmaticexternal:Blackjack119,Blackjack 119,READY
Pragmatic Play,pragmaticexternal,pragmaticexternal:Blackjack120,Blackjack 120,NOT_IN_CATALOGUE
Pragmatic Play,pragmaticexternal,pragmaticexternal:Blackjack121,Blackjack 121,NOT_IN_CATALOGUE
Pragmatic Play,pragmaticexternal,pragmaticexternal:Blackjack122,Blackjack 122,NOT_IN_CATALOGUE
Pragmatic Play,pragmaticexternal,pragmaticexternal:Blackjack123,Blackjack 123,NOT_IN_CATALOGUE
Pragmatic Play,pragmaticexternal,pragmaticexternal:Blackjack124,Blackjack 124,NOT_IN_CATALOGUE
Pragmatic Play,pragmaticexternal,pragmaticexternal:Blackjack125,Blackjack 125,NOT_IN_CATALOGUE
Pragmatic Play,pragmaticexternal,pragmaticexternal:Blackjack126,Blackjack 126,NOT_IN_CATALOGUE
Pragmatic Play,pragmaticexternal,pragmaticexternal:Blackjack127,Blackjack 127,READY
Pragmatic Play,pragmaticexternal,pragmaticexternal:Blackjack128,Blackjack 128,READY
Pragmatic Play,pragmaticexternal,pragmaticexternal:Blackjack129,Blackjack 129,READY
Pragmatic Play,pragmaticexternal,pragmaticexternal:Blackjack130,Blackjack 130,READY
Pragmatic Play,pragmaticexternal,pragmaticexternal:Blackjack131,Blackjack 131,READY
Pragmatic Play,pragmaticexternal,pragmaticexternal:Blackjack132,Blackjack 132,READY
Pragmatic Play,pragmaticexternal,pragmaticexternal:Blackjack133,Blackjack 133,READY
Pragmatic Play,pragmaticexternal,pragmaticexternal:Blackjack134,Blackjack 134,READY
Pragmatic Play,pragmaticexternal,pragmaticexternal:SpeedBlackjack33Emerald,Blackjack 135,NOT_IN_CATALOGUE
Pragmatic Play,pragmaticexternal,pragmaticexternal:SpeedBlackjack36TheClub,Blackjack 136,READY
Pragmatic Play,pragmaticexternal,pragmaticexternal:SpeedBlackjack37TheClub,Blackjack 137,READY
Pragmatic Play,pragmaticexternal,pragmaticexternal:SpeedBlackjack48Emerald,Blackjack 138,NOT_IN_CATALOGUE
Pragmatic Play,pragmaticexternal,pragmaticexternal:SpeedBlackjack49Emerald,Blackjack 139,NOT_IN_CATALOGUE
Pragmatic Play,pragmaticexternal,pragmaticexternal:SpeedBlackjack50Emerald,Blackjack 140,NOT_IN_CATALOGUE
Pragmatic Play,pragmaticexternal,pragmaticexternal:SpeedBlackjack63,Blackjack 141,NOT_IN_CATALOGUE
Pragmatic Play,pragmaticexternal,pragmaticexternal:SpeedBlackjack65,Blackjack 142,NOT_IN_CATALOGUE
Pragmatic Play,pragmaticexternal,pragmaticexternal:Blackjack143,Blackjack 143,READY
Pragmatic Play,pragmaticexternal,pragmaticexternal:Blackjack144,Blackjack 144,READY
Pragmatic Play,pragmaticexternal,pragmaticexternal:Blackjack145,Blackjack 145,READY
Pragmatic Play,pragmaticexternal,pragmaticexternal:Blackjack146,Blackjack 146,READY
Pragmatic Play,pragmaticexternal,pragmaticexternal:Blackjack147,Blackjack 147,READY
Pragmatic Play,pragmaticexternal,pragmaticexternal:SpeedBlackjack15Ruby,Blackjack 148,READY
Pragmatic Play,pragmaticexternal,pragmaticexternal:SpeedBlackjack16Ruby,Blackjack 149,READY
Pragmatic Play,pragmaticexternal,pragmaticexternal:SpeedBlackjack19Emerald,Blackjack 150,NOT_IN_CATALOGUE
Pragmatic Play,pragmaticexternal,pragmaticexternal:SpeedBlackjack28Emerald,Blackjack 151,NOT_IN_CATALOGUE
Pragmatic Play,pragmaticexternal,pragmaticexternal:SpeedBlackjack29Emerald,Blackjack 152,NOT_IN_CATALOGUE
Pragmatic Play,pragmaticexternal,pragmaticexternal:SpeedBlackjack60Emerald,Blackjack 153,NOT_IN_CATALOGUE
Pragmatic Play,pragmaticexternal,pragmaticexternal:SpeedBlackjack61Emerald,Blackjack 154,NOT_IN_CATALOGUE
Pragmatic Play,pragmaticexternal,pragmaticexternal:SpeedBlackjack62,Blackjack 155,NOT_IN_CATALOGUE
Pragmatic Play,pragmaticexternal,pragmaticexternal:SpeedBlackjack64,Blackjack 156,NOT_IN_CATALOGUE
Pragmatic Play,pragmaticexternal,pragmaticexternal:SpeedBlackjack66,Blackjack 157,NOT_IN_CATALOGUE
Pragmatic Play,pragmaticexternal,pragmaticexternal:Blackjack161,Blackjack 161,NOT_IN_CATALOGUE
Pragmatic Play,pragmaticexternal,pragmaticexternal:Blackjack162,Blackjack 162,NOT_IN_CATALOGUE
Pragmatic Play,pragmaticexternal,pragmaticexternal:Blackjack163,Blackjack 163,NOT_IN_CATALOGUE
Pragmatic Play,pragmaticexternal,pragmaticexternal:Blackjack67Ruby,Blackjack 164,NOT_IN_CATALOGUE
Pragmatic Play,pragmaticexternal,pragmaticexternal:BlackjackLatino1,Blackjack Latino 1,NOT_IN_CATALOGUE
Pragmatic Play,pragmaticexternal,pragmaticexternal:BlackjackLatino2,Blackjack Latino 2,NOT_IN_CATALOGUE
Pragmatic Play,pragmaticexternal,pragmaticexternal:BlackjackLatino3,Blackjack Latino 3,NOT_IN_CATALOGUE
Pragmatic Play,pragmaticexternal,pragmaticexternal:BlackjackLatino4,Blackjack Latino 4,NOT_IN_CATALOGUE
Pragmatic Play,pragmaticexternal,pragmaticexternal:BlackjackLatino5,Blackjack Latino 5,NOT_IN_CATALOGUE
Pragmatic Play,pragmaticexternal,pragmaticexternal:BlackjackLatino6,Blackjack Latino 6,NOT_IN_CATALOGUE
Pragmatic Play,pragmaticexternal,pragmaticexternal:BlackjackLatino7,Blackjack Latino 7,NOT_IN_CATALOGUE
Pragmatic Play,pragmaticexternal,pragmaticexternal:BlackjackLatino8,Blackjack Latino 8,NOT_IN_CATALOGUE
Pragmatic Play,pragmaticexternal,pragmaticexternal:BlackjackLatino9,Blackjack Latino 9,NOT_IN_CATALOGUE
Pragmatic Play,pragmaticexternal,pragmaticexternal:BlackjackLatino10,Blackjack Latino 10,NOT_IN_CATALOGUE
Pragmatic Play,pragmaticexternal,pragmaticexternal:BlackjackLatino11,Blackjack Latino 11,NOT_IN_CATALOGUE
Pragmatic Play,pragmaticexternal,pragmaticexternal:BlackjackLatino12,Blackjack Latino 12,NOT_IN_CATALOGUE
Pragmatic Play,pragmaticexternal,pragmaticexternal:BlackjackLatino13,Blackjack Latino 13,NOT_IN_CATALOGUE
Pragmatic Play,pragmaticexternal,pragmaticexternal:BlackjackLatino14,Blackjack Latino 14,NOT_IN_CATALOGUE
Pragmatic Play,pragmaticexternal,pragmaticexternal:BlackjackLatino15,Blackjack Latino 15,NOT_IN_CATALOGUE
Pragmatic Play,pragmaticexternal,pragmaticexternal:BlackjackLatino16,Blackjack Latino 16,NOT_IN_CATALOGUE
Pragmatic Play,pragmaticexternal,pragmaticexternal:BlackjackLatino17,Blackjack Latino 17,NOT_IN_CATALOGUE
Pragmatic Play,pragmaticexternal,pragmaticexternal:BlackjackLatino18,Blackjack Latino 18,NOT_IN_CATALOGUE
Pragmatic Play,pragmaticexternal,pragmaticexternal:BlackjackLatino19,Blackjack Latino 19,NOT_IN_CATALOGUE
Pragmatic Play,pragmaticexternal,pragmaticexternal:BlackjackLatino20,Blackjack Latino 20,NOT_IN_CATALOGUE
Pragmatic Play,pragmaticexternal,pragmaticexternal:BlackjackLatino21,Blackjack Latino 21,NOT_IN_CATALOGUE
Pragmatic Play,pragmaticexternal,pragmaticexternal:BlackjackLobby,Blackjack Lobby,READY
Pragmatic Play,pragmaticexternal,pragmaticexternal:BlackjackX1Azure,BlackjackX 1,READY
Pragmatic Play,pragmaticexternal,pragmaticexternal:BlackjackX2Azure,BlackjackX 2,NOT_IN_CATALOGUE
Pragmatic Play,pragmaticexternal,pragmaticexternal:BlackjackX3Azure,BlackjackX 3,NOT_IN_CATALOGUE
Pragmatic Play,pragmaticexternal,pragmaticexternal:BlackjackX4Ruby,BlackjackX 4,NOT_IN_CATALOGUE
Pragmatic Play,pragmaticexternal,pragmaticexternal:BlackjackX5Ruby,BlackjackX 5,NOT_IN_CATALOGUE
Pragmatic Play,pragmaticexternal,pragmaticexternal:BlackjackX6Azure,BlackjackX 6,NOT_IN_CATALOGUE
Pragmatic Play,pragmaticexternal,pragmaticexternal:BlackjackX7Azure,BlackjackX 7,NOT_IN_CATALOGUE
Pragmatic Play,pragmaticexternal,pragmaticexternal:BlackjackX8Ruby,BlackjackX 8,NOT_IN_CATALOGUE
Pragmatic Play,pragmaticexternal,pragmaticexternal:BlackjackX9Ruby,BlackjackX 9,NOT_IN_CATALOGUE
Pragmatic Play,pragmaticexternal,pragmaticexternal:BlackjackX10Ruby,BlackjackX 10,NOT_IN_CATALOGUE
Pragmatic Play,pragmaticexternal,pragmaticexternal:BlackjackX11Emerald,BlackjackX 11,NOT_IN_CATALOGUE
Pragmatic Play,pragmaticexternal,pragmaticexternal:BlackjackX12Emerald,BlackjackX 12,NOT_IN_CATALOGUE
Pragmatic Play,pragmaticexternal,pragmaticexternal:BlackjackX13Emerald,BlackjackX 13,NOT_IN_CATALOGUE
Pragmatic Play,pragmaticexternal,pragmaticexternal:BlackjackX14Ruby,BlackjackX 14,NOT_IN_CATALOGUE
Pragmatic Play,pragmaticexternal,pragmaticexternal:BlackjackX15Ruby,BlackjackX 15,NOT_IN_CATALOGUE
Pragmatic Play,pragmaticexternal,pragmaticexternal:BlackjackX16Azure,BlackjackX 16,NOT_IN_CATALOGUE
Pragmatic Play,pragmaticexternal,pragmaticexternal:BlackjackX17Azure,BlackjackX 17,NOT_IN_CATALOGUE
Pragmatic Play,pragmaticexternal,pragmaticexternal:BlackjackX18Azure,BlackjackX 18,NOT_IN_CATALOGUE
Pragmatic Play,pragmaticexternal,pragmaticexternal:BlackjackX19Ruby,BlackjackX 19,NOT_IN_CATALOGUE
Pragmatic Play,pragmaticexternal,pragmaticexternal:BlackjackX20Ruby,BlackjackX 20,NOT_IN_CATALOGUE
Pragmatic Play,pragmaticexternal,pragmaticexternal:BlackjackX21Ruby,BlackjackX 21,NOT_IN_CATALOGUE
Pragmatic Play,pragmaticexternal,pragmaticexternal:BlackjackX22Emerald,BlackjackX 22,NOT_IN_CATALOGUE
Pragmatic Play,pragmaticexternal,pragmaticexternal:BlackjackX23Emerald,BlackjackX 23,NOT_IN_CATALOGUE
Pragmatic Play,pragmaticexternal,pragmaticexternal:BlackjackX24Azure,BlackjackX 24,NOT_IN_CATALOGUE
Pragmatic Play,pragmaticexternal,pragmaticexternal:BlackjackX25Azure,BlackjackX 25,NOT_IN_CATALOGUE
Pragmatic Play,pragmaticexternal,pragmaticexternal:BlackjackX26Emerald,BlackjackX 26,NOT_IN_CATALOGUE
Pragmatic Play,pragmaticexternal,pragmaticexternal:BlackjackX27Emerald,BlackjackX 27,NOT_IN_CATALOGUE
Pragmatic Play,pragmaticexternal,pragmaticexternal:BlackjackX28Emerald,BlackjackX 28,NOT_IN_CATALOGUE
Pragmatic Play,pragmaticexternal,pragmaticexternal:BlackjackX29Emerald,BlackjackX 29,NOT_IN_CATALOGUE
Pragmatic Play,pragmaticexternal,pragmaticexternal:BlackjackX30Emerald,BlackjackX 30,NOT_IN_CATALOGUE
Pragmatic Play,pragmaticexternal,pragmaticexternal:BlackjackX31,BlackjackX 31,NOT_IN_CATALOGUE
Pragmatic Play,pragmaticexternal,pragmaticexternal:BlackjackX32,BlackjackX 32,NOT_IN_CATALOGUE
Pragmatic Play,pragmaticexternal,pragmaticexternal:BlackjackX33,BlackjackX 33,NOT_IN_CATALOGUE
Pragmatic Play,pragmaticexternal,pragmaticexternal:BlackjackX34,BlackjackX 34,NOT_IN_CATALOGUE
Pragmatic Play,pragmaticexternal,pragmaticexternal:BlackjackX35,BlackjackX 35,NOT_IN_CATALOGUE
Pragmatic Play,pragmaticexternal,pragmaticexternal:BlackjackX36,BlackjackX 36,NOT_IN_CATALOGUE
Pragmatic Play,pragmaticexternal,pragmaticexternal:BlackjackX37,BlackjackX 37,NOT_IN_CATALOGUE
Pragmatic Play,pragmaticexternal,pragmaticexternal:BlackjackX38,BlackjackX 38,NOT_IN_CATALOGUE
Pragmatic Play,pragmaticexternal,pragmaticexternal:BlackjackX39,BlackjackX 39,NOT_IN_CATALOGUE
Pragmatic Play,pragmaticexternal,pragmaticexternal:BlackjackX40,BlackjackX 40,NOT_IN_CATALOGUE
Pragmatic Play,pragmaticexternal,pragmaticexternal:BlackjackX41,BlackjackX 41,NOT_IN_CATALOGUE
Pragmatic Play,pragmaticexternal,pragmaticexternal:BlackjackX42,BlackjackX 42,NOT_IN_CATALOGUE
Pragmatic Play,pragmaticexternal,pragmaticexternal:BlackjackX43,BlackjackX 43,NOT_IN_CATALOGUE
Pragmatic Play,pragmaticexternal,pragmaticexternal:BlackjackX44,BlackjackX 44,NOT_IN_CATALOGUE
Pragmatic Play,pragmaticexternal,pragmaticexternal:BlackjackX45,BlackjackX 45,NOT_IN_CATALOGUE
Pragmatic Play,pragmaticexternal,pragmaticexternal:BlackjackX46,BlackjackX 46,NOT_IN_CATALOGUE
Pragmatic Play,pragmaticexternal,pragmaticexternal:BlackjackX47,BlackjackX 47,NOT_IN_CATALOGUE
Pragmatic Play,pragmaticexternal,pragmaticexternal:BlackjackX48,BlackjackX 48,NOT_IN_CATALOGUE
Pragmatic Play,pragmaticexternal,pragmaticexternal:BlackjackXLatino1,BlackjackX Latino 1,NOT_IN_CATALOGUE
Pragmatic Play,pragmaticexternal,pragmaticexternal:BlackjackXLatino2,BlackjackX Latino 2,NOT_IN_CATALOGUE
Pragmatic Play,pragmaticexternal,pragmaticexternal:BlackjackXLatino3,BlackjackX Latino 3,NOT_IN_CATALOGUE
Pragmatic Play,pragmaticexternal,pragmaticexternal:BlackjackXLatino4,BlackjackX Latino 4,NOT_IN_CATALOGUE
Pragmatic Play,pragmaticexternal,pragmaticexternal:BlackjackXLatino5,BlackjackX Latino 5,NOT_IN_CATALOGUE
Pragmatic Play,pragmaticexternal,pragmaticexternal:BladeAndFangs,Blade & Fangs,READY
Pragmatic Play,pragmaticexternal,pragmaticexternal:BlazingWildsMegaways,Blazing Wilds Megaways,READY
Pragmatic Play,pragmaticexternal,pragmaticexternal:BlitzSuperWheel,Blitz Super Wheel,READY
Pragmatic Play,pragmaticexternal,pragmaticexternal:BloodyDawn,Bloody Dawn,READY
Pragmatic Play,pragmaticexternal,pragmaticexternal:BombBonanza,Bomb Bonanza,READY
Pragmatic Play,pragmaticexternal,pragmaticexternal:BonanzaGold,Bonanza Gold,READY
Pragmatic Play,pragmaticexternal,pragmaticexternal:BookofGoldenSands,Book of Golden Sands,READY
Pragmatic Play,pragmaticexternal,pragmaticexternal:BookofKingdoms1,Book of Kingdoms,READY
Pragmatic Play,pragmaticexternal,pragmaticexternal:BookofMonsters,Book of Monsters,READY
Pragmatic Play,pragmaticexternal,pragmaticexternal:BookofFallen,Book of the Fallen,READY
Pragmatic Play,pragmaticexternal,pragmaticexternal:BookofTutMegaways,Book of Tut Megaways,READY
Pragmatic Play,pragmaticexternal,pragmaticexternal:BookofVikings,Book of Vikings,READY
Pragmatic Play,pragmaticexternal,pragmaticexternal:BountyGold,Bounty Gold,READY
Pragmatic Play,pragmaticexternal,pragmaticexternal:BountyHunter,Bounty Hunter,READY
Pragmatic Play,pragmaticexternal,pragmaticexternal:BowofArtemis,Bow of Artemis,READY
Pragmatic Play,pragmaticexternal,pragmaticexternal:BrazilianBaccarat1,Brazilian Baccarat 1,NOT_IN_CATALOGUE
Pragmatic Play,pragmaticexternal,pragmaticexternal:BrazilianBlackjack1,Brazilian Blackjack 1,NOT_IN_CATALOGUE
Pragmatic Play,pragmaticexternal,pragmaticexternal:BrazilianBlackjack2,Brazilian Blackjack 2,NOT_IN_CATALOGUE
Pragmatic Play,pragmaticexternal,pragmaticexternal:BrazilianVIPBlackjack1,Brazilian Blackjack 3,NOT_IN_CATALOGUE
Pragmatic Play,pragmaticexternal,pragmaticexternal:BrazilianBlackjack5,Brazilian Blackjack 5,NOT_IN_CATALOGUE
Pragmatic Play,pragmaticexternal,pragmaticexternal:BrazilianBlackjack6,Brazilian Blackjack 6,NOT_IN_CATALOGUE
Pragmatic Play,pragmaticexternal,pragmaticexternal:BrazilianBlackjack7,Brazilian Blackjack 7,NOT_IN_CATALOGUE
Pragmatic Play,pragmaticexternal,pragmaticexternal:BrazilianBlackjack9,Brazilian Blackjack 9,NOT_IN_CATALOGUE
Pragmatic Play,pragmaticexternal,pragmaticexternal:BrazilianBlackjack10,Brazilian Blackjack 10,NOT_IN_CATALOGUE
Pragmatic Play,pragmaticexternal,pragmaticexternal:BrazilianBlackjack11,Brazilian Blackjack 11,NOT_IN_CATALOGUE
Pragmatic Play,pragmaticexternal,pragmaticexternal:BrazilianBlackjack12,Brazilian Blackjack 12,NOT_IN_CATALOGUE
Pragmatic Play,pragmaticexternal,pragmaticexternal:BrazilianBlackjack14,Brazilian Blackjack 14,NOT_IN_CATALOGUE
Pragmatic Play,pragmaticexternal,pragmaticexternal:BrazilianBlackjackX1,Brazilian BlackjackX 1,NOT_IN_CATALOGUE
Pragmatic Play,pragmaticexternal,pragmaticexternal:BrazilianBlackjackX2,Brazilian BlackjackX 2,NOT_IN_CATALOGUE
Pragmatic Play,pragmaticexternal,pragmaticexternal:BrazilianBlackjackX3,Brazilian BlackjackX 3,NOT_IN_CATALOGUE
Pragmatic Play,pragmaticexternal,pragmaticexternal:BrazilianBlackjackX4,Brazilian BlackjackX 4,NOT_IN_CATALOGUE
Pragmatic Play,pragmaticexternal,pragmaticexternal:BrazilianBlackjackX5,Brazilian BlackjackX 5,NOT_IN_CATALOGUE
Pragmatic Play,pragmaticexternal,pragmaticexternal:BrazilianFreeBetBlackjack1,Brazilian Free Bet Blackjack 1,NOT_IN_CATALOGUE
Pragmatic Play,pragmaticexternal,pragmaticexternal:BrazilianFreeBetBlackjack2,Brazilian Free Bet Blackjack 2,NOT_IN_CATALOGUE
Pragmatic Play,pragmaticexternal,pragmaticexternal:BrazilianBlackjack13,Brazilian Free Bet Blackjack 3,NOT_IN_CATALOGUE
Pragmatic Play,pragmaticexternal,pragmaticexternal:BrazilianONEBlackjack,Brazilian ONE Blackjack,NOT_IN_CATALOGUE
Pragmatic Play,pragmaticexternal,pragmaticexternal:BrazilianRoulette,Brazilian Roulette,NOT_IN_CATALOGUE
Pragmatic Play,pragmaticexternal,pragmaticexternal:BrazilianSpeedBaccarat1,Brazilian Speed Baccarat 1,NOT_IN_CATALOGUE
Pragmatic Play,pragmaticexternal,pragmaticexternal:BrazilianSpeedBaccarat2,Brazilian Speed Baccarat 2,NOT_IN_CATALOGUE
Pragmatic Play,pragmaticexternal,pragmaticexternal:BrazilianSpeedBaccarat3,Brazilian Speed Baccarat 3,NOT_IN_CATALOGUE
Pragmatic Play,pragmaticexternal,pragmaticexternal:BrazilianSpeedBaccarat4,Brazilian Speed Baccarat 4,NOT_IN_CATALOGUE
Pragmatic Play,pragmaticexternal,pragmaticexternal:BrazilianBlackjack4,Brazilian Speed Blackjack 1,NOT_IN_CATALOGUE
Pragmatic Play,pragmaticexternal,pragmaticexternal:BrazilianBlackjack8,Brazilian Speed Blackjack 2,NOT_IN_CATALOGUE
Pragmatic Play,pragmaticexternal,pragmaticexternal:BrazilianBlackjack15,Brazilian Speed Blackjack 3,NOT_IN_CATALOGUE
Pragmatic Play,pragmaticexternal,pragmaticexternal:BrazilianTurboBaccarat1,Brazilian Turbo Baccarat 1,NOT_IN_CATALOGUE
Pragmatic Play,pragmaticexternal,pragmaticexternal:BrazilianVIPBlackjack,Brazilian VIP Blackjack 1,NOT_IN_CATALOGUE
Pragmatic Play,pragmaticexternal,pragmaticexternal:BrazilianVIPBlackjack2,Brazilian VIP Blackjack 2,NOT_IN_CATALOGUE
Pragmatic Play,pragmaticexternal,pragmaticexternal:BrickHouseBonanza,Brick House Bonanza,READY
Pragmatic Play,pragmaticexternal,pragmaticexternal:BubbleUp,Bubble Up!,NOT_IN_CATALOGUE
Pragmatic Play,pragmaticexternal,pragmaticexternal:BuffaloKing,Buffalo King,READY
Pragmatic Play,pragmaticexternal,pragmaticexternal:BuffaloKingMegaways1,Buffalo King Megaways,READY
Pragmatic Play,pragmaticexternal,pragmaticexternal:BuffaloKingUntamedMegaways,Buffalo King Untamed Megaways,READY
Pragmatic Play,pragmaticexternal,pragmaticexternal:CaishensCash,Caishen's Cash,READY
Pragmatic Play,pragmaticexternal,pragmaticexternal:CaishensCashPots,Caishen's Cash Pots,READY
Pragmatic Play,pragmaticexternal,pragmaticexternal:CaishensGold,Caishen's Gold,READY
Pragmatic Play,pragmaticexternal,pragmaticexternal:CandyBlitz,Candy Blitz,READY
Pragmatic Play,pragmaticexternal,pragmaticexternal:CandyBlitzBombs,Candy Blitz Bombs,READY
Pragmatic Play,pragmaticexternal,pragmaticexternal:CandyCorner,Candy Corner,READY
Pragmatic Play,pragmaticexternal,pragmaticexternal:CandyJarClusters,Candy Jar Clusters,READY
Pragmatic Play,pragmaticexternal,pragmaticexternal:CandyRush,Candy Rush,NOT_IN_CATALOGUE
Pragmatic Play,pragmaticexternal,pragmaticexternal:CandyStars,Candy Stars,READY
Pragmatic Play,pragmaticexternal,pragmaticexternal:CantoneseSpeedBaccarat,Cantonese Speed Baccarat,NOT_IN_CATALOGUE
Pragmatic Play,pragmaticexternal,pragmaticexternal:CaptainKrakenMegaways,Captain Kraken Megaways,READY
Pragmatic Play,pragmaticexternal,pragmaticexternal:CashBonanza,Cash Bonanza,READY
Pragmatic Play,pragmaticexternal,pragmaticexternal:CashBox,Cash Box,READY
Pragmatic Play,pragmaticexternal,pragmaticexternal:CashChips,Cash Chips,READY
Pragmatic Play,pragmaticexternal,pragmaticexternal:CashElevator1,Cash Elevator,READY
Pragmatic Play,pragmaticexternal,pragmaticexternal:CashPatrol,Cash Patrol,READY
Pragmatic Play,pragmaticexternal,pragmaticexternal:CashSurge,Cash Surge,READY
Pragmatic Play,pragmaticexternal,pragmaticexternal:CasinoHoldem,Casino Hold'em,READY
Pragmatic Play,pragmaticexternal,pragmaticexternal:CastleofFire,Castle of Fire,READY
Pragmatic Play,pragmaticexternal,pragmaticexternal:ChaseforGlory,Chase for Glory,READY
Pragmatic Play,pragmaticexternal,pragmaticexternal:CheetahWild,Cheetah Wild,NOT_IN_CATALOGUE
Pragmatic Play,pragmaticexternal,pragmaticexternal:ChestsofCaiShen,Chests of Cai Shen,READY
Pragmatic Play,pragmaticexternal,pragmaticexternal:ChestsofCaiShen2,Chests of Cai Shen 2,READY
Pragmatic Play,pragmaticexternal,pragmaticexternal:ChickenChase,Chicken Chase,READY
Pragmatic Play,pragmaticexternal,pragmaticexternal:ChickenDrop,Chicken Drop,READY
Pragmatic Play,pragmaticexternal,pragmaticexternal:Chicken,Chicken+,READY
Pragmatic Play,pragmaticexternal,pragmaticexternal:ChilliHeat,Chilli Heat,READY
Pragmatic Play,pragmaticexternal,pragmaticexternal:ChilliHeatMegaways,Chilli Heat Megaways,READY
Pragmatic Play,pragmaticexternal,pragmaticexternal:ChilliHeatSpicySpins,Chilli Heat Spicy Spins,READY
Pragmatic Play,pragmaticexternal,pragmaticexternal:ChineseSpeedBaccarat1,Chinese Speed Baccarat 1,NOT_IN_CATALOGUE
Pragmatic Play,pragmaticexternal,pragmaticexternal:ChineseSpeedBaccarat2,Chinese Speed Baccarat 2,NOT_IN_CATALOGUE
Pragmatic Play,pragmaticexternal,pragmaticexternal:ChineseSpeedBaccarat3,Chinese Speed Baccarat 3,NOT_IN_CATALOGUE
Pragmatic Play,pragmaticexternal,pragmaticexternal:ChristmasBassBananza,Christmas Big Bass Bonanza,READY
Pragmatic Play,pragmaticexternal,pragmaticexternal:ChristmasCarolMegaways1,Christmas Carol Megaways,READY
Pragmatic Play,pragmaticexternal,pragmaticexternal:Cleocatra,Cleocatra,READY
Pragmatic Play,pragmaticexternal,pragmaticexternal:CloverGold,Clover Gold,READY
Pragmatic Play,pragmaticexternal,pragmaticexternal:ClubTropicana,Club Tropicana,READY
Pragmatic Play,pragmaticexternal,pragmaticexternal:ClubTropicanaHappyHour,Club Tropicana - Happy Hour,READY
Pragmatic Play,pragmaticexternal,pragmaticexternal:CodeofCairo,Code of Cairo,READY
Pragmatic Play,pragmaticexternal,pragmaticexternal:ColorGameBonanza,Color Game Bonanza,NOT_IN_CATALOGUE
Pragmatic Play,pragmaticexternal,pragmaticexternal:ColossalCashZone,Colossal Cash Zone,READY
Pragmatic Play,pragmaticexternal,pragmaticexternal:CongoCash1,Congo Cash,READY
Pragmatic Play,pragmaticexternal,pragmaticexternal:CongoCashXL,Congo Cash XL,READY
Pragmatic Play,pragmaticexternal,pragmaticexternal:CosmicCash,Cosmic Cash,READY
Pragmatic Play,pragmaticexternal,pragmaticexternal:CosmicClusters,Cosmic Clusters!,NOT_IN_CATALOGUE
Pragmatic Play,pragmaticexternal,pragmaticexternal:CountryFarming,Country Farming,READY
Pragmatic Play,pragmaticexternal,pragmaticexternal:CovenRising,Coven Rising,NOT_IN_CATALOGUE
Pragmatic Play,pragmaticexternal,pragmaticexternal:CowboyCoins,Cowboy Coins,READY
Pragmatic Play,pragmaticexternal,pragmaticexternal:Cowboysgold1,Cowboys Gold,READY
Pragmatic Play,pragmaticexternal,pragmaticexternal:CrankItUp,Crank It Up,READY
Pragmatic Play,pragmaticexternal,pragmaticexternal:CrownofFire,Crown of Fire,READY
Pragmatic Play,pragmaticexternal,pragmaticexternal:CrownofFireJackpotPlay,Crown of Fire Jackpot Play,READY
Pragmatic Play,pragmaticexternal,pragmaticexternal:CryptoGenesys,Crypto Genesys,READY
Pragmatic Play,pragmaticexternal,pragmaticexternal:CrystalCavernsMegaways,Crystal Caverns Megaways,READY
Pragmatic Play,pragmaticexternal,pragmaticexternal:CrystalRoulette,Crystal Roulette,READY
Pragmatic Play,pragmaticexternal,pragmaticexternal:CULT,CULT.,READY
Pragmatic Play,pragmaticexternal,pragmaticexternal:CurseoftheWerewolfMegaways,Curse of the Werewolf Megaways,READY
Pragmatic Play,pragmaticexternal,pragmaticexternal:CyberHeist,Cyber Heist,READY
Pragmatic Play,pragmaticexternal,pragmaticexternal:CyberheistCity,Cyberheist City,READY
Pragmatic Play,pragmaticexternal,pragmaticexternal:CyclopsSmash,Cyclops Smash,READY
Pragmatic Play,pragmaticexternal,pragmaticexternal:DaVincisTreasure,Da Vinci's Treasure,READY
Pragmatic Play,pragmaticexternal,pragmaticexternal:DanceParty,Dance Party,READY
Pragmatic Play,pragmaticexternal,pragmaticexternal:DayofDead,Day of Dead,READY
Pragmatic Play,pragmaticexternal,pragmaticexternal:DeathDominion,Death Dominion,NOT_IN_CATALOGUE
Pragmatic Play,pragmaticexternal,pragmaticexternal:DeepSeaFrenzy,Deep Sea Frenzy,NOT_IN_CATALOGUE
Pragmatic Play,pragmaticexternal,pragmaticexternal:DemonPots,Demon Pots,READY
Pragmatic Play,pragmaticexternal,pragmaticexternal:Devilicious,Devilicious,READY
Pragmatic Play,pragmaticexternal,pragmaticexternal:DiamondCascade,Diamond Cascade,READY
Pragmatic Play,pragmaticexternal,pragmaticexternal:DiamondStrike,Diamond Strike,READY
Pragmatic Play,pragmaticexternal,pragmaticexternal:DiamondStrike100000,Diamond Strike 100 000,READY
Pragmatic Play,pragmaticexternal,pragmaticexternal:DiamondsareForever3Lines,Diamonds are Forever 3 Lines,READY
Pragmatic Play,pragmaticexternal,pragmaticexternal:DiamondsOfEgypt,Diamonds Of Egypt,READY
Pragmatic Play,pragmaticexternal,pragmaticexternal:DiceCity,Dice City,READY
Pragmatic Play,pragmaticexternal,pragmaticexternal:DingDongChristmasBells,Ding Dong Christmas Bells,READY
Pragmatic Play,pragmaticexternal,pragmaticexternal:DinoDrop,Dino Drop,READY
Pragmatic Play,pragmaticexternal,pragmaticexternal:DJNeko,DJ Neko,READY
Pragmatic Play,pragmaticexternal,pragmaticexternal:DowntheRails,Down the Rails,READY
Pragmatic Play,pragmaticexternal,pragmaticexternal:DragoJewelsofFortune,Drago - Jewels of Fortune,READY
Pragmatic Play,pragmaticexternal,pragmaticexternal:DragonGold88,Dragon Gold 88,READY
Pragmatic Play,pragmaticexternal,pragmaticexternal:DragonHero,Dragon Hero,READY
Pragmatic Play,pragmaticexternal,pragmaticexternal:DragonHotHoldandSpin1,Dragon Hot Hold and Spin,READY
Pragmatic Play,pragmaticexternal,pragmaticexternal:DragonKingHotPots,Dragon King Hot Pots,READY
Pragmatic Play,pragmaticexternal,pragmaticexternal:DragonKingdom,Dragon Kingdom,READY
Pragmatic Play,pragmaticexternal,pragmaticexternal:DragonKingdomEyesOfFire1,Dragon Kingdom - Eyes of Fire,READY
Pragmatic Play,pragmaticexternal,pragmaticexternal:DragonPotsMegaways,Dragon Pots Megaways,READY
Pragmatic Play,pragmaticexternal,pragmaticexternal:DragonTiger1,Dragon Tiger,OTHER_PROVIDER
Pragmatic Play,pragmaticexternal,pragmaticexternal:DragonTigerLive,Dragon Tiger,OTHER_PROVIDER
Pragmatic Play,pragmaticexternal,pragmaticexternal:DragonTigerFortunes,Dragon Tiger Fortunes,READY
Pragmatic Play,pragmaticexternal,pragmaticexternal:DragonsgateBonusChoice,Dragon's gate - Bonus Choice,READY
Pragmatic Play,pragmaticexternal,pragmaticexternal:DrillThatGold,Drill That Gold,READY
Pragmatic Play,pragmaticexternal,pragmaticexternal:DropsandWinsLobby,Drops and Wins Lobby,NOT_IN_CATALOGUE
Pragmatic Play,pragmaticexternal,pragmaticexternal:DuelofNightAndDay,Duel of Night & Day,READY
Pragmatic Play,pragmaticexternal,pragmaticexternal:DutchBlackjack3,Dutch Blackjack 3,NOT_IN_CATALOGUE
Pragmatic Play,pragmaticexternal,pragmaticexternal:DutchBlackjackX1,Dutch BlackjackX 1,NOT_IN_CATALOGUE
Pragmatic Play,pragmaticexternal,pragmaticexternal:DutchBlackjackX2,Dutch BlackjackX 2,NOT_IN_CATALOGUE
Pragmatic Play,pragmaticexternal,pragmaticexternal:DutchBlackjackX3,Dutch BlackjackX 3,NOT_IN_CATALOGUE
Pragmatic Play,pragmaticexternal,pragmaticexternal:DutchBlackjackX4,Dutch BlackjackX 4,NOT_IN_CATALOGUE
Pragmatic Play,pragmaticexternal,pragmaticexternal:DutchBlackjackX5,Dutch BlackjackX 5,NOT_IN_CATALOGUE
Pragmatic Play,pragmaticexternal,pragmaticexternal:DwarfDragon,Dwarf & Dragon,READY
Pragmatic Play,pragmaticexternal,pragmaticexternal:DwarvenGoldDeluxe,Dwarven Gold Deluxe,READY
Pragmatic Play,pragmaticexternal,pragmaticexternal:DynamiteDigginDoug,Dynamite Diggin Doug,READY
Pragmatic Play,pragmaticexternal,pragmaticexternal:EasternFury,Eastern Fury,NOT_IN_CATALOGUE
Pragmatic Play,pragmaticexternal,pragmaticexternal:EggRushJackpotPlay,Egg Rush Jackpot Play,READY
Pragmatic Play,pragmaticexternal,pragmaticexternal:EgyptianFortunes,Egyptian Fortunes,READY
Pragmatic Play,pragmaticexternal,pragmaticexternal:ElementalGemsMegaways,Elemental Gems Megaways,READY
Pragmatic Play,pragmaticexternal,pragmaticexternal:EmeraldBlackjack,Emerald Blackjack,NOT_IN_CATALOGUE
Pragmatic Play,pragmaticexternal,pragmaticexternal:EmeraldBlackjack2,Emerald Blackjack 2,NOT_IN_CATALOGUE
Pragmatic Play,pragmaticexternal,pragmaticexternal:EmeraldKing,Emerald King,READY
Pragmatic Play,pragmaticexternal,pragmaticexternal:EmeraldKingWheelofWealth,Emerald King - Wheel of Wealth,READY
Pragmatic Play,pragmaticexternal,pragmaticexternal:EmeraldKingRainbowRoad,Emerald King Rainbow Road,READY
Pragmatic Play,pragmaticexternal,pragmaticexternal:Emotiwins,Emotiwins,READY
Pragmatic Play,pragmaticexternal,pragmaticexternal:EmptytheBank1,Empty the Bank,READY
Pragmatic Play,pragmaticexternal,pragmaticexternal:EscapeThePyramidFireAndIce,Escape the Pyramid - Fire & Ice,READY
Pragmatic Play,pragmaticexternal,pragmaticexternal:EternalDiamonds,Eternal Diamonds,NOT_IN_CATALOGUE
Pragmatic Play,pragmaticexternal,pragmaticexternal:EternalEmpressFreezeTime,Eternal Empress - Freeze Time,READY
Pragmatic Play,pragmaticexternal,pragmaticexternal:ExcaliburUnleashed,Excalibur Unleashed,READY
Pragmatic Play,pragmaticexternal,pragmaticexternal:ExtraJuicy,Extra Juicy,READY
Pragmatic Play,pragmaticexternal,pragmaticexternal:ExtraJuicyMegaways,Extra Juicy Megaways,READY
Pragmatic Play,pragmaticexternal,pragmaticexternal:EyeofCleopatra,Eye of Cleopatra,READY
Pragmatic Play,pragmaticexternal,pragmaticexternal:EyeofSpartacus,Eye of Spartacus,READY
Pragmatic Play,pragmaticexternal,pragmaticexternal:EyeOfTheStorm1,Eye of the Storm,READY
Pragmatic Play,pragmaticexternal,pragmaticexternal:FairytaleFortune,Fairytale Fortune,READY
Pragmatic Play,pragmaticexternal,pragmaticexternal:FangtasticFreespins,Fangtastic Freespins,READY
Pragmatic Play,pragmaticexternal,pragmaticexternal:FatPanda,Fat Panda,READY
Pragmatic Play,pragmaticexternal,pragmaticexternal:FiestaFortune,Fiesta Fortune,READY
Pragmatic Play,pragmaticexternal,pragmaticexternal:FingerLicknFreeSpins,Finger Lick'n Free Spins,READY
Pragmatic Play,pragmaticexternal,pragmaticexternal:Fire88,Fire 88,READY
Pragmatic Play,pragmaticexternal,pragmaticexternal:FireArcher,Fire Archer,READY
Pragmatic Play,pragmaticexternal,pragmaticexternal:FireHot5,Fire Hot 5,READY
Pragmatic Play,pragmaticexternal,pragmaticexternal:FireHot5JackpotPlay,Fire Hot 5 Jackpot Play,READY
Pragmatic Play,pragmaticexternal,pragmaticexternal:FireHot20,Fire Hot 20,READY
Pragmatic Play,pragmaticexternal,pragmaticexternal:FireHot20JackpotPlay,Fire Hot 20 Jackpot Play,READY
Pragmatic Play,pragmaticexternal,pragmaticexternal:FireHot40,Fire Hot 40,READY
Pragmatic Play,pragmaticexternal,pragmaticexternal:FireHot40JackpotPlay,Fire Hot 40 Jackpot Play,READY
Pragmatic Play,pragmaticexternal,pragmaticexternal:FireHot100,Fire Hot 100,READY
Pragmatic Play,pragmaticexternal,pragmaticexternal:FireHot100JackpotPlay,Fire Hot 100 Jackpot Play,READY
Pragmatic Play,pragmaticexternal,pragmaticexternal:FirePortals,Fire Portals,READY
Pragmatic Play,pragmaticexternal,pragmaticexternal:FireStampede,Fire Stampede,READY
Pragmatic Play,pragmaticexternal,pragmaticexternal:FireStampede2,Fire Stampede 2,READY
Pragmatic Play,pragmaticexternal,pragmaticexternal:FireStampedeUltimate,Fire Stampede Ultimate,READY
Pragmatic Play,pragmaticexternal,pragmaticexternal:FireStrike,Fire Strike,READY
Pragmatic Play,pragmaticexternal,pragmaticexternal:FireStrike2,Fire Strike 2,READY
Pragmatic Play,pragmaticexternal,pragmaticexternal:FirebirdSpirit,Firebird Spirit,READY
Pragmatic Play,pragmaticexternal,pragmaticexternal:FishEye,Fish Eye,READY
Pragmatic Play,pragmaticexternal,pragmaticexternal:FishinReels,Fishin' Reels,READY
Pragmatic Play,pragmaticexternal,pragmaticexternal:FloatingDragonDragonBoatFestival,Floating Dragon - Dragon Boat Festival,READY
Pragmatic Play,pragmaticexternal,pragmaticexternal:FloatingDragonYearoftheSnake,Floating Dragon – Year of the Snake,READY
Pragmatic Play,pragmaticexternal,pragmaticexternal:FloatingDragon1,Floating Dragon Hold&Spin,NOT_IN_CATALOGUE
Pragmatic Play,pragmaticexternal,pragmaticexternal:FloatingDragonMegaways,Floating Dragon Megaways,READY
Pragmatic Play,pragmaticexternal,pragmaticexternal:FloatingDragonNewYearFestivalUltraMegawaysHoldSpin,Floating Dragon New Year Festival Ultra Megaways Hold & Spin,NOT_IN_CATALOGUE
Pragmatic Play,pragmaticexternal,pragmaticexternal:FloatingDragonWildHorses,Floating Dragon Wild Horses,READY
Pragmatic Play,pragmaticexternal,pragmaticexternal:FonzosFelineFortunes,Fonzo's Feline Fortunes,READY
Pragmatic Play,pragmaticexternal,pragmaticexternal:SuperTrunfo,Football Blitz Top Card,NOT_IN_CATALOGUE
Pragmatic Play,pragmaticexternal,pragmaticexternal:FootballBlitzTopCardLatino,Football Blitz Top Card Latino,NOT_IN_CATALOGUE
Pragmatic Play,pragmaticexternal,pragmaticexternal:ForeverSplitMegaways,Forever Split Megaways,NOT_IN_CATALOGUE
Pragmatic Play,pragmaticexternal,pragmaticexternal:ForgeofOlympus,Forge of Olympus,READY
Pragmatic Play,pragmaticexternal,pragmaticexternal:ForgingWilds,Forging Wilds,READY
Pragmatic Play,pragmaticexternal,pragmaticexternal:Fortune6Baccarat,Fortune 6 Baccarat,READY
Pragmatic Play,pragmaticexternal,pragmaticexternal:FortuneHitnRoll,Fortune Hit'n Roll,READY
Pragmatic Play,pragmaticexternal,pragmaticexternal:FortuneofAztec,Fortune of Aztec,READY
Pragmatic Play,pragmaticexternal,pragmaticexternal:FortuneofGiza,Fortune of Giza,READY
Pragmatic Play,pragmaticexternal,pragmaticexternal:FortuneofOlympus,Fortune of Olympus,READY
Pragmatic Play,pragmaticexternal,pragmaticexternal:FortuneRoulette,Fortune Roulette,READY
Pragmatic Play,pragmaticexternal,pragmaticexternal:FortunesofAztec,Fortunes of Aztec,READY
Pragmatic Play,pragmaticexternal,pragmaticexternal:FreeBetBlackjack1,Free Bet Blackjack 1,READY
Pragmatic Play,pragmaticexternal,pragmaticexternal:FreeBetBlackjack2,Free Bet Blackjack 2,READY
Pragmatic Play,pragmaticexternal,pragmaticexternal:FreeBetBlackjack3,Free Bet Blackjack 3,NOT_IN_CATALOGUE
Pragmatic Play,pragmaticexternal,pragmaticexternal:FreeBetBlackjack4,Free Bet Blackjack 4,NOT_IN_CATALOGUE
Pragmatic Play,pragmaticexternal,pragmaticexternal:FreeBetBlackjack5,Free Bet Blackjack 5,NOT_IN_CATALOGUE
Pragmatic Play,pragmaticexternal,pragmaticexternal:FreeBetBlackjack6,Free Bet Blackjack 6,NOT_IN_CATALOGUE
Pragmatic Play,pragmaticexternal,pragmaticexternal:FreeBetBlackjack7,Free Bet Blackjack 7,NOT_IN_CATALOGUE
Pragmatic Play,pragmaticexternal,pragmaticexternal:FreeBetBlackjack8,Free Bet Blackjack 8,NOT_IN_CATALOGUE
Pragmatic Play,pragmaticexternal,pragmaticexternal:SpeedBlackjack18Ruby,Free Bet Blackjack 9,NOT_IN_CATALOGUE
Pragmatic Play,pragmaticexternal,pragmaticexternal:Blackjack66Ruby,Free Bet Blackjack 10,NOT_IN_CATALOGUE
Pragmatic Play,pragmaticexternal,pragmaticexternal:Blackjack73Ruby,Free Bet Blackjack 11,NOT_IN_CATALOGUE
Pragmatic Play,pragmaticexternal,pragmaticexternal:FreeBetBlackjackLatino1,Free Bet Blackjack Latino 1,NOT_IN_CATALOGUE
Pragmatic Play,pragmaticexternal,pragmaticexternal:FreeBetBlackjackLatino2,Free Bet Blackjack Latino 2,NOT_IN_CATALOGUE
Pragmatic Play,pragmaticexternal,pragmaticexternal:FreeBetBlackjackLatino3,Free Bet Blackjack Latino 3,NOT_IN_CATALOGUE
Pragmatic Play,pragmaticexternal,pragmaticexternal:FreeBetBlackjackLatino4,Free Bet Blackjack Latino 4,NOT_IN_CATALOGUE
Pragmatic Play,pragmaticexternal,pragmaticexternal:FreeBetBlackjackLatino5,Free Bet Blackjack Latino 5,NOT_IN_CATALOGUE
Pragmatic Play,pragmaticexternal,pragmaticexternal:FrenchRoulette,French Roulette La Partage,NOT_IN_CATALOGUE
Pragmatic Play,pragmaticexternal,pragmaticexternal:Freya1000,Freya 1000,NOT_IN_CATALOGUE
Pragmatic Play,pragmaticexternal,pragmaticexternal:FrighteningFrankie,Frightening Frankie,READY
Pragmatic Play,pragmaticexternal,pragmaticexternal:FrozenTropics,Frozen Tropics,READY
Pragmatic Play,pragmaticexternal,pragmaticexternal:FruitParty1,Fruit Party,READY
Pragmatic Play,pragmaticexternal,pragmaticexternal:FruitParty2,Fruit Party 2,READY
Pragmatic Play,pragmaticexternal,pragmaticexternal:FruitPartyDice,Fruit Party Dice,READY
Pragmatic Play,pragmaticexternal,pragmaticexternal:FruitRainbow,Fruit Rainbow,READY
Pragmatic Play,pragmaticexternal,pragmaticexternal:FruityTreats,Fruity Treats,READY
Pragmatic Play,pragmaticexternal,pragmaticexternal:FuryofAnubis,Fury of Anubis,READY
Pragmatic Play,pragmaticexternal,pragmaticexternal:FuryofOdinMegaways,Fury of Odin Megaways,READY
Pragmatic Play,pragmaticexternal,pragmaticexternal:GameShowLobby,Game Show Lobby,NOT_IN_CATALOGUE
Pragmatic Play,pragmaticexternal,pragmaticexternal:GameshowPartyJackpotPlay,Gameshow Party Jackpot Play,READY
Pragmatic Play,pragmaticexternal,pragmaticexternal:GatesofGatotKaca,Gates of Gatot Kaca,READY
Pragmatic Play,pragmaticexternal,pragmaticexternal:GatesofGatotKaca1000,Gates of Gatot Kaca 1000,READY
Pragmatic Play,pragmaticexternal,pragmaticexternal:GatesofHades,Gates of Hades,READY
Pragmatic Play,pragmaticexternal,pragmaticexternal:GatesOfOlympus1,Gates of Olympus,READY
Pragmatic Play,pragmaticexternal,pragmaticexternal:GatesofOlympus1000,Gates of Olympus 1000,READY
Pragmatic Play,pragmaticexternal,pragmaticexternal:GatesofOlympus1000Dice,Gates of Olympus 1000 Dice,READY
Pragmatic Play,pragmaticexternal,pragmaticexternal:GatesofOlympus2500,Gates of Olympus 2500,NOT_IN_CATALOGUE
Pragmatic Play,pragmaticexternal,pragmaticexternal:GatesofOlympusDice,Gates of Olympus Dice,READY
Pragmatic Play,pragmaticexternal,pragmaticexternal:GatesofOlympusPOP,Gates of Olympus POP,NOT_IN_CATALOGUE
Pragmatic Play,pragmaticexternal,pragmaticexternal:GatesofOlympusRoulette,Gates of Olympus Roulette,READY
Pragmatic Play,pragmaticexternal,pragmaticexternal:GatesofOlympusSuperScatter,Gates of Olympus Super Scatter,READY
Pragmatic Play,pragmaticexternal,pragmaticexternal:GatesofOlympusXmas1000,Gates of Olympus Xmas 1000,READY
Pragmatic Play,pragmaticexternal,pragmaticexternal:GatesofValhalla,Gates of Valhalla,READY
Pragmatic Play,pragmaticexternal,pragmaticexternal:GearsofHorus,Gears of Horus,READY
Pragmatic Play,pragmaticexternal,pragmaticexternal:GemElevator,Gem Elevator,READY
Pragmatic Play,pragmaticexternal,pragmaticexternal:GemFireFortune,Gem Fire Fortune,READY
Pragmatic Play,pragmaticexternal,pragmaticexternal:GemTrio,Gem Trio,READY
Pragmatic Play,pragmaticexternal,pragmaticexternal:GemsBonanza1,Gems Bonanza,READY
Pragmatic Play,pragmaticexternal,pragmaticexternal:GemsofSerengeti,Gems of Serengeti,READY
Pragmatic Play,pragmaticexternal,pragmaticexternal:GeniesGemBonanza,Genie's Gem Bonanza,READY
Pragmatic Play,pragmaticexternal,pragmaticexternal:RouletteGermany,German Roulette,NOT_IN_CATALOGUE
Pragmatic Play,pragmaticexternal,pragmaticexternal:GoblinHeistPowernudge,Goblin Heist Powernudge,READY
Pragmatic Play,pragmaticexternal,pragmaticexternal:GodsofGiza,Gods of Giza,READY
Pragmatic Play,pragmaticexternal,pragmaticexternal:GoldOasis,Gold Oasis,READY
Pragmatic Play,pragmaticexternal,pragmaticexternal:GoldParty,Gold Party,READY
Pragmatic Play,pragmaticexternal,pragmaticexternal:GoldParty2AfterHour,Gold Party 2 - After Hours,READY
Pragmatic Play,pragmaticexternal,pragmaticexternal:GoldRush,Gold Rush,READY
Pragmatic Play,pragmaticexternal,pragmaticexternal:GoldRush250000,Gold Rush 250 000,READY
Pragmatic Play,pragmaticexternal,pragmaticexternal:GoldTrain,Gold Train,READY
Pragmatic Play,pragmaticexternal,pragmaticexternal:GoldenRetriever,Golden Retriever,NOT_IN_CATALOGUE
Pragmatic Play,pragmaticexternal,pragmaticexternal:GoodLuckGoodFortune,Good Luck & Good Fortune,READY
Pragmatic Play,pragmaticexternal,pragmaticexternal:GorillaMayhem,Gorilla Mayhem,READY
Pragmatic Play,pragmaticexternal,pragmaticexternal:GravityBonanza,Gravity Bonanza,READY
Pragmatic Play,pragmaticexternal,pragmaticexternal:GreatGhosts,Great Ghosts!,READY
Pragmatic Play,pragmaticexternal,pragmaticexternal:GreatRhino,Great Rhino,READY
Pragmatic Play,pragmaticexternal,pragmaticexternal:GreatRhinoDeluxe,Great Rhino Deluxe,READY
Pragmatic Play,pragmaticexternal,pragmaticexternal:GreatRhinoMegaways,Great Rhino Megaways,READY
Pragmatic Play,pragmaticexternal,pragmaticexternal:GreedyFortunePig,Greedy Fortune Pig,READY
Pragmatic Play,pragmaticexternal,pragmaticexternal:GreedyWolf,Greedy Wolf,READY
Pragmatic Play,pragmaticexternal,pragmaticexternal:GreekGods,Greek Gods,READY
Pragmatic Play,pragmaticexternal,pragmaticexternal:Hammerstorm,Hammerstorm,READY
Pragmatic Play,pragmaticexternal,pragmaticexternal:HandofMidas2,Hand of Midas 2,READY
Pragmatic Play,pragmaticexternal,pragmaticexternal:HappyDragon,Happy Dragon,READY
Pragmatic Play,pragmaticexternal,pragmaticexternal:HappyHooves,Happy Hooves,READY
Pragmatic Play,pragmaticexternal,pragmaticexternal:HappyNets,Happy Nets,READY
Pragmatic Play,pragmaticexternal,pragmaticexternal:HarvestMoonGraveProfits,Harvest Moon - Grave Profits,NOT_IN_CATALOGUE
Pragmatic Play,pragmaticexternal,pragmaticexternal:HauntedCrypt,Haunted Crypt,READY
Pragmatic Play,pragmaticexternal,pragmaticexternal:HeartofCleopatra,Heart of Cleopatra,READY
Pragmatic Play,pragmaticexternal,pragmaticexternal:HeartofRio1,Heart Of Rio,READY
Pragmatic Play,pragmaticexternal,pragmaticexternal:Heartbreakers,Heartbreakers,READY
Pragmatic Play,pragmaticexternal,pragmaticexternal:HeartsofVenus,Hearts of Venus,NOT_IN_CATALOGUE
Pragmatic Play,pragmaticexternal,pragmaticexternal:HeistfortheGoldenNugget,Heist for the Golden Nuggets,READY
Pragmatic Play,pragmaticexternal,pragmaticexternal:HeliosTripleSun,Helios - Triple Sun,NOT_IN_CATALOGUE
Pragmatic Play,pragmaticexternal,pragmaticexternal:HellButcher,Hell Butcher,READY
Pragmatic Play,pragmaticexternal,pragmaticexternal:HellvisWild,Hellvis Wild,READY
Pragmatic Play,pragmaticexternal,pragmaticexternal:HerculesandPegasus,Hercules and Pegasus,READY
Pragmatic Play,pragmaticexternal,pragmaticexternal:HerculesSonZeus,Hercules Son of Zeus,READY
Pragmatic Play,pragmaticexternal,pragmaticexternal:HeroicSpins,Heroic Spins,READY
Pragmatic Play,pragmaticexternal,pragmaticexternal:HiLoBaccarat,Hi-Lo Baccarat,NOT_IN_CATALOGUE
Pragmatic Play,pragmaticexternal,pragmaticexternal:HighFlyer,High Flyer,READY
Pragmatic Play,pragmaticexternal,pragmaticexternal:HimalayanWild,Himalayan Wild,READY
Pragmatic Play,pragmaticexternal,pragmaticexternal:HoneyHoneyHoney,Honey Honey Honey,READY
Pragmatic Play,pragmaticexternal,pragmaticexternal:HotChilli,Hot Chilli,READY
Pragmatic Play,pragmaticexternal,pragmaticexternal:HotFiesta1,Hot Fiesta,READY
Pragmatic Play,pragmaticexternal,pragmaticexternal:HotPepper,Hot Pepper,READY
Pragmatic Play,pragmaticexternal,pragmaticexternal:HotSafari,Hot Safari,READY
Pragmatic Play,pragmaticexternal,pragmaticexternal:HotSafari50000,Hot Safari 50 000,READY
Pragmatic Play,pragmaticexternal,pragmaticexternal:Hottoburn1,Hot to burn,READY
Pragmatic Play,pragmaticexternal,pragmaticexternal:HottoBurn7DeadlyFreeSpins,Hot to Burn - 7 Deadly Free Spins,READY
Pragmatic Play,pragmaticexternal,pragmaticexternal:HottoBurnExtreme,Hot to Burn Extreme,READY
Pragmatic Play,pragmaticexternal,pragmaticexternal:HottoBurnHoldandSpin1,Hot to Burn Hold and Spin,READY
Pragmatic Play,pragmaticexternal,pragmaticexternal:HottoBurnJackpotPlay,Hot to Burn Jackpot Play,READY
Pragmatic Play,pragmaticexternal,pragmaticexternal:HotToBurnMultiplier,Hot To Burn Multiplier,READY
Pragmatic Play,pragmaticexternal,pragmaticexternal:HotTuna,Hot Tuna,READY
Pragmatic Play,pragmaticexternal,pragmaticexternal:HundredsandThousands,Hundreds and Thousands,READY
Pragmatic Play,pragmaticexternal,pragmaticexternal:IceLobster,Ice Lobster,READY
Pragmatic Play,pragmaticexternal,pragmaticexternal:IceMints,Ice Mints,READY
Pragmatic Play,pragmaticexternal,pragmaticexternal:IdolPopFever,Idol Pop Fever,READY
Pragmatic Play,pragmaticexternal,pragmaticexternal:ImmersiveRouletteDeluxe,Immersive Roulette Deluxe,NOT_IN_CATALOGUE
Pragmatic Play,pragmaticexternal,pragmaticexternal:IncaQueen,Inca Queen,READY
Pragmatic Play,pragmaticexternal,pragmaticexternal:IndonesianBlackjackX1,Indonesian BlackjackX 1,NOT_IN_CATALOGUE
Pragmatic Play,pragmaticexternal,pragmaticexternal:IndonesianBlackjackX2,Indonesian BlackjackX 2,NOT_IN_CATALOGUE
Pragmatic Play,pragmaticexternal,pragmaticexternal:IndonesianBlackjackX3,Indonesian BlackjackX 3,NOT_IN_CATALOGUE
Pragmatic Play,pragmaticexternal,pragmaticexternal:IndonesianBlackjackX4,Indonesian BlackjackX 4,NOT_IN_CATALOGUE
Pragmatic Play,pragmaticexternal,pragmaticexternal:IndonesianBlackjackX5,Indonesian BlackjackX 5,NOT_IN_CATALOGUE
Pragmatic Play,pragmaticexternal,pragmaticexternal:IndonesianBlackjackX6,Indonesian BlackjackX 6,NOT_IN_CATALOGUE
Pragmatic Play,pragmaticexternal,pragmaticexternal:IndonesianBlackjackX7,Indonesian BlackjackX 7,NOT_IN_CATALOGUE
Pragmatic Play,pragmaticexternal,pragmaticexternal:IndonesianBlackjackX8,Indonesian BlackjackX 8,NOT_IN_CATALOGUE
Pragmatic Play,pragmaticexternal,pragmaticexternal:IndonesianBlackjackX9,Indonesian BlackjackX 9,NOT_IN_CATALOGUE
Pragmatic Play,pragmaticexternal,pragmaticexternal:IndonesianBlackjackX10,Indonesian BlackjackX 10,NOT_IN_CATALOGUE
Pragmatic Play,pragmaticexternal,pragmaticexternal:IndonesianBlackjackX11,Indonesian BlackjackX 11,NOT_IN_CATALOGUE
Pragmatic Play,pragmaticexternal,pragmaticexternal:IndonesianBlackjackX12,Indonesian BlackjackX 12,NOT_IN_CATALOGUE
Pragmatic Play,pragmaticexternal,pragmaticexternal:IndonesianBlackjackX13,Indonesian BlackjackX 13,NOT_IN_CATALOGUE
Pragmatic Play,pragmaticexternal,pragmaticexternal:IndonesianBlackjackX14,Indonesian BlackjackX 14,NOT_IN_CATALOGUE
Pragmatic Play,pragmaticexternal,pragmaticexternal:IndonesianBlackjackX15,Indonesian BlackjackX 15,NOT_IN_CATALOGUE
Pragmatic Play,pragmaticexternal,pragmaticexternal:IndonesianBlackjackX16,Indonesian BlackjackX 16,NOT_IN_CATALOGUE
Pragmatic Play,pragmaticexternal,pragmaticexternal:IndonesianBlackjackX17,Indonesian BlackjackX 17,NOT_IN_CATALOGUE
Pragmatic Play,pragmaticexternal,pragmaticexternal:IndonesianBlackjackX18,Indonesian BlackjackX 18,NOT_IN_CATALOGUE
Pragmatic Play,pragmaticexternal,pragmaticexternal:IndonesianBlackjackX19,Indonesian BlackjackX 19,NOT_IN_CATALOGUE
Pragmatic Play,pragmaticexternal,pragmaticexternal:IndonesianBlackjackX20,Indonesian BlackjackX 20,NOT_IN_CATALOGUE
Pragmatic Play,pragmaticexternal,pragmaticexternal:IndonesianBlackjackX21,Indonesian BlackjackX 21,NOT_IN_CATALOGUE
Pragmatic Play,pragmaticexternal,pragmaticexternal:IndonesianBlackjackX22,Indonesian BlackjackX 22,NOT_IN_CATALOGUE
Pragmatic Play,pragmaticexternal,pragmaticexternal:IndonesianBlackjackX23,Indonesian BlackjackX 23,NOT_IN_CATALOGUE
Pragmatic Play,pragmaticexternal,pragmaticexternal:IndonesianBlackjackX24,Indonesian BlackjackX 24,NOT_IN_CATALOGUE
Pragmatic Play,pragmaticexternal,pragmaticexternal:IndonesianBlackjackX25,Indonesian BlackjackX 25,NOT_IN_CATALOGUE
Pragmatic Play,pragmaticexternal,pragmaticexternal:IndonesianBlackjackX26,Indonesian BlackjackX 26,NOT_IN_CATALOGUE
Pragmatic Play,pragmaticexternal,pragmaticexternal:IndonesianBlackjackX27,Indonesian BlackjackX 27,NOT_IN_CATALOGUE
Pragmatic Play,pragmaticexternal,pragmaticexternal:IndonesianBlackjackX28,Indonesian BlackjackX 28,NOT_IN_CATALOGUE
Pragmatic Play,pragmaticexternal,pragmaticexternal:IndonesianBlackjackX29,Indonesian BlackjackX 29,NOT_IN_CATALOGUE
Pragmatic Play,pragmaticexternal,pragmaticexternal:IndonesianBlackjackX30,Indonesian BlackjackX 30,NOT_IN_CATALOGUE
Pragmatic Play,pragmaticexternal,pragmaticexternal:IndonesianMegaSicBo,Indonesian Mega Sic Bo,NOT_IN_CATALOGUE
Pragmatic Play,pragmaticexternal,pragmaticexternal:IndonesianOneBlackjack,Indonesian ONE Blackjack,NOT_IN_CATALOGUE
Pragmatic Play,pragmaticexternal,pragmaticexternal:IndonesianSpeedBaccarat1,Indonesian Speed Baccarat 1,NOT_IN_CATALOGUE
Pragmatic Play,pragmaticexternal,pragmaticexternal:IndonesianSpeedBaccarat2,Indonesian Speed Baccarat 2,NOT_IN_CATALOGUE
Pragmatic Play,pragmaticexternal,pragmaticexternal:InfectiveWild,Infective Wild,READY
Pragmatic Play,pragmaticexternal,pragmaticexternal:IrishCrown,Irish Crown,READY
Pragmatic Play,pragmaticexternal,pragmaticexternal:JackpotBlaze,Jackpot Blaze,READY
Pragmatic Play,pragmaticexternal,pragmaticexternal:JackpotHunter,Jackpot Hunter,READY
Pragmatic Play,pragmaticexternal,pragmaticexternal:JacksorBetterDrawPoker,Jacks or Better Draw Poker,READY
Pragmatic Play,pragmaticexternal,pragmaticexternal:JadeButterfly,Jade Butterfly,READY
Pragmatic Play,pragmaticexternal,pragmaticexternal:JadeLegends,Jade Legends,NOT_IN_CATALOGUE
Pragmatic Play,pragmaticexternal,pragmaticexternal:JaneHunterandtheMaskofMontezuma,Jane Hunter and the Mask of Montezuma,READY
Pragmatic Play,pragmaticexternal,pragmaticexternal:JapaneseSpeedBaccarat1,Japanese Speed Baccarat 1,NOT_IN_CATALOGUE
Pragmatic Play,pragmaticexternal,pragmaticexternal:JapaneseSpeedBaccarat2,Japanese Speed Baccarat 2,NOT_IN_CATALOGUE
Pragmatic Play,pragmaticexternal,pragmaticexternal:JapaneseSpeedBaccarat3,Japanese Speed Baccarat 3,NOT_IN_CATALOGUE
Pragmatic Play,pragmaticexternal,pragmaticexternal:JasmineDreams,Jasmine Dreams,READY
Pragmatic Play,pragmaticexternal,pragmaticexternal:JeitinhoBrasileiro,Jeitinho Brasileiro,READY
Pragmatic Play,pragmaticexternal,pragmaticexternal:JellyCandy,Jelly Candy,READY
Pragmatic Play,pragmaticexternal,pragmaticexternal:JellyExpress,Jelly Express,READY
Pragmatic Play,pragmaticexternal,pragmaticexternal:JewelRush,Jewel Rush,READY
Pragmatic Play,pragmaticexternal,pragmaticexternal:JohnHunterandGalileosSecrets,John Hunter and Galileo's Secrets,READY
Pragmatic Play,pragmaticexternal,pragmaticexternal:JohnHunterandtheAztecTreasure,John Hunter and the Aztec Treasure,READY
Pragmatic Play,pragmaticexternal,pragmaticexternal:JohnHunterandtheBookofTut,John Hunter and the Book of Tut,READY
Pragmatic Play,pragmaticexternal,pragmaticexternal:JohnHunterandtheBookofTutRespin,John Hunter and the Book of Tut Respin,READY
Pragmatic Play,pragmaticexternal,pragmaticexternal:JohnHunterAndtheMayanGods,John Hunter and the Mayan Gods,READY
Pragmatic Play,pragmaticexternal,pragmaticexternal:JohnHunterandtheQuestforBermudaRiches,John Hunter and the Quest for Bermuda Riches,READY
Pragmatic Play,pragmaticexternal,pragmaticexternal:JohnHunterandtheTomboftheScarabQueen,John Hunter and the Tomb of the Scarab Queen,READY
Pragmatic Play,pragmaticexternal,pragmaticexternal:JokerKing1,Joker King,READY
Pragmatic Play,pragmaticexternal,pragmaticexternal:JokersJewels,Joker's Jewels,READY
Pragmatic Play,pragmaticexternal,pragmaticexternal:JokersJewelsCash,Joker's Jewels Cash,READY
Pragmatic Play,pragmaticexternal,pragmaticexternal:JokersJewelsDice,Joker's Jewels Dice,READY
Pragmatic Play,pragmaticexternal,pragmaticexternal:JokersJewelsHoldandSpin,Joker's Jewels Hold & Spin,READY
Pragmatic Play,pragmaticexternal,pragmaticexternal:JokersJewelsHot,Joker’s Jewels Hot,READY
Pragmatic Play,pragmaticexternal,pragmaticexternal:JokersJewelsWild,Joker's Jewels Wild,READY
Pragmatic Play,pragmaticexternal,pragmaticexternal:JokersRevenge,Joker's Revenge,READY
Pragmatic Play,pragmaticexternal,pragmaticexternal:JourneytotheWest,Journey to the West,READY
Pragmatic Play,pragmaticexternal,pragmaticexternal:JuicyFruits,Juicy Fruits,READY
Pragmatic Play,pragmaticexternal,pragmaticexternal:JuicyFruitsMultihold,Juicy Fruits Multihold,READY
Pragmatic Play,pragmaticexternal,pragmaticexternal:JumboSafari,Jumbo Safari,READY
Pragmatic Play,pragmaticexternal,pragmaticexternal:JungleGorilla1,Jungle Gorilla,READY
Pragmatic Play,pragmaticexternal,pragmaticexternal:JurassicGiants,Jurassic Giants,READY
Pragmatic Play,pragmaticexternal,pragmaticexternal:KingdomofAtlantisJackpotPlay,Kingdom of Atlantis Jackpot Play,READY
Pragmatic Play,pragmaticexternal,pragmaticexternal:KingdomofTheDead,Kingdom of The Dead,READY
Pragmatic Play,pragmaticexternal,pragmaticexternal:KirmiziTurkishBlackjack2,Kirmizi Turkish Blackjack 2,NOT_IN_CATALOGUE
Pragmatic Play,pragmaticexternal,pragmaticexternal:KirmiziTurkishBlackjackX1,Kirmizi Turkish Blackjack X 1,NOT_IN_CATALOGUE
Pragmatic Play,pragmaticexternal,pragmaticexternal:KirmiziTurkishBlackjackX2,Kirmizi Turkish Blackjack X 2,NOT_IN_CATALOGUE
Pragmatic Play,pragmaticexternal,pragmaticexternal:KirmiziTurkishBlackjackX3,Kirmizi Turkish Blackjack X 3,NOT_IN_CATALOGUE
Pragmatic Play,pragmaticexternal,pragmaticexternal:KirmiziTurkishBlackjackX4,Kirmizi Turkish Blackjack X 4,NOT_IN_CATALOGUE
Pragmatic Play,pragmaticexternal,pragmaticexternal:KirmiziTurkishBlackjackX5,Kirmizi Turkish Blackjack X 5,NOT_IN_CATALOGUE
Pragmatic Play,pragmaticexternal,pragmaticexternal:KirmiziTurkishSpeedBlackjack2,Kirmizi Turkish Speed Blackjack 2,NOT_IN_CATALOGUE
Pragmatic Play,pragmaticexternal,pragmaticexternal:KnightHotSpotz,Knight Hot Spotz,READY
Pragmatic Play,pragmaticexternal,pragmaticexternal:KnightsvsBarbarians,Knights vs Barbarians,READY
Pragmatic Play,pragmaticexternal,pragmaticexternal:KoreanSpeedBaccarat4,Korean Baccarat 1,NOT_IN_CATALOGUE
Pragmatic Play,pragmaticexternal,pragmaticexternal:SpeedBaccarat6Korean,Korean Baccarat 2,NOT_IN_CATALOGUE
Pragmatic Play,pragmaticexternal,pragmaticexternal:KoreanBlackjack1,Korean Blackjack 1,NOT_IN_CATALOGUE
Pragmatic Play,pragmaticexternal,pragmaticexternal:KoreanBlackjackX1,Korean BlackjackX 1,NOT_IN_CATALOGUE
Pragmatic Play,pragmaticexternal,pragmaticexternal:KoreanBlackjackX2,Korean BlackjackX 2,NOT_IN_CATALOGUE
Pragmatic Play,pragmaticexternal,pragmaticexternal:KoreanBlackjackX3,Korean BlackjackX 3,NOT_IN_CATALOGUE
Pragmatic Play,pragmaticexternal,pragmaticexternal:KoreanBlackjackX4,Korean BlackjackX 4,NOT_IN_CATALOGUE
Pragmatic Play,pragmaticexternal,pragmaticexternal:KoreanBlackjackX5,Korean BlackjackX 5,NOT_IN_CATALOGUE
Pragmatic Play,pragmaticexternal,pragmaticexternal:KoreanBlackjackX6,Korean BlackjackX 6,NOT_IN_CATALOGUE
Pragmatic Play,pragmaticexternal,pragmaticexternal:KoreanBlackjackX7,Korean BlackjackX 7,NOT_IN_CATALOGUE
Pragmatic Play,pragmaticexternal,pragmaticexternal:KoreanBlackjackX8,Korean BlackjackX 8,NOT_IN_CATALOGUE
Pragmatic Play,pragmaticexternal,pragmaticexternal:KoreanMegaSicBo,Korean Mega Sic Bo,NOT_IN_CATALOGUE
Pragmatic Play,pragmaticexternal,pragmaticexternal:KoreanOneBlackjack,Korean ONE Blackjack,NOT_IN_CATALOGUE
Pragmatic Play,pragmaticexternal,pragmaticexternal:KoreanPriveLoungeBaccarat1,Korean Prive Lounge Baccarat 1,NOT_IN_CATALOGUE
Pragmatic Play,pragmaticexternal,pragmaticexternal:KoreanRoulette,Korean Roulette,NOT_IN_CATALOGUE
Pragmatic Play,pragmaticexternal,pragmaticexternal:KoreanSpeedBaccarat1,Korean Speed Baccarat 1,NOT_IN_CATALOGUE
Pragmatic Play,pragmaticexternal,pragmaticexternal:SpeedBaccarat2Korean,Korean Speed Baccarat 2,NOT_IN_CATALOGUE
Pragmatic Play,pragmaticexternal,pragmaticexternal:KoreanSpeedBaccarat3,Korean Speed Baccarat 3,NOT_IN_CATALOGUE
Pragmatic Play,pragmaticexternal,pragmaticexternal:KoreanSpeedBaccarat5,Korean Speed Baccarat 5,NOT_IN_CATALOGUE
Pragmatic Play,pragmaticexternal,pragmaticexternal:KoreanSpeedBlackjack1,Korean Speed Blackjack 1,NOT_IN_CATALOGUE
Pragmatic Play,pragmaticexternal,pragmaticexternal:KoreanSpeedBaccarat6,Korean Turbo Baccarat,NOT_IN_CATALOGUE
Pragmatic Play,pragmaticexternal,pragmaticexternal:LadyGodiva,Lady Godiva,READY
Pragmatic Play,pragmaticexternal,pragmaticexternal:LampOfInfinity,Lamp Of Infinity,READY
Pragmatic Play,pragmaticexternal,pragmaticexternal:LaunchtoRiches,Launch to Riches,READY
Pragmatic Play,pragmaticexternal,pragmaticexternal:LavaBalls,Lava Balls,READY
Pragmatic Play,pragmaticexternal,pragmaticexternal:LeprechaunCarol,Leprechaun Carol,READY
Pragmatic Play,pragmaticexternal,pragmaticexternal:LeprechaunSong,Leprechaun Song,READY
Pragmatic Play,pragmaticexternal,pragmaticexternal:Limbo,Limbo+,READY
Pragmatic Play,pragmaticexternal,pragmaticexternal:LittleGem,Little Gem,READY
Pragmatic Play,pragmaticexternal,pragmaticexternal:lobby,Live Casino Lobby,NOT_IN_CATALOGUE
Pragmatic Play,pragmaticexternal,pragmaticexternal:LobbyRoulette,Lobby Roulette,NOT_IN_CATALOGUE
Pragmatic Play,pragmaticexternal,pragmaticexternal:LobsterBobsCrazyCrabShack,Lobster Bob's Crazy Crab Shack,READY
Pragmatic Play,pragmaticexternal,pragmaticexternal:LobsterBobsSeaFoodandWinIt,Lobster Bob's Sea Food and Win It,READY
Pragmatic Play,pragmaticexternal,pragmaticexternal:LobsterHouse,Lobster House,READY
Pragmatic Play,pragmaticexternal,pragmaticexternal:LokisRiches,Loki's Riches,READY
Pragmatic Play,pragmaticexternal,pragmaticexternal:Lucky6Roulette,Lucky 6 Roulette,READY
Pragmatic Play,pragmaticexternal,pragmaticexternal:Lucky6Roulette1,Lucky 6 Roulette,READY
Pragmatic Play,pragmaticexternal,pragmaticexternal:LuckyOx,Lucky Bull,READY
Pragmatic Play,pragmaticexternal,pragmaticexternal:LuckyDice,Lucky Dice,READY
Pragmatic Play,pragmaticexternal,pragmaticexternal:LuckyDog,Lucky Dog,READY
Pragmatic Play,pragmaticexternal,pragmaticexternal:LuckyDragons,Lucky Dragons,READY
Pragmatic Play,pragmaticexternal,pragmaticexternal:LuckyDrums88,Lucky Drums 88,NOT_IN_CATALOGUE
Pragmatic Play,pragmaticexternal,pragmaticexternal:LuckyFishingMegaways,Lucky Fishing Megaways,READY
Pragmatic Play,pragmaticexternal,pragmaticexternal:LuckyFortuneTree,Lucky Fortune Tree,READY
Pragmatic Play,pragmaticexternal,pragmaticexternal:LuckyLightning1,Lucky Lightning,READY
Pragmatic Play,pragmaticexternal,pragmaticexternal:LuckyMonkey,Lucky Monkey,READY
Pragmatic Play,pragmaticexternal,pragmaticexternal:LuckyMouse,Lucky Mouse,READY
Pragmatic Play,pragmaticexternal,pragmaticexternal:LuckyNewYear,Lucky New Year,READY
Pragmatic Play,pragmaticexternal,pragmaticexternal:LuckyPanda,Lucky Panda,READY
Pragmatic Play,pragmaticexternal,pragmaticexternal:LuckyPhoenix,Lucky Phoenix,READY
Pragmatic Play,pragmaticexternal,pragmaticexternal:LuckyTiger,Lucky Tiger,READY
Pragmatic Play,pragmaticexternal,pragmaticexternal:LuckyTiger1000,Lucky Tiger 1000,READY
Pragmatic Play,pragmaticexternal,pragmaticexternal:LuckyTigerGold,Lucky Tiger Gold,READY
Pragmatic Play,pragmaticexternal,pragmaticexternal:LuckysWildPub,Lucky’s Wild Pub,READY
Pragmatic Play,pragmaticexternal,pragmaticexternal:LuckysWildPub2,Lucky’s Wild Pub 2,READY
Pragmatic Play,pragmaticexternal,pragmaticexternal:LuxorofCleopatra,Luxor of Cleopatra,READY
Pragmatic Play,pragmaticexternal,pragmaticexternal:MadameDestiny,Madame Destiny,READY
Pragmatic Play,pragmaticexternal,pragmaticexternal:MadameDestinyMegaways1,Madame Destiny Megaways,READY
Pragmatic Play,pragmaticexternal,pragmaticexternal:MagicCrystals,Magic Crystals,READY
Pragmatic Play,pragmaticexternal,pragmaticexternal:MagicJourney,Magic Journey,READY
Pragmatic Play,pragmaticexternal,pragmaticexternal:MagicMoneyMaze,Magic Money Maze,READY
Pragmatic Play,pragmaticexternal,pragmaticexternal:MagiciansSecrets,Magician's Secrets,READY
Pragmatic Play,pragmaticexternal,pragmaticexternal:MahjongWinsSuperScatter,Mahjong Wins Super Scatter,READY
Pragmatic Play,pragmaticexternal,pragmaticexternal:MahjongWinsTriplePot,Mahjong Wins Triple Pot,READY
Pragmatic Play,pragmaticexternal,pragmaticexternal:MajesticExpressGoldRun,Majestic Express - Gold Run,READY
Pragmatic Play,pragmaticexternal,pragmaticexternal:MammothGoldMegaways,Mammoth Gold Megaways,READY
Pragmatic Play,pragmaticexternal,pragmaticexternal:MasterChensFortune,Master Chen's Fortune,READY
Pragmatic Play,pragmaticexternal,pragmaticexternal:MasterGems,Master Gems,READY
Pragmatic Play,pragmaticexternal,pragmaticexternal:MasterJoker,Master Joker,READY
Pragmatic Play,pragmaticexternal,pragmaticexternal:MedusasStone,Medusa's Stone,READY
Pragmatic Play,pragmaticexternal,pragmaticexternal:MegaBaccarat,Mega Baccarat,READY
Pragmatic Play,pragmaticexternal,pragmaticexternal:MegaRoulette,Mega Roulette,READY
Pragmatic Play,pragmaticexternal,pragmaticexternal:MegaRoulette3000,Mega Roulette 3000,READY
Pragmatic Play,pragmaticexternal,pragmaticexternal:MegaSicBac,Mega Sic Bac,READY
Pragmatic Play,pragmaticexternal,pragmaticexternal:MegaSicBo,Mega Sic Bo,READY
Pragmatic Play,pragmaticexternal,pragmaticexternal:MegaWheel,Mega Wheel,READY
Pragmatic Play,pragmaticexternal,pragmaticexternal:MegaWheelLatino,Mega Wheel Latino,NOT_IN_CATALOGUE
Pragmatic Play,pragmaticexternal,pragmaticexternal:MermaidsTreasureTrove,Mermaid's Treasure Trove,READY
Pragmatic Play,pragmaticexternal,pragmaticexternal:MightofFreyaMegaways,Might of Freya Megaways,READY
Pragmatic Play,pragmaticexternal,pragmaticexternal:MightofRa,Might of Ra,READY
Pragmatic Play,pragmaticexternal,pragmaticexternal:MightyKong,Mighty Kong,READY
Pragmatic Play,pragmaticexternal,pragmaticexternal:MightyMunchingMelons,Mighty Munching Melons,READY
Pragmatic Play,pragmaticexternal,pragmaticexternal:Mines,Mines+,READY
Pragmatic Play,pragmaticexternal,pragmaticexternal:MiningRush,Mining Rush,READY
Pragmatic Play,pragmaticexternal,pragmaticexternal:Mochimon,Mochimon,READY
Pragmatic Play,pragmaticexternal,pragmaticexternal:Moleionaire,Moleionaire,READY
Pragmatic Play,pragmaticexternal,pragmaticexternal:MoneyMouse,Money Mouse,READY
Pragmatic Play,pragmaticexternal,pragmaticexternal:MoneyBlitz,Money Stacks,READY
Pragmatic Play,pragmaticexternal,pragmaticexternal:MoneyStacksMegaways,Money Stacks Megaways,READY
Pragmatic Play,pragmaticexternal,pragmaticexternal:MoneyTime,Money Time,READY
Pragmatic Play,pragmaticexternal,pragmaticexternal:MonkeyMadness,Monkey Madness,READY
Pragmatic Play,pragmaticexternal,pragmaticexternal:MonkeyWarrior,Monkey Warrior,READY
Pragmatic Play,pragmaticexternal,pragmaticexternal:MonsterSuperlanche,Monster Superlanche,READY
Pragmatic Play,pragmaticexternal,pragmaticexternal:MoonRush,Moon Rush,NOT_IN_CATALOGUE
Pragmatic Play,pragmaticexternal,pragmaticexternal:MrNullsWickedWares,Mr Null's Wicked Wares,READY
Pragmatic Play,pragmaticexternal,pragmaticexternal:MuertosMultiplierMegaways,Muertos Multiplier Megaways,READY
Pragmatic Play,pragmaticexternal,pragmaticexternal:MultihandBlackjack,Multihand Blackjack,READY
Pragmatic Play,pragmaticexternal,pragmaticexternal:MummysJewels,Mummy's Jewels,READY
Pragmatic Play,pragmaticexternal,pragmaticexternal:MummysJewels100,Mummy's Jewels 100,READY
Pragmatic Play,pragmaticexternal,pragmaticexternal:MustangGold,Mustang Gold,READY
Pragmatic Play,pragmaticexternal,pragmaticexternal:MustangGoldMegaways,Mustang Gold Megaways,READY
Pragmatic Play,pragmaticexternal,pragmaticexternal:MustangTrail,Mustang Trail,READY
Pragmatic Play,pragmaticexternal,pragmaticexternal:Mysterious,Mysterious,READY
Pragmatic Play,pragmaticexternal,pragmaticexternal:MysteriousEgypt,Mysterious Egypt,READY
Pragmatic Play,pragmaticexternal,pragmaticexternal:MysteryMice,Mystery Mice,READY
Pragmatic Play,pragmaticexternal,pragmaticexternal:MysteryoftheOrient,Mystery of the Orient,READY
Pragmatic Play,pragmaticexternal,pragmaticexternal:MysticChief,Mystic Chief,READY
Pragmatic Play,pragmaticexternal,pragmaticexternal:MysticWishes,Mystic Wishes,READY
Pragmatic Play,pragmaticexternal,pragmaticexternal:Roulette11Dutch,Nederlandse Roulette,NOT_IN_CATALOGUE
Pragmatic Play,pragmaticexternal,pragmaticexternal:NileFortune,Nile Fortune,READY
Pragmatic Play,pragmaticexternal,pragmaticexternal:NorthGuardians,North Guardians,READY
Pragmatic Play,pragmaticexternal,pragmaticexternal:Oviralatacaramelo,O vira-lata caramelo,READY
Pragmatic Play,pragmaticexternal,pragmaticexternal:OctobeerFortunes,Octobeer Fortunes,READY
Pragmatic Play,pragmaticexternal,pragmaticexternal:FrontRunnerOddsOn,Odds On Winner,READY
Pragmatic Play,pragmaticexternal,pragmaticexternal:OlympusWins,Olympus Wins,READY
Pragmatic Play,pragmaticexternal,pragmaticexternal:ONEBlackjack,ONE Blackjack 1,NOT_IN_CATALOGUE
Pragmatic Play,pragmaticexternal,pragmaticexternal:ONEBlackjack2Indigo,ONE Blackjack 2,NOT_IN_CATALOGUE
Pragmatic Play,pragmaticexternal,pragmaticexternal:ONEBlackjackLatino,ONE Blackjack Latino,NOT_IN_CATALOGUE
Pragmatic Play,pragmaticexternal,pragmaticexternal:OodlesofNoodles,Oodles of Noodles,READY
Pragmatic Play,pragmaticexternal,pragmaticexternal:OracleofGold,Oracle of Gold,READY
Pragmatic Play,pragmaticexternal,pragmaticexternal:OutoftheWoods,Out of the Woods,READY
Pragmatic Play,pragmaticexternal,pragmaticexternal:PandaFortune21,Panda Fortune 2,NOT_IN_CATALOGUE
Pragmatic Play,pragmaticexternal,pragmaticexternal:PandaGold10000,Panda Gold 10 000,READY
Pragmatic Play,pragmaticexternal,pragmaticexternal:PandaFortune,Panda's Fortune,READY
Pragmatic Play,pragmaticexternal,pragmaticexternal:PandemicRising,Pandemic Rising,READY
Pragmatic Play,pragmaticexternal,pragmaticexternal:PantherQueen,Panther Queen,READY
Pragmatic Play,pragmaticexternal,pragmaticexternal:PeakPower,Peak Power,READY
Pragmatic Play,pragmaticexternal,pragmaticexternal:PearlBlackjack,Pearl Blackjack,NOT_IN_CATALOGUE
Pragmatic Play,pragmaticexternal,pragmaticexternal:PearlBlackjack2,Pearl Blackjack 2,NOT_IN_CATALOGUE
Pragmatic Play,pragmaticexternal,pragmaticexternal:PekingLuck,Peking Luck,READY
Pragmatic Play,pragmaticexternal,pragmaticexternal:PelicanPayday,Pelican Payday,NOT_IN_CATALOGUE
Pragmatic Play,pragmaticexternal,pragmaticexternal:PenguinsChristmasPartyTime,Penguins Christmas Party Time,READY
Pragmatic Play,pragmaticexternal,pragmaticexternal:PeppesPepperoniPizzaPlaza,Peppe's Pepperoni Pizza Plaza,READY
Pragmatic Play,pragmaticexternal,pragmaticexternal:PhoenixForge1,Phoenix Forge,READY
Pragmatic Play,pragmaticexternal,pragmaticexternal:PigFarm,Pig Farm,READY
Pragmatic Play,pragmaticexternal,pragmaticexternal:PiggyBankBills,Piggy Bank Bills,READY
Pragmatic Play,pragmaticexternal,pragmaticexternal:PiggyBankers,Piggy Bankers,READY
Pragmatic Play,pragmaticexternal,pragmaticexternal:PinupGirls,Pinup Girls,READY
Pragmatic Play,pragmaticexternal,pragmaticexternal:PirateGold,Pirate Gold,READY
Pragmatic Play,pragmaticexternal,pragmaticexternal:PirateGoldDeluxe1,Pirate Gold Deluxe,READY
Pragmatic Play,pragmaticexternal,pragmaticexternal:PirateGoldenAge,Pirate Golden Age,READY
Pragmatic Play,pragmaticexternal,pragmaticexternal:PiratesPub,Pirates Pub,READY
Pragmatic Play,pragmaticexternal,pragmaticexternal:PixieWings,Pixie Wings,READY
Pragmatic Play,pragmaticexternal,pragmaticexternal:PIZZAPIZZAPIZZA,PIZZA! PIZZA? PIZZA!,READY
Pragmatic Play,pragmaticexternal,pragmaticexternal:Plinko,Plinko+,READY
Pragmatic Play,pragmaticexternal,pragmaticexternal:PlushieWins,Plushie Wins,READY
Pragmatic Play,pragmaticexternal,pragmaticexternal:PompeiiMegareelsMegaways,Pompeii Megareels Megaways,READY
Pragmatic Play,pragmaticexternal,pragmaticexternal:PotofFortune,Pot of Fortune,READY
Pragmatic Play,pragmaticexternal,pragmaticexternal:PowerofMerlinMegaways,Power of Merlin Megaways,READY
Pragmatic Play,pragmaticexternal,pragmaticexternal:PowerofThorMegaways,Power of Thor Megaways,READY
Pragmatic Play,pragmaticexternal,pragmaticexternal:PowerUPRoulette,PowerUP Roulette,READY
Pragmatic Play,pragmaticexternal,pragmaticexternal:PriveLoungeBaccarat1,Prive Lounge Baccarat 1,NOT_IN_CATALOGUE
Pragmatic Play,pragmaticexternal,pragmaticexternal:PriveLoungeBaccarat2,Prive Lounge Baccarat 2,NOT_IN_CATALOGUE
Pragmatic Play,pragmaticexternal,pragmaticexternal:PriveLoungeBaccarat3,Prive Lounge Baccarat 3,NOT_IN_CATALOGUE
Pragmatic Play,pragmaticexternal,pragmaticexternal:PriveLoungeBaccarat5,Prive Lounge Baccarat 5,NOT_IN_CATALOGUE
Pragmatic Play,pragmaticexternal,pragmaticexternal:PriveLoungeBaccarat6,Prive Lounge Baccarat 6,NOT_IN_CATALOGUE
Pragmatic Play,pragmaticexternal,pragmaticexternal:PriveLoungeBaccarat7,Prive Lounge Baccarat 7,NOT_IN_CATALOGUE
Pragmatic Play,pragmaticexternal,pragmaticexternal:PriveLoungeBaccarat8,Prive Lounge Baccarat 8,NOT_IN_CATALOGUE
Pragmatic Play,pragmaticexternal,pragmaticexternal:PriveLoungeBaccaratSqueeze1,Prive Lounge Baccarat Squeeze 1,NOT_IN_CATALOGUE
Pragmatic Play,pragmaticexternal,pragmaticexternal:PriveLoungeBaccaratSqueeze2,Prive Lounge Baccarat Squeeze 2,NOT_IN_CATALOGUE
Pragmatic Play,pragmaticexternal,pragmaticexternal:PriveLoungeBlackjack1,Prive Lounge Blackjack 1,NOT_IN_CATALOGUE
Pragmatic Play,pragmaticexternal,pragmaticexternal:PriveLoungeBlackjack2,Prive Lounge Blackjack 2,NOT_IN_CATALOGUE
Pragmatic Play,pragmaticexternal,pragmaticexternal:PriveLoungeBlackjack3,Prive Lounge Blackjack 3,NOT_IN_CATALOGUE
Pragmatic Play,pragmaticexternal,pragmaticexternal:PriveLoungeBlackjack4,Prive Lounge Blackjack 4,NOT_IN_CATALOGUE
Pragmatic Play,pragmaticexternal,pragmaticexternal:PriveLoungeBlackjack5,Prive Lounge Blackjack 5,NOT_IN_CATALOGUE
Pragmatic Play,pragmaticexternal,pragmaticexternal:PriveLoungeBlackjack6,Prive Lounge Blackjack 6,NOT_IN_CATALOGUE
Pragmatic Play,pragmaticexternal,pragmaticexternal:PriveLoungeBlackjack7,Prive Lounge Blackjack 7,NOT_IN_CATALOGUE
Pragmatic Play,pragmaticexternal,pragmaticexternal:PriveLoungeBlackjack8,Prive Lounge Blackjack 8,NOT_IN_CATALOGUE
Pragmatic Play,pragmaticexternal,pragmaticexternal:PriveLoungeBlackjack9,Prive Lounge Blackjack 9,NOT_IN_CATALOGUE
Pragmatic Play,pragmaticexternal,pragmaticexternal:PriveLoungeBlackjack10,Prive Lounge Blackjack 10,NOT_IN_CATALOGUE
Pragmatic Play,pragmaticexternal,pragmaticexternal:PriveLoungeBlackjack13,Prive Lounge Blackjack 13,NOT_IN_CATALOGUE
Pragmatic Play,pragmaticexternal,pragmaticexternal:PriveLoungeRoulette,Prive Lounge Roulette,NOT_IN_CATALOGUE
Pragmatic Play,pragmaticexternal,pragmaticexternal:PriveLoungeRussianPoker,Privé Lounge Russian Poker,NOT_IN_CATALOGUE
Pragmatic Play,pragmaticexternal,pragmaticexternal:PubKings,Pub Kings,READY
Pragmatic Play,pragmaticexternal,pragmaticexternal:PyramidKing1,Pyramid King,READY
Pragmatic Play,pragmaticexternal,pragmaticexternal:QuartzBlackjack,Quartz Blackjack,NOT_IN_CATALOGUE
Pragmatic Play,pragmaticexternal,pragmaticexternal:QueenOfAtlantis,Queen of Atlantis,READY
Pragmatic Play,pragmaticexternal,pragmaticexternal:QueenofGods,Queen of Gods,READY
Pragmatic Play,pragmaticexternal,pragmaticexternal:QueenofGold100000,Queen of Gold 100 000,READY
Pragmatic Play,pragmaticexternal,pragmaticexternal:Queenie,Queenie,READY
Pragmatic Play,pragmaticexternal,pragmaticexternal:RavsOsiris,Ra vs Osiris,NOT_IN_CATALOGUE
Pragmatic Play,pragmaticexternal,pragmaticexternal:RabbitGarden,Rabbit Garden,READY
Pragmatic Play,pragmaticexternal,pragmaticexternal:RagingWaterfallMegaways,Raging Waterfall Megaways,READY
Pragmatic Play,pragmaticexternal,pragmaticexternal:RainbowGold,Rainbow Gold,READY
Pragmatic Play,pragmaticexternal,pragmaticexternal:RainbowReels,Rainbow Reels,READY
Pragmatic Play,pragmaticexternal,pragmaticexternal:RatinhoSortudo,Ratinho Sortudo,READY
Pragmatic Play,pragmaticexternal,pragmaticexternal:RedHotLuck,Red Hot Luck,READY
Pragmatic Play,pragmaticexternal,pragmaticexternal:ReelBanks,Reel Banks,READY
Pragmatic Play,pragmaticexternal,pragmaticexternal:ReleasetheBison,Release the Bison,READY
Pragmatic Play,pragmaticexternal,pragmaticexternal:ReleasetheKraken,Release the Kraken,READY
Pragmatic Play,pragmaticexternal,pragmaticexternal:ReleasetheKraken2,Release the Kraken 2,READY
Pragmatic Play,pragmaticexternal,pragmaticexternal:ReleaseTheKrakenMegaways,Release the Kraken Megaways,READY
Pragmatic Play,pragmaticexternal,pragmaticexternal:ResurrectingRiches,Resurrecting Riches,READY
Pragmatic Play,pragmaticexternal,pragmaticexternal:ReturnOftheDead1,Return of the Dead,READY
Pragmatic Play,pragmaticexternal,pragmaticexternal:RevengeofLokiMegaways,Revenge of Loki Megaways,READY
Pragmatic Play,pragmaticexternal,pragmaticexternal:RideTheLightning,Ride The Lightning,READY
Pragmatic Play,pragmaticexternal,pragmaticexternal:RipeRewards,Ripe Rewards,READY
Pragmatic Play,pragmaticexternal,pragmaticexternal:RiseofGizaPowerNudge,Rise of Giza PowerNudge,READY
Pragmatic Play,pragmaticexternal,pragmaticexternal:RiseofPyramids,Rise of Pyramids,READY
Pragmatic Play,pragmaticexternal,pragmaticexternal:RiseofSamurai4,Rise of Samurai 4,READY
Pragmatic Play,pragmaticexternal,pragmaticexternal:RockVegas,Rock Vegas Mega Hold & Spin,READY
Pragmatic Play,pragmaticexternal,pragmaticexternal:RocketBlastMegaways,Rocket Blast Megaways,READY
Pragmatic Play,pragmaticexternal,pragmaticexternal:RollinginTreasures,Rolling in Treasures,READY
Pragmatic Play,pragmaticexternal,pragmaticexternal:Roulette12Romanian,Romanian Roulette,NOT_IN_CATALOGUE
Pragmatic Play,pragmaticexternal,pragmaticexternal:RouletteCrystal,Roulette,OTHER_PROVIDER
Pragmatic Play,pragmaticexternal,pragmaticexternal:RouletteAzure,Roulette 1,READY
Pragmatic Play,pragmaticexternal,pragmaticexternal:LiveRouletteA,Roulette 2 Extra Time,NOT_IN_CATALOGUE
Pragmatic Play,pragmaticexternal,pragmaticexternal:Roulette10Ruby,Roulette 3,NOT_IN_CATALOGUE
Pragmatic Play,pragmaticexternal,pragmaticexternal:RouletteMacao,Roulette 3 - Macao,NOT_IN_CATALOGUE
Pragmatic Play,pragmaticexternal,pragmaticexternal:Roulette7Italian,Roulette Italia Tricolore,NOT_IN_CATALOGUE
Pragmatic Play,pragmaticexternal,pragmaticexternal:Roulette14Spanish,Roulette Latina,NOT_IN_CATALOGUE
Pragmatic Play,pragmaticexternal,pragmaticexternal:RujakBonanza,Rujak Bonanza,READY
Pragmatic Play,pragmaticexternal,pragmaticexternal:RunningSushi,Running Sushi,READY
Pragmatic Play,pragmaticexternal,pragmaticexternal:RussianBlackjack1,Russian Blackjack 1,READY
Pragmatic Play,pragmaticexternal,pragmaticexternal:RussianBlackjack2,Russian Blackjack 2,READY
Pragmatic Play,pragmaticexternal,pragmaticexternal:RussianBlackjack3,Russian Blackjack 3,READY
Pragmatic Play,pragmaticexternal,pragmaticexternal:RussianBlackjack4,Russian Blackjack 4,READY
Pragmatic Play,pragmaticexternal,pragmaticexternal:RussianBlackjack5,Russian Blackjack 5,READY
Pragmatic Play,pragmaticexternal,pragmaticexternal:RussianBlackjack6,Russian Blackjack 6,READY
Pragmatic Play,pragmaticexternal,pragmaticexternal:RussianBlackjack7,Russian Blackjack 7,NOT_IN_CATALOGUE
Pragmatic Play,pragmaticexternal,pragmaticexternal:RussianBlackjack8,Russian Blackjack 8,NOT_IN_CATALOGUE
Pragmatic Play,pragmaticexternal,pragmaticexternal:RussianBlackjack9,Russian Blackjack 9,NOT_IN_CATALOGUE
Pragmatic Play,pragmaticexternal,pragmaticexternal:RussianBlackjack10,Russian Blackjack 10,NOT_IN_CATALOGUE
Pragmatic Play,pragmaticexternal,pragmaticexternal:RussianBlackjack11,Russian Blackjack 11,NOT_IN_CATALOGUE
Pragmatic Play,pragmaticexternal,pragmaticexternal:RussianPriveLoungeBlackjack1,Russian Prive Lounge Blackjack 1,NOT_IN_CATALOGUE
Pragmatic Play,pragmaticexternal,pragmaticexternal:RussianPriveLoungeBlackjack2,Russian Prive Lounge Blackjack 2,NOT_IN_CATALOGUE
Pragmatic Play,pragmaticexternal,pragmaticexternal:RouletteRussia,Russian Roulette,NOT_IN_CATALOGUE
Pragmatic Play,pragmaticexternal,pragmaticexternal:SafariKing,Safari King,READY
Pragmatic Play,pragmaticexternal,pragmaticexternal:SamuraiCode,Samurai Code,READY
Pragmatic Play,pragmaticexternal,pragmaticexternal:SanatoriumSecrets,Sanatorium Secrets,READY
Pragmatic Play,pragmaticexternal,pragmaticexternal:Santa,Santa,READY
Pragmatic Play,pragmaticexternal,pragmaticexternal:SantasGreatGifts,Santa's Great Gifts,READY
Pragmatic Play,pragmaticexternal,pragmaticexternal:SantasSlay,Santa's Slay,READY
Pragmatic Play,pragmaticexternal,pragmaticexternal:SantasWonderland,Santa's Wonderland,READY
Pragmatic Play,pragmaticexternal,pragmaticexternal:SantasXmasRush,Santa's Xmas Rush,READY
Pragmatic Play,pragmaticexternal,pragmaticexternal:SarayRuyasi,Saray Ruyasi,READY
Pragmatic Play,pragmaticexternal,pragmaticexternal:SavannahLegend,Savannah Legend,READY
Pragmatic Play,pragmaticexternal,pragmaticexternal:SecretCityGold,Secret City Gold,READY
Pragmatic Play,pragmaticexternal,pragmaticexternal:SeotdaBaccarat,Seotda Baccarat,NOT_IN_CATALOGUE
Pragmatic Play,pragmaticexternal,pragmaticexternal:ShieldofSparta,Shield of Sparta,READY
Pragmatic Play,pragmaticexternal,pragmaticexternal:ShiningHot5,Shining Hot 5,READY
Pragmatic Play,pragmaticexternal,pragmaticexternal:ShiningHot5JackpotPlay,Shining Hot 5 Jackpot Play,NOT_IN_CATALOGUE
Pragmatic Play,pragmaticexternal,pragmaticexternal:ShiningHot20,Shining Hot 20,READY
Pragmatic Play,pragmaticexternal,pragmaticexternal:ShiningHot20JackpotPlay,Shining Hot 20 Jackpot Play,NOT_IN_CATALOGUE
Pragmatic Play,pragmaticexternal,pragmaticexternal:ShiningHot40,Shining Hot 40,READY
Pragmatic Play,pragmaticexternal,pragmaticexternal:ShiningHot40JackpotPlay,Shining Hot 40 Jackpot Play,NOT_IN_CATALOGUE
Pragmatic Play,pragmaticexternal,pragmaticexternal:ShiningHot100,Shining Hot 100,READY
Pragmatic Play,pragmaticexternal,pragmaticexternal:ShiningHot100JackpotPlay,Shining Hot 100 Jackpot Play,NOT_IN_CATALOGUE
Pragmatic Play,pragmaticexternal,pragmaticexternal:SicBo,Sic Bo,READY
Pragmatic Play,pragmaticexternal,pragmaticexternal:SkyBounty,Sky Bounty,READY
Pragmatic Play,pragmaticexternal,pragmaticexternal:SleepingDragon,Sleeping Dragon,READY
Pragmatic Play,pragmaticexternal,pragmaticexternal:SleepingDragonUltraDark,Sleeping Dragon Ultra Dark,READY
Pragmatic Play,pragmaticexternal,pragmaticexternal:SmugglersCove,Smugglers Cove,READY
Pragmatic Play,pragmaticexternal,pragmaticexternal:SnakesandLadders2SnakeEyes,Snakes & Ladders 2 - Snake Eyes,NOT_IN_CATALOGUE
Pragmatic Play,pragmaticexternal,pragmaticexternal:SnakesAndLaddersLive,Snakes & Ladders Live,READY
Pragmatic Play,pragmaticexternal,pragmaticexternal:SnakesandLaddersMegadice,Snakes and Ladders Megadice,READY
Pragmatic Play,pragmaticexternal,pragmaticexternal:SnowParty,Snow Party,READY
Pragmatic Play,pragmaticexternal,pragmaticexternal:Spaceman,Spaceman,READY
Pragmatic Play,pragmaticexternal,pragmaticexternal:SpartanKing,Spartan King,READY
Pragmatic Play,pragmaticexternal,pragmaticexternal:SpeedAutoRoulette1,Speed Auto-Roulette 1,NOT_IN_CATALOGUE
Pragmatic Play,pragmaticexternal,pragmaticexternal:SpeedBaccaratA,Speed Baccarat 1,READY
Pragmatic Play,pragmaticexternal,pragmaticexternal:SpeedBaccaratB,Speed Baccarat 2,READY
Pragmatic Play,pragmaticexternal,pragmaticexternal:SpeedBaccaratC,Speed Baccarat 3,READY
Pragmatic Play,pragmaticexternal,pragmaticexternal:SpeedBaccaratD,Speed Baccarat 5,READY
Pragmatic Play,pragmaticexternal,pragmaticexternal:SpeedBaccaratE,Speed Baccarat 6,READY
Pragmatic Play,pragmaticexternal,pragmaticexternal:SpeedBaccarat8,Speed Baccarat 8,READY
Pragmatic Play,pragmaticexternal,pragmaticexternal:SpeedBaccarat9,Speed Baccarat 9,READY
Pragmatic Play,pragmaticexternal,pragmaticexternal:SpeedBaccarat11,Speed Baccarat 11,READY
Pragmatic Play,pragmaticexternal,pragmaticexternal:SpeedBaccarat12,Speed Baccarat 12,READY
Pragmatic Play,pragmaticexternal,pragmaticexternal:SpeedBaccarat13,Speed Baccarat 13,READY
Pragmatic Play,pragmaticexternal,pragmaticexternal:SpeedBaccarat15,Speed Baccarat 15,READY
Pragmatic Play,pragmaticexternal,pragmaticexternal:NoCommSpeedBaccarat1,Speed Baccarat 16,READY
Pragmatic Play,pragmaticexternal,pragmaticexternal:NoCommSpeedBaccarat2,Speed Baccarat 17,READY
Pragmatic Play,pragmaticexternal,pragmaticexternal:SpeedBaccarat14,Speed Baccarat 18,READY
Pragmatic Play,pragmaticexternal,pragmaticexternal:SpeedBaccaratLatino1,Speed Baccarat Latino 1,NOT_IN_CATALOGUE
Pragmatic Play,pragmaticexternal,pragmaticexternal:SpeedBaccaratLatino2,Speed Baccarat Latino 2,NOT_IN_CATALOGUE
Pragmatic Play,pragmaticexternal,pragmaticexternal:SpeedBaccaratLatino3,Speed Baccarat Latino 3,NOT_IN_CATALOGUE
Pragmatic Play,pragmaticexternal,pragmaticexternal:SpeedBaccaratLatino4,Speed Baccarat Latino 4,NOT_IN_CATALOGUE
Pragmatic Play,pragmaticexternal,pragmaticexternal:SpeedBlackjack1Ruby,Speed Blackjack 1,READY
Pragmatic Play,pragmaticexternal,pragmaticexternal:SpeedBlackjack2Ruby,Speed Blackjack 2,READY
Pragmatic Play,pragmaticexternal,pragmaticexternal:SpeedBlackjack3Ruby,Speed Blackjack 3,READY
Pragmatic Play,pragmaticexternal,pragmaticexternal:SpeedBlackjack6Ruby,Speed Blackjack 6,NOT_IN_CATALOGUE
Pragmatic Play,pragmaticexternal,pragmaticexternal:SpeedBlackjack7Ruby,Speed Blackjack 7,READY
Pragmatic Play,pragmaticexternal,pragmaticexternal:SpeedBlackjack8Ruby,Speed Blackjack 8,NOT_IN_CATALOGUE
Pragmatic Play,pragmaticexternal,pragmaticexternal:SpeedBlackjack9Ruby,Speed Blackjack 9,NOT_IN_CATALOGUE
Pragmatic Play,pragmaticexternal,pragmaticexternal:SpeedBlackjack10Ruby,Speed Blackjack 10,READY
Pragmatic Play,pragmaticexternal,pragmaticexternal:SpeedBlackjack11Azure,Speed Blackjack 11,READY
Pragmatic Play,pragmaticexternal,pragmaticexternal:SpeedBlackjack12Azure,Speed Blackjack 12,READY
Pragmatic Play,pragmaticexternal,pragmaticexternal:SpeedBlackjack14Azure,Speed Blackjack 14,READY
Pragmatic Play,pragmaticexternal,pragmaticexternal:SpeedBlackjack17Ruby,Speed Blackjack 17,READY
Pragmatic Play,pragmaticexternal,pragmaticexternal:SpeedBlackjack20Emerald,Speed Blackjack 20,READY
Pragmatic Play,pragmaticexternal,pragmaticexternal:SpeedBlackjack21Emerald,Speed Blackjack 21,READY
Pragmatic Play,pragmaticexternal,pragmaticexternal:SpeedBlackjack22Emerald,Speed Blackjack 22,READY
Pragmatic Play,pragmaticexternal,pragmaticexternal:SpeedBlackjack24Emerald,Speed Blackjack 24,READY
Pragmatic Play,pragmaticexternal,pragmaticexternal:SpeedBlackjack25Emerald,Speed Blackjack 25,READY
Pragmatic Play,pragmaticexternal,pragmaticexternal:SpeedBlackjack26Emerald,Speed Blackjack 26,READY
Pragmatic Play,pragmaticexternal,pragmaticexternal:SpeedBlackjack27Emerald,Speed Blackjack 27,READY
Pragmatic Play,pragmaticexternal,pragmaticexternal:SpeedBlackjack30Emerald,Speed Blackjack 30,READY
Pragmatic Play,pragmaticexternal,pragmaticexternal:SpeedBlackjack31Emerald,Speed Blackjack 31,NOT_IN_CATALOGUE
Pragmatic Play,pragmaticexternal,pragmaticexternal:SpeedBlackjack32Emerald,Speed Blackjack 32,NOT_IN_CATALOGUE
Pragmatic Play,pragmaticexternal,pragmaticexternal:SpeedBlackjack34Emerald,Speed Blackjack 34,NOT_IN_CATALOGUE
Pragmatic Play,pragmaticexternal,pragmaticexternal:SpeedBlackjack35Emerald,Speed Blackjack 35,NOT_IN_CATALOGUE
Pragmatic Play,pragmaticexternal,pragmaticexternal:SpeedBlackjack38Ruby,Speed Blackjack 38,NOT_IN_CATALOGUE
Pragmatic Play,pragmaticexternal,pragmaticexternal:SpeedBlackjack39Ruby,Speed Blackjack 39,READY
Pragmatic Play,pragmaticexternal,pragmaticexternal:SpeedBlackjack40Emerald,Speed Blackjack 40,NOT_IN_CATALOGUE
Pragmatic Play,pragmaticexternal,pragmaticexternal:SpeedBlackjack41Emerald,Speed Blackjack 41,NOT_IN_CATALOGUE
Pragmatic Play,pragmaticexternal,pragmaticexternal:SpeedBlackjack42Emerald,Speed Blackjack 42,NOT_IN_CATALOGUE
Pragmatic Play,pragmaticexternal,pragmaticexternal:SpeedBlackjack43Azure,Speed Blackjack 43,NOT_IN_CATALOGUE
Pragmatic Play,pragmaticexternal,pragmaticexternal:SpeedBlackjack44Azure,Speed Blackjack 44,NOT_IN_CATALOGUE
Pragmatic Play,pragmaticexternal,pragmaticexternal:SpeedBlackjack45Azure,Speed Blackjack 45,NOT_IN_CATALOGUE
Pragmatic Play,pragmaticexternal,pragmaticexternal:SpeedBlackjack46Azure,Speed Blackjack 46,NOT_IN_CATALOGUE
Pragmatic Play,pragmaticexternal,pragmaticexternal:SpeedBlackjack47Azure,Speed Blackjack 47,NOT_IN_CATALOGUE
Pragmatic Play,pragmaticexternal,pragmaticexternal:SpeedBlackjack51Azure,Speed Blackjack 51,NOT_IN_CATALOGUE
Pragmatic Play,pragmaticexternal,pragmaticexternal:SpeedBlackjack52Azure,Speed Blackjack 52,NOT_IN_CATALOGUE
Pragmatic Play,pragmaticexternal,pragmaticexternal:SpeedBlackjack53Azure,Speed Blackjack 53,NOT_IN_CATALOGUE
Pragmatic Play,pragmaticexternal,pragmaticexternal:SpeedBlackjack54Azure,Speed Blackjack 54,NOT_IN_CATALOGUE
Pragmatic Play,pragmaticexternal,pragmaticexternal:SpeedBlackjack55Emerald,Speed Blackjack 55,READY
Pragmatic Play,pragmaticexternal,pragmaticexternal:SpeedBlackjack56Emerald,Speed Blackjack 56,NOT_IN_CATALOGUE
Pragmatic Play,pragmaticexternal,pragmaticexternal:SpeedBlackjack57Emerald,Speed Blackjack 57,NOT_IN_CATALOGUE
Pragmatic Play,pragmaticexternal,pragmaticexternal:SpeedBlackjack58Emerald,Speed Blackjack 58,NOT_IN_CATALOGUE
Pragmatic Play,pragmaticexternal,pragmaticexternal:SpeedBlackjack59Emerald,Speed Blackjack 59,NOT_IN_CATALOGUE
Pragmatic Play,pragmaticexternal,pragmaticexternal:SpeedBlackjackLatino1,Speed Blackjack Latino 1,NOT_IN_CATALOGUE
Pragmatic Play,pragmaticexternal,pragmaticexternal:SpeedBlackjackLatino2,Speed Blackjack Latino 2,NOT_IN_CATALOGUE
Pragmatic Play,pragmaticexternal,pragmaticexternal:SpeedBlackjackLatino3,Speed Blackjack Latino 3,NOT_IN_CATALOGUE
Pragmatic Play,pragmaticexternal,pragmaticexternal:SpeedRoulette,Speed Roulette,OTHER_PROVIDER
Pragmatic Play,pragmaticexternal,pragmaticexternal:SpeedRoulette2,Speed Roulette 2,NOT_IN_CATALOGUE
Pragmatic Play,pragmaticexternal,pragmaticexternal:SpeedRouletteLatina,Speed Roulette Latina,NOT_IN_CATALOGUE
Pragmatic Play,pragmaticexternal,pragmaticexternal:SpellbindingMystery,Spellbinding Mystery,READY
Pragmatic Play,pragmaticexternal,pragmaticexternal:Spellmaster,Spellmaster,READY
Pragmatic Play,pragmaticexternal,pragmaticexternal:SpinandScoreMegaways,Spin & Score Megaways,NOT_IN_CATALOGUE
Pragmatic Play,pragmaticexternal,pragmaticexternal:Spire,Spire+,READY
Pragmatic Play,pragmaticexternal,pragmaticexternal:SpiritofAdventure,Spirit of Adventure,READY
Pragmatic Play,pragmaticexternal,pragmaticexternal:SqueezeBaccarat,Squeeze Baccarat,NOT_IN_CATALOGUE
Pragmatic Play,pragmaticexternal,pragmaticexternal:StarBounty,Star Bounty,READY
Pragmatic Play,pragmaticexternal,pragmaticexternal:StarPiratesCode,Star Pirates Code,READY
Pragmatic Play,pragmaticexternal,pragmaticexternal:StarlightChristmas,Starlight Christmas,READY
Pragmatic Play,pragmaticexternal,pragmaticexternal:StarlightPrincess,Starlight Princess,READY
Pragmatic Play,pragmaticexternal,pragmaticexternal:StarlightPrincess1000,Starlight Princess 1000,READY
Pragmatic Play,pragmaticexternal,pragmaticexternal:StarlightPrincessPachi,Starlight Princess Pachi,READY
Pragmatic Play,pragmaticexternal,pragmaticexternal:StarlightPrincessSuperScatter,Starlight Princess Super Scatter,READY
Pragmatic Play,pragmaticexternal,pragmaticexternal:StarlightWins,Starlight Wins,READY
Pragmatic Play,pragmaticexternal,pragmaticexternal:StarzMegaways,Starz Megaways,READY
Pragmatic Play,pragmaticexternal,pragmaticexternal:SteaminReels,Steamin' Reels,READY
Pragmatic Play,pragmaticexternal,pragmaticexternal:StickyBees,Sticky Bees,READY
Pragmatic Play,pragmaticexternal,pragmaticexternal:StrawberryCocktail,Strawberry Cocktail,READY
Pragmatic Play,pragmaticexternal,pragmaticexternal:StreetRace,Street Racer,READY
Pragmatic Play,pragmaticexternal,pragmaticexternal:StrikingHot5,Striking Hot 5,READY
Pragmatic Play,pragmaticexternal,pragmaticexternal:StrikingHot5JackpotPlay,Striking Hot 5 Jackpot Play,NOT_IN_CATALOGUE
Pragmatic Play,pragmaticexternal,pragmaticexternal:SugarRush1,Sugar Rush,READY
Pragmatic Play,pragmaticexternal,pragmaticexternal:SugarRush1000,Sugar Rush 1000,READY
Pragmatic Play,pragmaticexternal,pragmaticexternal:SugarRushDice,Sugar Rush Dice,READY
Pragmatic Play,pragmaticexternal,pragmaticexternal:SugarRushSuperScatter,Sugar Rush Super Scatter,READY
Pragmatic Play,pragmaticexternal,pragmaticexternal:SugarRushXmas,Sugar Rush Xmas,READY
Pragmatic Play,pragmaticexternal,pragmaticexternal:SugarSupremePowernudge,Sugar Supreme Powernudge,READY
Pragmatic Play,pragmaticexternal,pragmaticexternal:SumoSupremeMegaways,Sumo Supreme Megaways,READY
Pragmatic Play,pragmaticexternal,pragmaticexternal:SunnydazeAsylum,Sunnydaze Asylum,READY
Pragmatic Play,pragmaticexternal,pragmaticexternal:Super7s,Super 7s,READY
Pragmatic Play,pragmaticexternal,pragmaticexternal:Super8Baccarat,Super 8 Baccarat,READY
Pragmatic Play,pragmaticexternal,pragmaticexternal:SuperGummyStrike,Super Gummy Strike,READY
Pragmatic Play,pragmaticexternal,pragmaticexternal:SuperJoker,Super Joker,READY
Pragmatic Play,pragmaticexternal,pragmaticexternal:SuperSerge,Super Serge,NOT_IN_CATALOGUE
Pragmatic Play,pragmaticexternal,pragmaticexternal:SuperTikiStrike,Super Tiki Strike,READY
Pragmatic Play,pragmaticexternal,pragmaticexternal:SuperX,Super X,READY
Pragmatic Play,pragmaticexternal,pragmaticexternal:SweetBonanza,Sweet Bonanza,READY
Pragmatic Play,pragmaticexternal,pragmaticexternal:SweetBonanza1000,Sweet Bonanza 1000,READY
Pragmatic Play,pragmaticexternal,pragmaticexternal:SweetBonanza1000Dice,Sweet Bonanza 1000 Dice,READY
Pragmatic Play,pragmaticexternal,pragmaticexternal:SweetBonanza2500,Sweet Bonanza 2500,READY
Pragmatic Play,pragmaticexternal,pragmaticexternal:SweetBonanzaCandyland,Sweet Bonanza Candyland,READY
Pragmatic Play,pragmaticexternal,pragmaticexternal:SweetBonanzaDice,Sweet Bonanza Dice,READY
Pragmatic Play,pragmaticexternal,pragmaticexternal:SweetBonanzaSuperScatter,Sweet Bonanza Super Scatter,READY
Pragmatic Play,pragmaticexternal,pragmaticexternal:SweetBonanzaXmas,Sweet Bonanza Xmas,READY
Pragmatic Play,pragmaticexternal,pragmaticexternal:SweetBurst,Sweet Burst,READY
Pragmatic Play,pragmaticexternal,pragmaticexternal:SweetCraze,Sweet Craze,READY
Pragmatic Play,pragmaticexternal,pragmaticexternal:SweetKingdom,Sweet Kingdom,READY
Pragmatic Play,pragmaticexternal,pragmaticexternal:SweetPowernudge,Sweet Powernudge,READY
Pragmatic Play,pragmaticexternal,pragmaticexternal:SweetRushBonanza,Sweet Rush Bonanza,READY
Pragmatic Play,pragmaticexternal,pragmaticexternal:SwordofAres,Sword of Ares,READY
Pragmatic Play,pragmaticexternal,pragmaticexternal:TempleGuardians,Temple Guardians,READY
Pragmatic Play,pragmaticexternal,pragmaticexternal:TemujinTreasures,Temujin Treasures,READY
Pragmatic Play,pragmaticexternal,pragmaticexternal:ThaiBaccarat1,Thai Baccarat 1,NOT_IN_CATALOGUE
Pragmatic Play,pragmaticexternal,pragmaticexternal:ThaiSpeedBaccarat1,Thai Speed Baccarat 1,NOT_IN_CATALOGUE
Pragmatic Play,pragmaticexternal,pragmaticexternal:TheAlterEgo,The Alter Ego,READY
Pragmatic Play,pragmaticexternal,pragmaticexternal:TheAmazingMoneyMachine1,The Amazing Money Machine,NOT_IN_CATALOGUE
Pragmatic Play,pragmaticexternal,pragmaticexternal:TheBigDawgs,The Big Dawgs,READY
Pragmatic Play,pragmaticexternal,pragmaticexternal:TheBigDogHouse,The Big Dog House,READY
Pragmatic Play,pragmaticexternal,pragmaticexternal:TheBingoSpot,The Bingo Spot,READY
Pragmatic Play,pragmaticexternal,pragmaticexternal:TheChampions,The Champions,READY
Pragmatic Play,pragmaticexternal,pragmaticexternal:TheDogHouse,The Dog House,READY
Pragmatic Play,pragmaticexternal,pragmaticexternal:TheDogHouseDogorAlive,The Dog House - Dog or Alive,READY
Pragmatic Play,pragmaticexternal,pragmaticexternal:TheDogHouseRoyalHunt,The Dog House - Royal Hunt,READY
Pragmatic Play,pragmaticexternal,pragmaticexternal:TheDogHouseMuttleyCrew,The Dog House – Muttley Crew,READY
Pragmatic Play,pragmaticexternal,pragmaticexternal:TheDogHouseDiceShow,The Dog House Dice Show,READY
Pragmatic Play,pragmaticexternal,pragmaticexternal:TheDogHouseMegaways1,The Dog House Megaways,READY
Pragmatic Play,pragmaticexternal,pragmaticexternal:TheDogHouseMegaways1000,The Dog House Megaways 1000,READY
Pragmatic Play,pragmaticexternal,pragmaticexternal:TheDogHouseMultihold,The Dog House Multihold,READY
Pragmatic Play,pragmaticexternal,pragmaticexternal:TheGreatChickenEscape,The Great Chicken Escape,READY
Pragmatic Play,pragmaticexternal,pragmaticexternal:TheGreatStickUp,The Great Stick-Up,READY
Pragmatic Play,pragmaticexternal,pragmaticexternal:TheHandOfMidas,The Hand of Midas,READY
Pragmatic Play,pragmaticexternal,pragmaticexternal:TheKnightKing,The Knight King,READY
Pragmatic Play,pragmaticexternal,pragmaticexternal:TheMagicCauldronEnchantedBrew1,The Magic Cauldron - Enchanted Brew,NOT_IN_CATALOGUE
Pragmatic Play,pragmaticexternal,pragmaticexternal:TheMoneyMenMegaways,The Money Men Megaways,READY
Pragmatic Play,pragmaticexternal,pragmaticexternal:TheRedQueen,The Red Queen,READY
Pragmatic Play,pragmaticexternal,pragmaticexternal:TheTweetyHouse,The Tweety House,READY
Pragmatic Play,pragmaticexternal,pragmaticexternal:TheUltimate5,The Ultimate 5,READY
Pragmatic Play,pragmaticexternal,pragmaticexternal:TheWildGang,The Wild Gang,READY
Pragmatic Play,pragmaticexternal,pragmaticexternal:TheWildMachine,The Wild Machine,READY
Pragmatic Play,pragmaticexternal,pragmaticexternal:ThreeStarFortune,Three Star Fortune,READY
Pragmatic Play,pragmaticexternal,pragmaticexternal:TicTacTake,Tic Tac Take,READY
Pragmatic Play,pragmaticexternal,pragmaticexternal:TikiHutMegawaysJackpotPlay,Tiki Hut Megaways Jackpot Play,NOT_IN_CATALOGUE
Pragmatic Play,pragmaticexternal,pragmaticexternal:TimberStacks,Timber Stacks,READY
Pragmatic Play,pragmaticexternal,pragmaticexternal:TinyToads,Tiny Toads,READY
Pragmatic Play,pragmaticexternal,pragmaticexternal:TopazBlackjack,Topaz Blackjack,NOT_IN_CATALOGUE
Pragmatic Play,pragmaticexternal,pragmaticexternal:TopazBlackjack2,Topaz Blackjack 2,NOT_IN_CATALOGUE
Pragmatic Play,pragmaticexternal,pragmaticexternal:TouroSortudo,Touro Sortudo,NOT_IN_CATALOGUE
Pragmatic Play,pragmaticexternal,pragmaticexternal:ToweringFortunes,Towering Fortunes,READY
Pragmatic Play,pragmaticexternal,pragmaticexternal:TreasureHorse,Treasure Horse,READY
Pragmatic Play,pragmaticexternal,pragmaticexternal:TreasureIsland,Treasure Island,READY
Pragmatic Play,pragmaticexternal,pragmaticexternal:TreasureWild,Treasure Wild,READY
Pragmatic Play,pragmaticexternal,pragmaticexternal:TreasuresofOsiris,Treasures of Osiris,READY
Pragmatic Play,pragmaticexternal,pragmaticexternal:TreeofRiches,Tree of Riches,READY
Pragmatic Play,pragmaticexternal,pragmaticexternal:TreesofTreasure,Trees of Treasure,READY
Pragmatic Play,pragmaticexternal,pragmaticexternal:TripleDragons,Triple Dragons,READY
Pragmatic Play,pragmaticexternal,pragmaticexternal:TripleHopPots,Triple Hop Pots,NOT_IN_CATALOGUE
Pragmatic Play,pragmaticexternal,pragmaticexternal:TripleJokers,Triple Jokers,READY
Pragmatic Play,pragmaticexternal,pragmaticexternal:TriplePotDiamond,Triple Pot Diamond,READY
Pragmatic Play,pragmaticexternal,pragmaticexternal:TriplePotGold,Triple Pot Gold,READY
Pragmatic Play,pragmaticexternal,pragmaticexternal:TriplePotPlinkoHercules,Triple Pot Plinko - Hercules,READY
Pragmatic Play,pragmaticexternal,pragmaticexternal:TripleTigers,Triple Tigers,READY
Pragmatic Play,pragmaticexternal,pragmaticexternal:TropicalPopJackpotPlay,Tropical Pop Jackpot Play,NOT_IN_CATALOGUE
Pragmatic Play,pragmaticexternal,pragmaticexternal:TropicalTiki,Tropical Tiki,READY
Pragmatic Play,pragmaticexternal,pragmaticexternal:TundrasFortune,Tundra’s Fortune,READY
Pragmatic Play,pragmaticexternal,pragmaticexternal:Baccarat8,Turbo Baccarat,NOT_IN_CATALOGUE
Pragmatic Play,pragmaticexternal,pragmaticexternal:TurboBaccaratLatino1,Turbo Baccarat Latino 1,NOT_IN_CATALOGUE
Pragmatic Play,pragmaticexternal,pragmaticexternal:BlackjackTurkish1,Turkish Blackjack 1,NOT_IN_CATALOGUE
Pragmatic Play,pragmaticexternal,pragmaticexternal:TurkishBlackjack3,Turkish Blackjack 3,NOT_IN_CATALOGUE
Pragmatic Play,pragmaticexternal,pragmaticexternal:TurkishBlackjack4,Turkish Blackjack 4,NOT_IN_CATALOGUE
Pragmatic Play,pragmaticexternal,pragmaticexternal:TurkishBlackjack5,Turkish Blackjack 5,NOT_IN_CATALOGUE
Pragmatic Play,pragmaticexternal,pragmaticexternal:TurkishBlackjack6,Turkish Blackjack 6,NOT_IN_CATALOGUE
Pragmatic Play,pragmaticexternal,pragmaticexternal:TurkishBlackjack7,Turkish Blackjack 7,NOT_IN_CATALOGUE
Pragmatic Play,pragmaticexternal,pragmaticexternal:TurkishBlackjack8,Turkish Blackjack 8,NOT_IN_CATALOGUE
Pragmatic Play,pragmaticexternal,pragmaticexternal:TurkishBlackjack9,Turkish Blackjack 9,NOT_IN_CATALOGUE
Pragmatic Play,pragmaticexternal,pragmaticexternal:TurkishBlackjack10,Turkish Blackjack 10,NOT_IN_CATALOGUE
Pragmatic Play,pragmaticexternal,pragmaticexternal:TurkishBlackjack11,Turkish Blackjack 11,NOT_IN_CATALOGUE
Pragmatic Play,pragmaticexternal,pragmaticexternal:TurkishBlackjack12,Turkish Blackjack 12,NOT_IN_CATALOGUE
Pragmatic Play,pragmaticexternal,pragmaticexternal:TurkishBlackjack13,Turkish Blackjack 13,NOT_IN_CATALOGUE
Pragmatic Play,pragmaticexternal,pragmaticexternal:TurkishBlackjack14,Turkish Blackjack 14,NOT_IN_CATALOGUE
Pragmatic Play,pragmaticexternal,pragmaticexternal:TurkishBlackjack15,Turkish Blackjack 15,NOT_IN_CATALOGUE
Pragmatic Play,pragmaticexternal,pragmaticexternal:TurkishBlackjack16,Turkish Blackjack 16,NOT_IN_CATALOGUE
Pragmatic Play,pragmaticexternal,pragmaticexternal:TurkishBlackjack17,Turkish Blackjack 17,NOT_IN_CATALOGUE
Pragmatic Play,pragmaticexternal,pragmaticexternal:TurkishBlackjack18,Turkish Blackjack 18,NOT_IN_CATALOGUE
Pragmatic Play,pragmaticexternal,pragmaticexternal:TurkishBlackjack19,Turkish Blackjack 19,NOT_IN_CATALOGUE
Pragmatic Play,pragmaticexternal,pragmaticexternal:TurkishBlackjackX6,Turkish BlackjackX 6,NOT_IN_CATALOGUE
Pragmatic Play,pragmaticexternal,pragmaticexternal:TurkishBlackjackX7,Turkish BlackjackX 7,NOT_IN_CATALOGUE
Pragmatic Play,pragmaticexternal,pragmaticexternal:TurkishBlackjackX8,Turkish BlackjackX 8,NOT_IN_CATALOGUE
Pragmatic Play,pragmaticexternal,pragmaticexternal:TurkishBlackjackX9,Turkish BlackjackX 9,NOT_IN_CATALOGUE
Pragmatic Play,pragmaticexternal,pragmaticexternal:TurkishBlackjackX10,Turkish BlackjackX 10,NOT_IN_CATALOGUE
Pragmatic Play,pragmaticexternal,pragmaticexternal:TurkishBlackjackX11,Turkish BlackjackX 11,NOT_IN_CATALOGUE
Pragmatic Play,pragmaticexternal,pragmaticexternal:TurkishBlackjackX12,Turkish BlackjackX 12,NOT_IN_CATALOGUE
Pragmatic Play,pragmaticexternal,pragmaticexternal:TurkishBlackjackX13,Turkish BlackjackX 13,NOT_IN_CATALOGUE
Pragmatic Play,pragmaticexternal,pragmaticexternal:TurkishBlackjackX14,Turkish BlackjackX 14,NOT_IN_CATALOGUE
Pragmatic Play,pragmaticexternal,pragmaticexternal:TurkishBlackjackX15,Turkish BlackjackX 15,NOT_IN_CATALOGUE
Pragmatic Play,pragmaticexternal,pragmaticexternal:TurkishBlackjackX16,Turkish BlackjackX 16,NOT_IN_CATALOGUE
Pragmatic Play,pragmaticexternal,pragmaticexternal:TurkishBlackjackX17,Turkish BlackjackX 17,NOT_IN_CATALOGUE
Pragmatic Play,pragmaticexternal,pragmaticexternal:TurkishBlackjackX18,Turkish BlackjackX 18,NOT_IN_CATALOGUE
Pragmatic Play,pragmaticexternal,pragmaticexternal:TurkishBlackjackX19,Turkish BlackjackX 19,NOT_IN_CATALOGUE
Pragmatic Play,pragmaticexternal,pragmaticexternal:TurkishBlackjackX20,Turkish BlackjackX 20,NOT_IN_CATALOGUE
Pragmatic Play,pragmaticexternal,pragmaticexternal:TurkishFreeBetBlackjack1,Turkish Free Bet Blackjack 1,NOT_IN_CATALOGUE
Pragmatic Play,pragmaticexternal,pragmaticexternal:TurkishFreeBetBlackjack2,Turkish Free Bet Blackjack 2,NOT_IN_CATALOGUE
Pragmatic Play,pragmaticexternal,pragmaticexternal:TurkishFreeBetBlackjack3,Turkish Free Bet Blackjack 3,NOT_IN_CATALOGUE
Pragmatic Play,pragmaticexternal,pragmaticexternal:TurkishMegaRoulette,Turkish Mega Roulette,NOT_IN_CATALOGUE
Pragmatic Play,pragmaticexternal,pragmaticexternal:TurkishONEBlackjack,Turkish ONE Blackjack,NOT_IN_CATALOGUE
Pragmatic Play,pragmaticexternal,pragmaticexternal:TurkishPriveLoungeBlackjack2,Turkish Privé Lounge Blackjack 2,NOT_IN_CATALOGUE
Pragmatic Play,pragmaticexternal,pragmaticexternal:TurkishPriveLoungeBlackjack3,Turkish Privé Lounge Blackjack 3,NOT_IN_CATALOGUE
Pragmatic Play,pragmaticexternal,pragmaticexternal:Roulette6Turkish,Turkish Roulette,OTHER_PROVIDER
Pragmatic Play,pragmaticexternal,pragmaticexternal:SpeedBlackjackTurkish1,Turkish Speed Blackjack 1,NOT_IN_CATALOGUE
Pragmatic Play,pragmaticexternal,pragmaticexternal:TurkishSpeedBlackjack3,Turkish Speed Blackjack 3,NOT_IN_CATALOGUE
Pragmatic Play,pragmaticexternal,pragmaticexternal:TurkishSpeedBlackjack4,Turkish Speed Blackjack 4,NOT_IN_CATALOGUE
Pragmatic Play,pragmaticexternal,pragmaticexternal:TurkishSpeedBlackjack5,Turkish Speed Blackjack 5,NOT_IN_CATALOGUE
Pragmatic Play,pragmaticexternal,pragmaticexternal:TurkishSpeedBlackjack6,Turkish Speed Blackjack 6,NOT_IN_CATALOGUE
Pragmatic Play,pragmaticexternal,pragmaticexternal:VIPBlackjackTurkish1,Turkish VIP Blackjack 1,NOT_IN_CATALOGUE
Pragmatic Play,pragmaticexternal,pragmaticexternal:TurkishVIPBlackjack2,Turkish VIP Blackjack 2,NOT_IN_CATALOGUE
Pragmatic Play,pragmaticexternal,pragmaticexternal:TurkishVIPBlackjack3,Turkish VIP Blackjack 3,NOT_IN_CATALOGUE
Pragmatic Play,pragmaticexternal,pragmaticexternal:TurkishVIPBlackjack4,Turkish VIP Blackjack 4,NOT_IN_CATALOGUE
Pragmatic Play,pragmaticexternal,pragmaticexternal:TurkishVIPBlackjack5,Turkish VIP Blackjack 5,NOT_IN_CATALOGUE
Pragmatic Play,pragmaticexternal,pragmaticexternal:TurkishVIPBlackjack6,Turkish VIP Blackjack 6,NOT_IN_CATALOGUE
Pragmatic Play,pragmaticexternal,pragmaticexternal:TutsTreasureTower,Tut's Treasure Tower,READY
Pragmatic Play,pragmaticexternal,pragmaticexternal:TwilightPrincess,Twilight Princess,READY
Pragmatic Play,pragmaticexternal,pragmaticexternal:UltraBurn,Ultra Burn,READY
Pragmatic Play,pragmaticexternal,pragmaticexternal:UltraBurnDice,Ultra Burn Dice,NOT_IN_CATALOGUE
Pragmatic Play,pragmaticexternal,pragmaticexternal:UltraHoldandSpin,Ultra Hold and Spin,READY
Pragmatic Play,pragmaticexternal,pragmaticexternal:VampiresvsWolves,Vampires vs Wolves,READY
Pragmatic Play,pragmaticexternal,pragmaticexternal:VampyParty,Vampy Party,READY
Pragmatic Play,pragmaticexternal,pragmaticexternal:VegasMagic,Vegas Magic,READY
Pragmatic Play,pragmaticexternal,pragmaticexternal:VegasNights,Vegas Nights,READY
Pragmatic Play,pragmaticexternal,pragmaticexternal:VietnameseSpeedBaccarat1,Vietnamese Speed Baccarat 1,NOT_IN_CATALOGUE
Pragmatic Play,pragmaticexternal,pragmaticexternal:VietnameseSpeedBaccarat2,Vietnamese Speed Baccarat 2,NOT_IN_CATALOGUE
Pragmatic Play,pragmaticexternal,pragmaticexternal:VietnameseSpeedBaccarat3,Vietnamese Speed Baccarat 3,NOT_IN_CATALOGUE
Pragmatic Play,pragmaticexternal,pragmaticexternal:VikingForge,Viking Forge,READY
Pragmatic Play,pragmaticexternal,pragmaticexternal:VIPAutoRoulette,VIP Auto Roulette,READY
Pragmatic Play,pragmaticexternal,pragmaticexternal:VIPBlackjack1Ruby,VIP Blackjack 1,READY
Pragmatic Play,pragmaticexternal,pragmaticexternal:VIPBlackjack2Ruby,VIP Blackjack 2,READY
Pragmatic Play,pragmaticexternal,pragmaticexternal:VIPBlackjack3Ruby,VIP Blackjack 3,READY
Pragmatic Play,pragmaticexternal,pragmaticexternal:VIPBlackjack4Ruby,VIP Blackjack 4,READY
Pragmatic Play,pragmaticexternal,pragmaticexternal:VIPBlackjack5Ruby,VIP Blackjack 5,READY
Pragmatic Play,pragmaticexternal,pragmaticexternal:VIPBlackjack6Emerald,VIP Blackjack 6,READY
Pragmatic Play,pragmaticexternal,pragmaticexternal:VIPBlackjack7Emerald,VIP Blackjack 7,READY
Pragmatic Play,pragmaticexternal,pragmaticexternal:VIPBlackjack8Emerald,VIP Blackjack 8,READY
Pragmatic Play,pragmaticexternal,pragmaticexternal:Blackjack68Ruby,VIP Blackjack 11,READY
Pragmatic Play,pragmaticexternal,pragmaticexternal:Blackjack69Ruby,VIP Blackjack 12,READY
Pragmatic Play,pragmaticexternal,pragmaticexternal:VIPBlackjack13Emerald,VIP Blackjack 13,READY
Pragmatic Play,pragmaticexternal,pragmaticexternal:VIPBlackjack14Emerald,VIP Blackjack 14,READY
Pragmatic Play,pragmaticexternal,pragmaticexternal:VIPBlackjackLatino1,VIP Blackjack Latino 1,NOT_IN_CATALOGUE
Pragmatic Play,pragmaticexternal,pragmaticexternal:VIPBlackjackLatino2,VIP Blackjack Latino 2,NOT_IN_CATALOGUE
Pragmatic Play,pragmaticexternal,pragmaticexternal:VIPBlackjackLatino3,VIP Blackjack Latino 3,NOT_IN_CATALOGUE
Pragmatic Play,pragmaticexternal,pragmaticexternal:Roulette9TheClub,VIP Roulette,READY
Pragmatic Play,pragmaticexternal,pragmaticexternal:VivaBrasilRoulette,Viva Brasil Roulette,NOT_IN_CATALOGUE
Pragmatic Play,pragmaticexternal,pragmaticexternal:VolcanoGoddess,Volcano Goddess,READY
Pragmatic Play,pragmaticexternal,pragmaticexternal:VoodooMagic,Voodoo Magic,READY
Pragmatic Play,pragmaticexternal,pragmaticexternal:WavesOfPoseidon,Waves Of Poseidon,READY
Pragmatic Play,pragmaticexternal,pragmaticexternal:WealthyFrog,Wealthy Frog,READY
Pragmatic Play,pragmaticexternal,pragmaticexternal:WheelOGold,Wheel O'Gold,READY
Pragmatic Play,pragmaticexternal,pragmaticexternal:WheelofHappiness,Wheel of Happiness,READY
Pragmatic Play,pragmaticexternal,pragmaticexternal:WildBeachParty,Wild Beach Party,READY
Pragmatic Play,pragmaticexternal,pragmaticexternal:WildBooster1,Wild Booster,READY
Pragmatic Play,pragmaticexternal,pragmaticexternal:WildCelebrityBusMegaways,Wild Celebrity Bus Megaways,READY
Pragmatic Play,pragmaticexternal,pragmaticexternal:WildDepth,Wild Depths,READY
Pragmatic Play,pragmaticexternal,pragmaticexternal:WildGladiators,Wild Gladiators,READY
Pragmatic Play,pragmaticexternal,pragmaticexternal:WildHopDrop,Wild Hop & Drop,NOT_IN_CATALOGUE
Pragmatic Play,pragmaticexternal,pragmaticexternal:WildPixies,Wild Pixies,READY
Pragmatic Play,pragmaticexternal,pragmaticexternal:WildSkullz,Wild Skullz,READY
Pragmatic Play,pragmaticexternal,pragmaticexternal:WildSpells,Wild Spells,READY
Pragmatic Play,pragmaticexternal,pragmaticexternal:WildWalker,Wild Walker,READY
Pragmatic Play,pragmaticexternal,pragmaticexternal:WildWestDuels,Wild West Duels,READY
Pragmatic Play,pragmaticexternal,pragmaticexternal:WildWestGold,Wild West Gold,READY
Pragmatic Play,pragmaticexternal,pragmaticexternal:WildWestGoldBlazingBounty,Wild West Gold Blazing Bounty,READY
Pragmatic Play,pragmaticexternal,pragmaticexternal:WildWestGoldMegaways,Wild West Gold Megaways,READY
Pragmatic Play,pragmaticexternal,pragmaticexternal:WildWildBananas,Wild Wild Bananas,READY
Pragmatic Play,pragmaticexternal,pragmaticexternal:WildWildJoker,Wild Wild Joker,READY
Pragmatic Play,pragmaticexternal,pragmaticexternal:WildWildPearls,Wild Wild Pearls,READY
Pragmatic Play,pragmaticexternal,pragmaticexternal:WildWildRiches,Wild Wild Riches,READY
Pragmatic Play,pragmaticexternal,pragmaticexternal:WildWildRichesMegaways,Wild Wild Riches Megaways,READY
Pragmatic Play,pragmaticexternal,pragmaticexternal:WildWildRichesReturns,Wild Wild Riches Returns,READY
Pragmatic Play,pragmaticexternal,pragmaticexternal:WildWildebeestWins,Wild Wildebeest Wins,READY
Pragmatic Play,pragmaticexternal,pragmaticexternal:Wildies,Wildies,READY
Pragmatic Play,pragmaticexternal,pragmaticexternal:WisdomofAthena,Wisdom of Athena,READY
Pragmatic Play,pragmaticexternal,pragmaticexternal:WisdomofAthena1000,Wisdom of Athena 1000,READY
Pragmatic Play,pragmaticexternal,pragmaticexternal:WisdomofAthena1000Xmas,Wisdom of Athena 1000 Xmas,READY
Pragmatic Play,pragmaticexternal,pragmaticexternal:WitchHeartMegaways,Witch Heart Megaways,READY
Pragmatic Play,pragmaticexternal,pragmaticexternal:WolfGold,Wolf Gold,READY
Pragmatic Play,pragmaticexternal,pragmaticexternal:WolfGold1000000,Wolf Gold 1 000 000,NOT_IN_CATALOGUE
Pragmatic Play,pragmaticexternal,pragmaticexternal:WolfGold4Pack,Wolf Gold 4 Pack,READY
Pragmatic Play,pragmaticexternal,pragmaticexternal:WolfGoldDice,Wolf Gold Dice,READY
Pragmatic Play,pragmaticexternal,pragmaticexternal:WolfGoldUltimate,Wolf Gold Ultimate,READY
Pragmatic Play,pragmaticexternal,pragmaticexternal:WondersofAztec,Wonders of Aztec,NOT_IN_CATALOGUE
Pragmatic Play,pragmaticexternal,pragmaticexternal:MonkeyKingRush,Wukong Rush,NOT_IN_CATALOGUE
Pragmatic Play,pragmaticexternal,pragmaticexternal:YearoftheDragonKing,Year of the Dragon King,READY
Pragmatic Play,pragmaticexternal,pragmaticexternal:YetiQuest,Yeti Quest,READY
Pragmatic Play,pragmaticexternal,pragmaticexternal:YouCanPiggyBankOnIt,You Can Piggy Bank On It,NOT_IN_CATALOGUE
Pragmatic Play,pragmaticexternal,pragmaticexternal:YumYumPowerways,Yum Yum Powerways,READY
Pragmatic Play,pragmaticexternal,pragmaticexternal:ZeusvsHadesGodsofWar,Zeus vs Hades - Gods of War,READY
Pragmatic Play,pragmaticexternal,pragmaticexternal:ZeusvsHadesGodsofWar250,Zeus vs Hades – Gods of War 250,READY
Pragmatic Play,pragmaticexternal,pragmaticexternal:ZeusvsTyphon,Zeus vs Typhon,READY
Pragmatic Play,pragmaticexternal,pragmaticexternal:ZombieCarnival,Zombie Carnival,READY
Pragmatic Play,pragmaticexternal,pragmaticexternal:ZombieSchoolMegaways,Zombie School Megaways,READY
PG Soft,pgsoft,pgsoft:AlchemyGold,Alchemy Gold,READY
PG Soft,pgsoft,pgsoft:AlibabasCaveofFortune,Alibaba's Cave of Fortune,READY
PG Soft,pgsoft,pgsoft:AnubisWrath,Anubis Wrath,READY
PG Soft,pgsoft,pgsoft:AsgardianRising,Asgardian Rising,READY
PG Soft,pgsoft,pgsoft:BakeryBonanza,Bakery Bonanza,READY
PG Soft,pgsoft,pgsoft:BaliVacation,Bali Vacation,READY
PG Soft,pgsoft,pgsoft:BattlegroundRoyale,Battleground Royale,READY
PG Soft,pgsoft,pgsoft:BikiniParadise,Bikini Paradise,READY
PG Soft,pgsoft,pgsoft:BuffaloWin,Buffalo Win,READY
PG Soft,pgsoft,pgsoft:ButterflyBlossom,Butterfly Blossom,READY
PG Soft,pgsoft,pgsoft:CaishenWins,Caishen Wins,READY
PG Soft,pgsoft,pgsoft:CandyBurst,Candy Burst,READY
PG Soft,pgsoft,pgsoft:CandyBonanza,Candy Superwin,READY
PG Soft,pgsoft,pgsoft:CaptainsBounty,Captain's Bounty,READY
PG Soft,pgsoft,pgsoft:CashMania,Cash Mania,READY
PG Soft,pgsoft,pgsoft:ChickyRun,Chicky Run,READY
PG Soft,pgsoft,pgsoft:ChocolateDeluxe,Chocolate Deluxe,READY
PG Soft,pgsoft,pgsoft:CircusDelight,Circus Delight,READY
PG Soft,pgsoft,pgsoft:CocktailNights,Cocktail Nights,READY
PG Soft,pgsoft,pgsoft:CruiseRoyale,Cruise Royale,READY
PG Soft,pgsoft,pgsoft:CryptoGold,Crypto Gold,READY
PG Soft,pgsoft,pgsoft:DeadMansRiches,Dead Man's Riches,READY
PG Soft,pgsoft,pgsoft:DestinyofSunandMoon,Destiny of Sun and Moon,READY
PG Soft,pgsoft,pgsoft:DinerDelights,Diner Delights,READY
PG Soft,pgsoft,pgsoft:DinerFrenzySpins,Diner Frenzy Spins,READY
PG Soft,pgsoft,pgsoft:DoomsdayRampage,Doomsday Rampage,READY
PG Soft,pgsoft,pgsoft:DoubleFortune,Double Fortune,READY
PG Soft,pgsoft,pgsoft:DragonHatch,Dragon Hatch,READY
PG Soft,pgsoft,pgsoft:DragonHatch2,Dragon Hatch 2,READY
PG Soft,pgsoft,pgsoft:DragonLegend,Dragon Legend,READY
PG Soft,pgsoft,pgsoft:DragonTigerLuck,Dragon Tiger Luck,READY
PG Soft,pgsoft,pgsoft:DragonsTreasureQuest,Dragon's Treasure Quest,READY
PG Soft,pgsoft,pgsoft:DreamsofMacau,Dreams of Macau,READY
PG Soft,pgsoft,pgsoft:EgyptsBookofMystery,Egypt's Book of Mystery,READY
PG Soft,pgsoft,pgsoft:EmojiRiches,Emoji Riches,READY
PG Soft,pgsoft,pgsoft:EmperorsFavour,Emperor's Favour,READY
PG Soft,pgsoft,pgsoft:FarmsteadFortune,Farmstead Fortune,READY
PG Soft,pgsoft,pgsoft:FlirtingScholar,Flirting Scholar,READY
PG Soft,pgsoft,pgsoft:ForbiddenAlchemy,Forbidden Alchemy,READY
PG Soft,pgsoft,pgsoft:ForgeofWealth,Forge of Wealth,READY
PG Soft,pgsoft,pgsoft:FortuneDragon,Fortune Dragon,READY
PG Soft,pgsoft,pgsoft:FortuneGods,Fortune Gods,READY
PG Soft,pgsoft,pgsoft:FortuneHorse,Fortune Horse,READY
PG Soft,pgsoft,pgsoft:FortuneMouse,Fortune Mouse,READY
PG Soft,pgsoft,pgsoft:FortuneOx,Fortune Ox,READY
PG Soft,pgsoft,pgsoft:FortuneRabbit,Fortune Rabbit,READY
PG Soft,pgsoft,pgsoft:FortuneSnake,Fortune Snake,READY
PG Soft,pgsoft,pgsoft:FortuneTiger,Fortune Tiger,READY
PG Soft,pgsoft,pgsoft:FruityCandy,Fruity Candy,READY
PG Soft,pgsoft,pgsoft:FunkyFortunez,Funky Fortunez,READY
PG Soft,pgsoft,pgsoft:FutebolFever,Futebol Fever,READY
PG Soft,pgsoft,pgsoft:GalacticGems,Galactic Gems,READY
PG Soft,pgsoft,pgsoft:GalaxyMiner,Galaxy Miner,READY
PG Soft,pgsoft,pgsoft:GaneshaFortune,Ganesha Fortune,READY
PG Soft,pgsoft,pgsoft:GaneshaGold,Ganesha Gold,READY
PG Soft,pgsoft,pgsoft:GarudaGems,Garuda Gems,READY
PG Soft,pgsoft,pgsoft:GeishasRevenge,Geisha's Revenge,READY
PG Soft,pgsoft,pgsoft:GemSaviour,Gem Saviour,READY
PG Soft,pgsoft,pgsoft:GemSaviourConquest,Gem Saviour Conquest,READY
PG Soft,pgsoft,pgsoft:GemSaviourSword,Gem Saviour Sword,READY
PG Soft,pgsoft,pgsoft:GemstonesGold,Gemstones Gold,READY
PG Soft,pgsoft,pgsoft:Genies3Wishes,Genie's 3 Wishes,READY
PG Soft,pgsoft,pgsoft:GladiatorsGlory,Gladiator's Glory,READY
PG Soft,pgsoft,pgsoft:GraffitiRush,Graffiti Rush,READY
PG Soft,pgsoft,pgsoft:GrimmsBountyHanselGretel,Grimms' Bounty: Hansel & Gretel,READY
PG Soft,pgsoft,pgsoft:GrimmsBountyPrincessAndtheFrog,Grimms' Bounty: Princess & the Frog,READY
PG Soft,pgsoft,pgsoft:GuardiansofIceFire,Guardians of Ice & Fire,READY
PG Soft,pgsoft,pgsoft:HawaiianTiki,Hawaiian Tiki,READY
PG Soft,pgsoft,pgsoft:HeistStakes,Heist Stakes,READY
PG Soft,pgsoft,pgsoft:HipHopPanda,Hip Hop Panda,READY
PG Soft,pgsoft,pgsoft:HoneyTrapofDiaoChan,Honey Trap of Diao Chan,READY
PG Soft,pgsoft,pgsoft:HoodvsWolf,Hood vs Wolf,READY
PG Soft,pgsoft,pgsoft:IncanWonders,Incan Wonders,READY
PG Soft,pgsoft,pgsoft:InfernoMayhem,Inferno Mayhem,READY
PG Soft,pgsoft,pgsoft:JackFrostsWinter,Jack Frost's Winter,READY
PG Soft,pgsoft,pgsoft:JacktheGiantHunter,Jack the Giant Hunter,READY
PG Soft,pgsoft,pgsoft:JewelsofProsperity,Jewels of Prosperity,READY
PG Soft,pgsoft,pgsoft:JourneytotheWealth,Journey to the Wealth,READY
PG Soft,pgsoft,pgsoft:JungleDelight,Jungle Delight,READY
PG Soft,pgsoft,pgsoft:JurassicKingdom,Jurassic Kingdom,READY
PG Soft,pgsoft,pgsoft:KnockoutRiches,Knockout Riches,READY
PG Soft,pgsoft,pgsoft:KrakenGoldRush,Kraken Gold Rush,READY
PG Soft,pgsoft,pgsoft:LegendofHouYi,Legend of Hou Yi,READY
PG Soft,pgsoft,pgsoft:LegendofPerseus,Legend of Perseus,READY
PG Soft,pgsoft,pgsoft:LegendaryMonkeyKing,Legendary Monkey King,READY
PG Soft,pgsoft,pgsoft:LeprechaunRiches,Leprechaun Riches,READY
PG Soft,pgsoft,pgsoft:LuckyCloverLady,Lucky Clover Riches,READY
PG Soft,pgsoft,pgsoft:LuckyMischief,Lucky Mischief,READY
PG Soft,pgsoft,pgsoft:LuckyNeko,Lucky Neko,READY
PG Soft,pgsoft,pgsoft:LuckyPiggy,Lucky Piggy,READY
PG Soft,pgsoft,pgsoft:MafiaMayhem,Mafia Mayhem,READY
PG Soft,pgsoft,pgsoft:MahjongWays,Mahjong Ways,READY
PG Soft,pgsoft,pgsoft:MahjongWays2,Mahjong Ways 2,READY
PG Soft,pgsoft,pgsoft:MajesticEmpire,Majestic Empire,READY
PG Soft,pgsoft,pgsoft:MajesticTreasures,Majestic Treasures,READY
PG Soft,pgsoft,pgsoft:MaskCarnival,Mask Carnival,READY
PG Soft,pgsoft,pgsoft:MayanDestiny,Mayan Destiny,READY
PG Soft,pgsoft,pgsoft:Medusa,Medusa,READY
PG Soft,pgsoft,pgsoft:MedusaII,Medusa II,READY
PG Soft,pgsoft,pgsoft:MermaidRiches,Mermaid Riches,READY
PG Soft,pgsoft,pgsoft:MidasFortune,Midas Fortune,READY
PG Soft,pgsoft,pgsoft:MightyMania,Mighty Mania,READY
PG Soft,pgsoft,pgsoft:MonkeysWildParty,Monkeys Wild Party,READY
PG Soft,pgsoft,pgsoft:MrHallowWin,Mr Hallow-Jackpot!,READY
PG Soft,pgsoft,pgsoft:MrTreasuresFortune,Mr. Treasure's Fortune,READY
PG Soft,pgsoft,pgsoft:MuayThaiChampion,Muay Thai Champion,READY
PG Soft,pgsoft,pgsoft:MuseumMystery,Museum Wonders,READY
PG Soft,pgsoft,pgsoft:MysticPotions,Mystic Potion,READY
PG Soft,pgsoft,pgsoft:MysticalSpirits,Mystical Spirits,READY
PG Soft,pgsoft,pgsoft:MythicalGuardians,Mythical Guardians,READY
PG Soft,pgsoft,pgsoft:NinjaRaccoonFrenzy,Ninja Raccoon Frenzy,READY
PG Soft,pgsoft,pgsoft:NinjavsSamurai,Ninja vs Samurai,READY
PG Soft,pgsoft,pgsoft:OishiDelights,Oishi Delights,READY
PG Soft,pgsoft,pgsoft:OperaDynasty,Opera Dynasty,READY
PG Soft,pgsoft,pgsoft:OrientalProsperity,Oriental Prosperity,READY
PG Soft,pgsoft,pgsoft:PerfectStrike,Perfect Strike,READY
PG Soft,pgsoft,pgsoft:PharaohRoyals,Pharaoh Royals,READY
PG Soft,pgsoft,pgsoft:PhoenixRises,Phoenix Rises,READY
PG Soft,pgsoft,pgsoft:PiggyGold,Piggy Gold,READY
PG Soft,pgsoft,pgsoft:PinataWins,Pinata Wins,READY
PG Soft,pgsoft,pgsoft:PlushieFrenzy,Plushie Frenzy,READY
PG Soft,pgsoft,pgsoft:PokerKingdomWin,Poker Kingdom Win,READY
PG Soft,pgsoft,pgsoft:ProsperityFortuneTree,Prosperity Fortune Tree,READY
PG Soft,pgsoft,pgsoft:ProsperityLion,Prosperity Lion,READY
PG Soft,pgsoft,pgsoft:QueenofBounty,Queen of Bounty,READY
PG Soft,pgsoft,pgsoft:RaiderJanesCryptofFortune,Raider Jane's Crypt of Fortune,READY
PG Soft,pgsoft,pgsoft:RavePartyFever,Rave Party Fever,READY
PG Soft,pgsoft,pgsoft:ReelLove,Reel Love,READY
PG Soft,pgsoft,pgsoft:ReelRoyaleShowdown,Reel Royale Showdown,READY
PG Soft,pgsoft,pgsoft:RioFantasia,Rio Fantasia,READY
PG Soft,pgsoft,pgsoft:RiseofApollo,Rise of the Sun God,READY
PG Soft,pgsoft,pgsoft:RoosterRumble,Rooster Rumble,READY
PG Soft,pgsoft,pgsoft:SafariWilds,Safari Wilds,READY
PG Soft,pgsoft,pgsoft:SantasGiftRush,Santa's Gift Rush,READY
PG Soft,pgsoft,pgsoft:SecretsofCleopatra,Secrets of Cleopatra,READY
PG Soft,pgsoft,pgsoft:ShaolinSoccer,Shaolin Soccer,READY
PG Soft,pgsoft,pgsoft:SharkHunter,Shark Bounty,READY
PG Soft,pgsoft,pgsoft:SkylightWonders,Skylight Wonders,READY
PG Soft,pgsoft,pgsoft:SongkranSplash,Songkran Splash,READY
PG Soft,pgsoft,pgsoft:SpeedWinner,Speed Winner,READY
PG Soft,pgsoft,pgsoft:SpiritedWonders,Spirited Wonders,READY
PG Soft,pgsoft,pgsoft:SuperGolfDrive,Super Golf Drive,READY
PG Soft,pgsoft,pgsoft:SuperWildrix,Super Wildrix,READY
PG Soft,pgsoft,pgsoft:SupermarketSpree,Supermarket Spree,READY
PG Soft,pgsoft,pgsoft:SymbolsofEgypt,Symbols of Egypt,READY
PG Soft,pgsoft,pgsoft:ThaiRiverWonders,Thai River Wonders,READY
PG Soft,pgsoft,pgsoft:TheGreatIcescape,The Great Icescape,READY
PG Soft,pgsoft,pgsoft:TheQueensBanquet,The Queen's Banquet,READY
PG Soft,pgsoft,pgsoft:ThreeCrazyPiggies,Three Crazy Piggies,READY
PG Soft,pgsoft,pgsoft:TornadoRampage,Tornado Rampage,READY
PG Soft,pgsoft,pgsoft:TotemWonders,Totem Wonders,READY
PG Soft,pgsoft,pgsoft:TouchdownWins,Touchdown Wins,READY
PG Soft,pgsoft,pgsoft:TreasuresofAztec,Treasures of Aztec,READY
PG Soft,pgsoft,pgsoft:TreeofFortune,Tree of Fortune,READY
PG Soft,pgsoft,pgsoft:TsarTreasures,Tsar Treasures,READY
PG Soft,pgsoft,pgsoft:UltimateStriker,Ultimate Striker,READY
PG Soft,pgsoft,pgsoft:VampiresCharm,Vampire's Charm,READY
PG Soft,pgsoft,pgsoft:WaysoftheQilin,Ways of the Qilin,READY
PG Soft,pgsoft,pgsoft:WereWolfsHunt,WereWolf's Hunt,READY
PG Soft,pgsoft,pgsoft:WildApe,Wild Ape #3258,READY
PG Soft,pgsoft,pgsoft:WildBandito,Wild Bandito,READY
PG Soft,pgsoft,pgsoft:WildBountyShowdown,Wild Bounty Showdown,READY
PG Soft,pgsoft,pgsoft:WildCoaster,Wild Coaster,READY
PG Soft,pgsoft,pgsoft:WildFireworks,Wild Fireworks,READY
PG Soft,pgsoft,pgsoft:WildHeistCashout,Wild Heist Cashout,READY
PG Soft,pgsoft,pgsoft:WinWinFishPrawnCrab,Win Win Fish Prawn Crab,READY
PG Soft,pgsoft,pgsoft:WinWinWon,Win Win Won,READY
PG Soft,pgsoft,pgsoft:WingsofIguazu,Wings of Iguazu,READY
PG Soft,pgsoft,pgsoft:YakuzaHonor,Yakuza Honor,READY
PG Soft,pgsoft,pgsoft:ZombieBlasters,Zombie Blasters,READY
PG Soft,pgsoft,pgsoft:ZombieOutbreak,Zombie Outbreak,READY
Shady Lady,shadylady,shadylady:BlackFriday,Black Friday,READY
Shady Lady,shadylady,shadylady:Brainwashed,Brainwashed,READY
Shady Lady,shadylady,shadylady:DevilsFinger,Devil's Finger,READY
Shady Lady,shadylady,shadylady:Laced,Laced,READY
Shady Lady,shadylady,shadylady:LoveNest,Love Nest,NOT_IN_CATALOGUE
Shady Lady,shadylady,shadylady:MortalBromance,Mortal Bromance,READY
Shady Lady,shadylady,shadylady:NUUKD,NUUKD,READY
Shady Lady,shadylady,shadylady:OfficeParty,Office Party,READY
Shady Lady,shadylady,shadylady:Oops,Oops,READY
Shady Lady,shadylady,shadylady:OrphanOrgan,Orphan Organ,READY
Shady Lady,shadylady,shadylady:Pissed,Pissed,READY
Shady Lady,shadylady,shadylady:PreachTV,Preach TV,READY
Shady Lady,shadylady,shadylady:Sew,Sew,READY
Shady Lady,shadylady,shadylady:Sheeple,Sheeple,READY
Shady Lady,shadylady,shadylady:Suck,Suck,READY
Shady Lady,shadylady,shadylady:Swoll,Swoll,READY
Shady Lady,shadylady,shadylady:TrapTower,Trap Tower,READY
Shady Lady,shadylady,shadylady:Truth,Truth,READY
155.io,onefivefive,onefivefive:CoinFlip,Coin Flip,NOT_IN_CATALOGUE
155.io,onefivefive,onefivefive:DuckRiver,Duck River,NOT_IN_CATALOGUE
155.io,onefivefive,onefivefive:FastLane,Fast Lane,NOT_IN_CATALOGUE
155.io,onefivefive,onefivefive:FishTank,Fish Tank,NOT_IN_CATALOGUE
155.io,onefivefive,onefivefive:Footfall,Footfall,NOT_IN_CATALOGUE
155.io,onefivefive,onefivefive:Lobby,Lobby,NOT_IN_CATALOGUE
155.io,onefivefive,onefivefive:MarblePlinko,Marble Plinko,NOT_IN_CATALOGUE
155.io,onefivefive,onefivefive:RollingDunes,Rolling Dunes,NOT_IN_CATALOGUE
155.io,onefivefive,onefivefive:RushHour,Rush Hour,NOT_IN_CATALOGUE
155.io,onefivefive,onefivefive:Snake,Snake,NOT_IN_CATALOGUE
155.io,onefivefive,onefivefive:SnowRun,Snow Run,NOT_IN_CATALOGUE
155.io,onefivefive,onefivefive:Stairpong,Stairpong,NOT_IN_CATALOGUE
155.io,onefivefive,onefivefive:Survivor,Survivor,NOT_IN_CATALOGUE
Fa Chai / FC Gaming,fcgaming,fcgaming:ANIMALRACING,ANIMAL RACING,READY
Fa Chai / FC Gaming,fcgaming,fcgaming:APOLLO,APOLLO,READY
Fa Chai / FC Gaming,fcgaming,fcgaming:BADRICHWOLF,BAD RICH WOLF,READY
Fa Chai / FC Gaming,fcgaming,fcgaming:BOXINGRICHES,BOXING RICHES,READY
Fa Chai / FC Gaming,fcgaming,fcgaming:BUFFALOWAYS,BUFFALO WAYS,NOT_IN_CATALOGUE
Fa Chai / FC Gaming,fcgaming,fcgaming:CATLASMONEYMACHINE,CATLA'S MONEY MACHINE,NOT_IN_CATALOGUE
Fa Chai / FC Gaming,fcgaming,fcgaming:CHILIHUAHUA,CHILIHUAHUA,NOT_IN_CATALOGUE
Fa Chai / FC Gaming,fcgaming,fcgaming:CHINESENEWYEAR,CHINESE NEW YEAR,OTHER_PROVIDER
Fa Chai / FC Gaming,fcgaming,fcgaming:CHINESENEWYEAR2,CHINESE NEW YEAR 2,NOT_IN_CATALOGUE
Fa Chai / FC Gaming,fcgaming,fcgaming:CHINESENEWYEARMOREWAYS,CHINESE NEW YEAR MOREWAYS,NOT_IN_CATALOGUE
Fa Chai / FC Gaming,fcgaming,fcgaming:CIRCUSDOZER,CIRCUS DOZER,NOT_IN_CATALOGUE
Fa Chai / FC Gaming,fcgaming,fcgaming:COWBOYS,COWBOYS,NOT_IN_CATALOGUE
Fa Chai / FC Gaming,fcgaming,fcgaming:CRAZYBUFFALO,CRAZY BUFFALO,NOT_IN_CATALOGUE
Fa Chai / FC Gaming,fcgaming,fcgaming:CYBERGODOFFORTUNE,CYBER GOD OF FORTUNE,NOT_IN_CATALOGUE
Fa Chai / FC Gaming,fcgaming,fcgaming:DALEMEN,DA LE MEN,NOT_IN_CATALOGUE
Fa Chai / FC Gaming,fcgaming,fcgaming:DJBOOMBOOM,DJ BOOM BOOM,NOT_IN_CATALOGUE
Fa Chai / FC Gaming,fcgaming,fcgaming:EGYPTBONANZA,EGYPT BONANZA,OTHER_PROVIDER
Fa Chai / FC Gaming,fcgaming,fcgaming:FACHAIDOZER,FA CHAI DOZER,NOT_IN_CATALOGUE
Fa Chai / FC Gaming,fcgaming,fcgaming:FORTUNEEGG,FORTUNE EGG,NOT_IN_CATALOGUE
Fa Chai / FC Gaming,fcgaming,fcgaming:FORTUNEGODDESS,FORTUNE GODDESS,NOT_IN_CATALOGUE
Fa Chai / FC Gaming,fcgaming,fcgaming:FORTUNEKOI,FORTUNE KOI,NOT_IN_CATALOGUE
Fa Chai / FC Gaming,fcgaming,fcgaming:FORTUNEMONEYBOOM,FORTUNE MONEY BOOM,NOT_IN_CATALOGUE
Fa Chai / FC Gaming,fcgaming,fcgaming:FORTUNESHEEP,FORTUNE SHEEP,NOT_IN_CATALOGUE
Fa Chai / FC Gaming,fcgaming,fcgaming:GLORYOFROME,GLORY OF ROME,NOT_IN_CATALOGUE
Fa Chai / FC Gaming,fcgaming,fcgaming:GOLDRUSH,GOLD RUSH,OTHER_PROVIDER
Fa Chai / FC Gaming,fcgaming,fcgaming:GOLDENGENIE,GOLDEN GENIE,OTHER_PROVIDER
Fa Chai / FC Gaming,fcgaming,fcgaming:GOLDENIDOL,GOLDEN IDOL,NOT_IN_CATALOGUE
Fa Chai / FC Gaming,fcgaming,fcgaming:GRANDBLUE,GRAND BLUE,NOT_IN_CATALOGUE
Fa Chai / FC Gaming,fcgaming,fcgaming:HAPPYDUOBAO,HAPPY DUO BAO,NOT_IN_CATALOGUE
Fa Chai / FC Gaming,fcgaming,fcgaming:HOTPOTPARTY,HOT POT PARTY,NOT_IN_CATALOGUE
Fa Chai / FC Gaming,fcgaming,fcgaming:KONGISLAND,KONG ISLAND,NOT_IN_CATALOGUE
Fa Chai / FC Gaming,fcgaming,fcgaming:LEGENDOFINCA,LEGEND OF INCA,NOT_IN_CATALOGUE
Fa Chai / FC Gaming,fcgaming,fcgaming:LIGHTNINGBOMB,LIGHTNING BOMB,NOT_IN_CATALOGUE
Fa Chai / FC Gaming,fcgaming,fcgaming:LUCKY9,LUCKY 9,NOT_IN_CATALOGUE
Fa Chai / FC Gaming,fcgaming,fcgaming:LUCKYFORTUNES,LUCKY FORTUNES,NOT_IN_CATALOGUE
Fa Chai / FC Gaming,fcgaming,fcgaming:LUCKYFORTUNES3x3,LUCKY FORTUNES 3x3,NOT_IN_CATALOGUE
Fa Chai / FC Gaming,fcgaming,fcgaming:LUXURYTHEGOLDENPANTHER,LUXURY THE GOLDEN PANTHER,NOT_IN_CATALOGUE
Fa Chai / FC Gaming,fcgaming,fcgaming:MAGICBEANS,MAGIC BEANS,READY
Fa Chai / FC Gaming,fcgaming,fcgaming:MERGEMAGIC,MERGE MAGIC,NOT_IN_CATALOGUE
Fa Chai / FC Gaming,fcgaming,fcgaming:MINES,MINES,OTHER_PROVIDER
Fa Chai / FC Gaming,fcgaming,fcgaming:MONEYTREEDOZER,MONEY TREE DOZER,NOT_IN_CATALOGUE
Fa Chai / FC Gaming,fcgaming,fcgaming:MUSCLEFORTUNECAT,MUSCLE FORTUNE CAT,NOT_IN_CATALOGUE
Fa Chai / FC Gaming,fcgaming,fcgaming:NIGHTMARKET,NIGHT MARKET,NOT_IN_CATALOGUE
Fa Chai / FC Gaming,fcgaming,fcgaming:NIGHTMARKET2,NIGHT MARKET 2,NOT_IN_CATALOGUE
Fa Chai / FC Gaming,fcgaming,fcgaming:OPENVAULT,OPEN VAULT,NOT_IN_CATALOGUE
Fa Chai / FC Gaming,fcgaming,fcgaming:PANDADRAGONBOAT,PANDA DRAGON BOAT,NOT_IN_CATALOGUE
Fa Chai / FC Gaming,fcgaming,fcgaming:PHOENIXFEVER,PHOENIX FEVER,NOT_IN_CATALOGUE
Fa Chai / FC Gaming,fcgaming,fcgaming:PHOENIXFEVERJACKPOT,PHOENIX FEVER JACKPOT,NOT_IN_CATALOGUE
Fa Chai / FC Gaming,fcgaming,fcgaming:POKERWIN,POKER WIN,NOT_IN_CATALOGUE
Fa Chai / FC Gaming,fcgaming,fcgaming:PONGPONGHU,PONG PONG HU,NOT_IN_CATALOGUE
Fa Chai / FC Gaming,fcgaming,fcgaming:QUEENOFINCA,QUEEN OF INCA,NOT_IN_CATALOGUE
Fa Chai / FC Gaming,fcgaming,fcgaming:QUEENOFINCA2,QUEEN OF INCA 2,NOT_IN_CATALOGUE
Fa Chai / FC Gaming,fcgaming,fcgaming:REVOLVERHARE,REVOLVER HARE,NOT_IN_CATALOGUE
Fa Chai / FC Gaming,fcgaming,fcgaming:RICHMAN,RICH MAN,NOT_IN_CATALOGUE
Fa Chai / FC Gaming,fcgaming,fcgaming:ROBINHOOD,ROBIN HOOD,OTHER_PROVIDER
Fa Chai / FC Gaming,fcgaming,fcgaming:ROMAGLADIATRIX,ROMA GLADIATRIX,NOT_IN_CATALOGUE
Fa Chai / FC Gaming,fcgaming,fcgaming:SUGARBANGBANG,SUGAR BANG BANG,NOT_IN_CATALOGUE
Fa Chai / FC Gaming,fcgaming,fcgaming:SUGARBANGBANG2,SUGAR BANG BANG 2,NOT_IN_CATALOGUE
Fa Chai / FC Gaming,fcgaming,fcgaming:SUGARBANGBANGPLUS,SUGAR BANG BANG PLUS,NOT_IN_CATALOGUE
Fa Chai / FC Gaming,fcgaming,fcgaming:SUPERCOLORGAME,SUPER COLOR GAME,OTHER_PROVIDER
Fa Chai / FC Gaming,fcgaming,fcgaming:SuperElements,Super Elements,NOT_IN_CATALOGUE
Fa Chai / FC Gaming,fcgaming,fcgaming:SUPERELEMENTS2,SUPER ELEMENTS 2,NOT_IN_CATALOGUE
Fa Chai / FC Gaming,fcgaming,fcgaming:SWORDOFKING,SWORD OF KING,NOT_IN_CATALOGUE
Fa Chai / FC Gaming,fcgaming,fcgaming:THETHEGOLDENPANTHER,THE THE GOLDEN PANTHER,NOT_IN_CATALOGUE
Fa Chai / FC Gaming,fcgaming,fcgaming:THREELITTLEPIGS,THREE LITTLE PIGS,NOT_IN_CATALOGUE
Fa Chai / FC Gaming,fcgaming,fcgaming:TOWER,TOWER,NOT_IN_CATALOGUE
Fa Chai / FC Gaming,fcgaming,fcgaming:TREASURECRUISE,TREASURE CRUISE,NOT_IN_CATALOGUE
Fa Chai / FC Gaming,fcgaming,fcgaming:TREASURERAIDERS,TREASURE RAIDERS,NOT_IN_CATALOGUE
Fa Chai / FC Gaming,fcgaming,fcgaming:TREASURESOFODIN,TREASURES OF ODIN,NOT_IN_CATALOGUE
Fa Chai / FC Gaming,fcgaming,fcgaming:WAROFTHEUNIVERSE,WAR OF THE UNIVERSE,NOT_IN_CATALOGUE
Fa Chai / FC Gaming,fcgaming,fcgaming:WINWINNEKO,WIN WIN NEKO,NOT_IN_CATALOGUE
Fa Chai / FC Gaming,fcgaming,fcgaming:ZEUS,ZEUS,NOT_IN_CATALOGUE
JILI,jiligames,jiligames:3ChargeBuffalo,3 Charge Buffalo,NOT_IN_CATALOGUE
JILI,jiligames,jiligames:3CoinTreasures,3 Coin Treasures,NOT_IN_CATALOGUE
JILI,jiligames,jiligames:3CoinWildHorse,3 Coin Wild Horse,NOT_IN_CATALOGUE
JILI,jiligames,jiligames:3LUCKYLION,3 LUCKY LION,NOT_IN_CATALOGUE
JILI,jiligames,jiligames:3LuckyPiggy,3 Lucky Piggy,NOT_IN_CATALOGUE
JILI,jiligames,jiligames:3PotDragons,3 Pot Dragons,NOT_IN_CATALOGUE
JILI,jiligames,jiligames:3Richpigies,3 Rich pigies,NOT_IN_CATALOGUE
JILI,jiligames,jiligames:7up7down,7up7down Extra Pay,NOT_IN_CATALOGUE
JILI,jiligames,jiligames:AgentAce,Agent Ace,NOT_IN_CATALOGUE
JILI,jiligames,jiligames:AK47,AK47,NOT_IN_CATALOGUE
JILI,jiligames,jiligames:AliBaba,Ali Baba,NOT_IN_CATALOGUE
JILI,jiligames,jiligames:AllstarFishing,All-star Fishing,NOT_IN_CATALOGUE
JILI,jiligames,jiligames:AndarBahar,Andar Bahar,OTHER_PROVIDER
JILI,jiligames,jiligames:ArenaFighter,Arena Fighter,NOT_IN_CATALOGUE
JILI,jiligames,jiligames:AztecPriestess,Aztec Priestess,NOT_IN_CATALOGUE
JILI,jiligames,jiligames:Baccarat,Baccarat,OTHER_PROVIDER
JILI,jiligames,jiligames:BanglaBeauty,Bangla Beauty,NOT_IN_CATALOGUE
JILI,jiligames,jiligames:Baoboonchin,Bao boon chin,NOT_IN_CATALOGUE
JILI,jiligames,jiligames:BikiniLady,Bikini Lady,NOT_IN_CATALOGUE
JILI,jiligames,jiligames:BingoAdventure,Bingo Adventure Golden,NOT_IN_CATALOGUE
JILI,jiligames,jiligames:BingoCarnaval,Bingo Carnaval,NOT_IN_CATALOGUE
JILI,jiligames,jiligames:Blackjack,Blackjack,OTHER_PROVIDER
JILI,jiligames,jiligames:BlackjackLuckyLadies,Blackjack Lucky Ladies,NOT_IN_CATALOGUE
JILI,jiligames,jiligames:BombingFishing,Bombing Fishing,NOT_IN_CATALOGUE
JILI,jiligames,jiligames:BoneFortune,Bone Fortune,NOT_IN_CATALOGUE
JILI,jiligames,jiligames:BonusHunter,Bonus Hunter,NOT_IN_CATALOGUE
JILI,jiligames,jiligames:BookofGold,Book of Gold,NOT_IN_CATALOGUE
JILI,jiligames,jiligames:BoomLegend,Boom Legend,NOT_IN_CATALOGUE
JILI,jiligames,jiligames:BoxingExtravaganza,Boxing Extravaganza,NOT_IN_CATALOGUE
JILI,jiligames,jiligames:BoxingKing,Boxing King,NOT_IN_CATALOGUE
JILI,jiligames,jiligames:BubbleBeauty,Bubble Beauty,NOT_IN_CATALOGUE
JILI,jiligames,jiligames:CalacaBingo,Calaca Bingo Lightning,NOT_IN_CATALOGUE
JILI,jiligames,jiligames:Callbreak,Callbreak,NOT_IN_CATALOGUE
JILI,jiligames,jiligames:CallbreakQuick,Callbreak Quick,NOT_IN_CATALOGUE
JILI,jiligames,jiligames:CandyBaby,Candy Baby,NOT_IN_CATALOGUE
JILI,jiligames,jiligames:CandylandBingo,Candyland Bingo,NOT_IN_CATALOGUE
JILI,jiligames,jiligames:CaribbeanStudPoker,Caribbean Stud Poker,OTHER_PROVIDER
JILI,jiligames,jiligames:ChargeBuffalo,Charge Buffalo,NOT_IN_CATALOGUE
JILI,jiligames,jiligames:ChargeBuffaloAscent,Charge Buffalo,NOT_IN_CATALOGUE
JILI,jiligames,jiligames:ChinShiHuang,Chin Shi Huang,NOT_IN_CATALOGUE
JILI,jiligames,jiligames:CircusJoker4096,Circus Joker 4096,NOT_IN_CATALOGUE
JILI,jiligames,jiligames:CoinInfinitySurgeReel,Coin Infinity Surge Reel,NOT_IN_CATALOGUE
JILI,jiligames,jiligames:CoinTree,Coin Tree,NOT_IN_CATALOGUE
JILI,jiligames,jiligames:ColorGame,Color Game,NOT_IN_CATALOGUE
JILI,jiligames,jiligames:ColorPrediction,Color Prediction,NOT_IN_CATALOGUE
JILI,jiligames,jiligames:CrashBonus,Crash Bonus,NOT_IN_CATALOGUE
JILI,jiligames,jiligames:CrashCricket,Crash Cricket,NOT_IN_CATALOGUE
JILI,jiligames,jiligames:CrashGoal,Crash Goal,NOT_IN_CATALOGUE
JILI,jiligames,jiligames:CrashTouchdown,Crash Touchdown,NOT_IN_CATALOGUE
JILI,jiligames,jiligames:CrazyFaFaFa,Crazy FaFaFa,NOT_IN_CATALOGUE
JILI,jiligames,jiligames:CrazyHunter,Crazy Hunter,NOT_IN_CATALOGUE
JILI,jiligames,jiligames:CrazyHunter2,Crazy Hunter 2,NOT_IN_CATALOGUE
JILI,jiligames,jiligames:CrazyPusher,Crazy Pusher,NOT_IN_CATALOGUE
JILI,jiligames,jiligames:Crazy777,Crazy777,NOT_IN_CATALOGUE
JILI,jiligames,jiligames:Crazy7772,Crazy777 2,NOT_IN_CATALOGUE
JILI,jiligames,jiligames:CricketKing18,Cricket King 18,NOT_IN_CATALOGUE
JILI,jiligames,jiligames:CricketRoulette,Cricket Roulette,NOT_IN_CATALOGUE
JILI,jiligames,jiligames:CricketSah75,Cricket Sah 75,NOT_IN_CATALOGUE
JILI,jiligames,jiligames:CricketWar,Cricket War,OTHER_PROVIDER
JILI,jiligames,jiligames:Crystal777DELUXE,Crystal 777 DELUXE,NOT_IN_CATALOGUE
JILI,jiligames,jiligames:Dabanggg,Dabanggg,NOT_IN_CATALOGUE
JILI,jiligames,jiligames:DevilFire,Devil Fire,NOT_IN_CATALOGUE
JILI,jiligames,jiligames:DevilFire2,Devil Fire 2,NOT_IN_CATALOGUE
JILI,jiligames,jiligames:DiamondParty,DiamondParty,NOT_IN_CATALOGUE
JILI,jiligames,jiligames:DinosaurTycoon,Dinosaur Tycoon,NOT_IN_CATALOGUE
JILI,jiligames,jiligames:DinosaurTycoonII,Dinosaur Tycoon II,NOT_IN_CATALOGUE
JILI,jiligames,jiligames:DominoGo,Domino Go,NOT_IN_CATALOGUE
JILI,jiligames,jiligames:DragonTiger,Dragon & Tiger,OTHER_PROVIDER
JILI,jiligames,jiligames:DragonFortune,Dragon Fortune,NOT_IN_CATALOGUE
JILI,jiligames,jiligames:DragonTreasure,Dragon Treasure,NOT_IN_CATALOGUE
JILI,jiligames,jiligames:EgyptsGlow,Egypt's Glow,NOT_IN_CATALOGUE
JILI,jiligames,jiligames:ElfBingo,Elf Bingo JP,NOT_IN_CATALOGUE
JILI,jiligames,jiligames:EuropeanRoulette,European Roulette Extra Pay,NOT_IN_CATALOGUE
JILI,jiligames,jiligames:FaFaFa,Fa Fa Fa,NOT_IN_CATALOGUE
JILI,jiligames,jiligames:Fengshen,Fengshen,NOT_IN_CATALOGUE
JILI,jiligames,jiligames:FishPrawnCrab,Fish Prawn Crab,NOT_IN_CATALOGUE
JILI,jiligames,jiligames:FortuneBingo,Fortune Bingo,NOT_IN_CATALOGUE
JILI,jiligames,jiligames:FortuneCoins,Fortune Coins: Hit The Cash,NOT_IN_CATALOGUE
JILI,jiligames,jiligames:FortuneGems,Fortune Gems,NOT_IN_CATALOGUE
JILI,jiligames,jiligames:FortuneGems2,Fortune Gems 2,NOT_IN_CATALOGUE
JILI,jiligames,jiligames:FortuneGems3,Fortune Gems 3,NOT_IN_CATALOGUE
JILI,jiligames,jiligames:FortuneHook,Fortune Hook,NOT_IN_CATALOGUE
JILI,jiligames,jiligames:FortuneKingJackpot,Fortune King Jackpot,NOT_IN_CATALOGUE
JILI,jiligames,jiligames:FortuneMonkey,Fortune Monkey,NOT_IN_CATALOGUE
JILI,jiligames,jiligames:FortuneRoulette,Fortune Roulette,OTHER_PROVIDER
JILI,jiligames,jiligames:FortuneTree,Fortune Tree,NOT_IN_CATALOGUE
JILI,jiligames,jiligames:FortunePig,FortunePig,NOT_IN_CATALOGUE
JILI,jiligames,jiligames:FruityWheel,Fruity Wheel,NOT_IN_CATALOGUE
JILI,jiligames,jiligames:GoForChampion,Go For Champion,NOT_IN_CATALOGUE
JILI,jiligames,jiligames:GoGoalBIngo,Go Goal Bingo Lightning,NOT_IN_CATALOGUE
JILI,jiligames,jiligames:GoRush,Go Rush,NOT_IN_CATALOGUE
JILI,jiligames,jiligames:GodOfMartial,God Of Martial,NOT_IN_CATALOGUE
JILI,jiligames,jiligames:GoldRush,Gold Rush,OTHER_PROVIDER
JILI,jiligames,jiligames:GoldenBank,Golden Bank,NOT_IN_CATALOGUE
JILI,jiligames,jiligames:GoldenBank2,Golden Bank 2,NOT_IN_CATALOGUE
JILI,jiligames,jiligames:GoldenEmpire,Golden Empire,NOT_IN_CATALOGUE
JILI,jiligames,jiligames:GoldenJoker,Golden Joker,NOT_IN_CATALOGUE
JILI,jiligames,jiligames:GoldenLand,Golden Land,NOT_IN_CATALOGUE
JILI,jiligames,jiligames:GoldenQueen,Golden Queen,NOT_IN_CATALOGUE
JILI,jiligames,jiligames:GoldenTemple,Golden Temple,OTHER_PROVIDER
JILI,jiligames,jiligames:HappyFishing,Happy Fishing,NOT_IN_CATALOGUE
JILI,jiligames,jiligames:HappyTaxi,Happy Taxi,NOT_IN_CATALOGUE
JILI,jiligames,jiligames:HawaiiBeauty,Hawaii Beauty,NOT_IN_CATALOGUE
JILI,jiligames,jiligames:HILO,HILO,OTHER_PROVIDER
JILI,jiligames,jiligames:HotChilli,Hot Chilli,OTHER_PROVIDER
JILI,jiligames,jiligames:HyperBurst,Hyper Burst,OTHER_PROVIDER
JILI,jiligames,jiligames:iRichBingo,iRich Bingo,NOT_IN_CATALOGUE
JILI,jiligames,jiligames:JackpotBingo,Jackpot Bingo,NOT_IN_CATALOGUE
JILI,jiligames,jiligames:JackpotFishing,Jackpot Fishing,NOT_IN_CATALOGUE
JILI,jiligames,jiligames:JackpotJoker,Jackpot Joker,NOT_IN_CATALOGUE
JILI,jiligames,jiligames:JhandiMunda,Jhandi Munda,NOT_IN_CATALOGUE
JILI,jiligames,jiligames:JILICAISHEN,JILI CAISHEN,NOT_IN_CATALOGUE
JILI,jiligames,jiligames:JogodoBicho,Jogo do Bicho,OTHER_PROVIDER
JILI,jiligames,jiligames:JourneyWestM,Journey West M,NOT_IN_CATALOGUE
JILI,jiligames,jiligames:JungleKing,Jungle King,NOT_IN_CATALOGUE
JILI,jiligames,jiligames:Keno,Keno,OTHER_PROVIDER
JILI,jiligames,jiligames:KenoBonusNumber,Keno Bonus Number,NOT_IN_CATALOGUE
JILI,jiligames,jiligames:KenoSuperChance,Keno Super Chance,NOT_IN_CATALOGUE
JILI,jiligames,jiligames:KingArthur,King Arthur,NOT_IN_CATALOGUE
JILI,jiligames,jiligames:LegacyofEgypt,Legacy of Egypt,NOT_IN_CATALOGUE
JILI,jiligames,jiligames:Limbo,Limbo,OTHER_PROVIDER
JILI,jiligames,jiligames:Lion2Dance,Lion 2 Dance,NOT_IN_CATALOGUE
JILI,jiligames,jiligames:LuckyBall,Lucky Ball,NOT_IN_CATALOGUE
JILI,jiligames,jiligames:LuckyBingo,Lucky Bingo Golden,NOT_IN_CATALOGUE
JILI,jiligames,jiligames:LuckyComing,Lucky Coming,NOT_IN_CATALOGUE
JILI,jiligames,jiligames:LuckyDoggy,Lucky Doggy,NOT_IN_CATALOGUE
JILI,jiligames,jiligames:LuckyGoldbricks,Lucky Goldbricks,NOT_IN_CATALOGUE
JILI,jiligames,jiligames:LuckyJaguar,Lucky Jaguar,NOT_IN_CATALOGUE
JILI,jiligames,jiligames:LudoQuick,Ludo Quick,NOT_IN_CATALOGUE
JILI,jiligames,jiligames:MagicLamp,Magic Lamp,NOT_IN_CATALOGUE
JILI,jiligames,jiligames:MagicLampBingo,Magic Lamp Bingo,NOT_IN_CATALOGUE
JILI,jiligames,jiligames:MasterTiger,Master Tiger,NOT_IN_CATALOGUE
JILI,jiligames,jiligames:MayanEmpire,Mayan Empire,NOT_IN_CATALOGUE
JILI,jiligames,jiligames:Medusa,Medusa,OTHER_PROVIDER
JILI,jiligames,jiligames:MegaAce,Mega Ace,NOT_IN_CATALOGUE
JILI,jiligames,jiligames:MegaFishing,Mega Fishing,NOT_IN_CATALOGUE
JILI,jiligames,jiligames:Mines,Mines,OTHER_PROVIDER
JILI,jiligames,jiligames:MinesGold,Mines Gold,NOT_IN_CATALOGUE
JILI,jiligames,jiligames:MINIFLUSH,MINI FLUSH,NOT_IN_CATALOGUE
JILI,jiligames,jiligames:MoneyComing,Money Coming,NOT_IN_CATALOGUE
JILI,jiligames,jiligames:MoneyComing2,Money Coming 2,NOT_IN_CATALOGUE
JILI,jiligames,jiligames:MoneyComingExpandBets,Money Coming Expanded Bets,NOT_IN_CATALOGUE
JILI,jiligames,jiligames:MoneyPot,Money Pot,NOT_IN_CATALOGUE
JILI,jiligames,jiligames:NekoFortune,Neko Fortune,NOT_IN_CATALOGUE
JILI,jiligames,jiligames:NightCity,Night City,NOT_IN_CATALOGUE
JILI,jiligames,jiligames:NightfallHunting,Nightfall Hunting Darkreel,NOT_IN_CATALOGUE
JILI,jiligames,jiligames:NumberKing,Number King,NOT_IN_CATALOGUE
JILI,jiligames,jiligames:OceanKingJackpot,Ocean King Jackpot,NOT_IN_CATALOGUE
JILI,jiligames,jiligames:PAPPU,PAPPU Playing Pictures,NOT_IN_CATALOGUE
JILI,jiligames,jiligames:PartyNight,Party Night,NOT_IN_CATALOGUE
JILI,jiligames,jiligames:PartyStar,Party Star,NOT_IN_CATALOGUE
JILI,jiligames,jiligames:PearlsofBingo,Pearls of Bingo,NOT_IN_CATALOGUE
JILI,jiligames,jiligames:PharaohTreasure,Pharaoh Treasure,NOT_IN_CATALOGUE
JILI,jiligames,jiligames:PirateQueen,Pirate Queen,NOT_IN_CATALOGUE
JILI,jiligames,jiligames:PirateQueen2,Pirate Queen 2,NOT_IN_CATALOGUE
JILI,jiligames,jiligames:Plinko,Plinko,OTHER_PROVIDER
JILI,jiligames,jiligames:PokerKing,Poker King,NOT_IN_CATALOGUE
JILI,jiligames,jiligames:PoolRummy,Pool Rummy,NOT_IN_CATALOGUE
JILI,jiligames,jiligames:Poseidon,Poseidon,NOT_IN_CATALOGUE
JILI,jiligames,jiligames:PotionWizard,Potion Wizard,NOT_IN_CATALOGUE
JILI,jiligames,jiligames:PusoyGo,Pusoy Go,NOT_IN_CATALOGUE
JILI,jiligames,jiligames:RapidGems777,Rapid Gems 777,NOT_IN_CATALOGUE
JILI,jiligames,jiligames:RomaX,Roma X,NOT_IN_CATALOGUE
JILI,jiligames,jiligames:RomaXDeluxe,Roma X Deluxe Madnessways,NOT_IN_CATALOGUE
JILI,jiligames,jiligames:RoyalFishing,Royal Fishing,NOT_IN_CATALOGUE
JILI,jiligames,jiligames:Rummy,Rummy,NOT_IN_CATALOGUE
JILI,jiligames,jiligames:SafariMystery,Safari Mystery,NOT_IN_CATALOGUE
JILI,jiligames,jiligames:Samba,Samba,NOT_IN_CATALOGUE
JILI,jiligames,jiligames:FortuneGemsScratch,Scratch Fortune Gems,NOT_IN_CATALOGUE
JILI,jiligames,jiligames:SuperAceScratch,Scratch Super Ace,NOT_IN_CATALOGUE
JILI,jiligames,jiligames:SecretTreasure,Secret Treasure,NOT_IN_CATALOGUE
JILI,jiligames,jiligames:SevenSevenSeven,SevenSevenSeven,NOT_IN_CATALOGUE
JILI,jiligames,jiligames:ShanghaiBeauty,Shanghai Beauty,NOT_IN_CATALOGUE
JILI,jiligames,jiligames:Shogun,Shogun,NOT_IN_CATALOGUE
JILI,jiligames,jiligames:SicBo,Sic Bo Extra Pay,NOT_IN_CATALOGUE
JILI,jiligames,jiligames:SinCity,Sin City,NOT_IN_CATALOGUE
JILI,jiligames,jiligames:SpeedBaccarat,Speed Baccarat,OTHER_PROVIDER
JILI,jiligames,jiligames:SuperAce,Super Ace,NOT_IN_CATALOGUE
JILI,jiligames,jiligames:SuperAceDeluxe,Super Ace Deluxe,NOT_IN_CATALOGUE
JILI,jiligames,jiligames:SuperAceII,Super Ace II,NOT_IN_CATALOGUE
JILI,jiligames,jiligames:SuperAceJoker,Super Ace Joker,NOT_IN_CATALOGUE
JILI,jiligames,jiligames:SuperBingo,Super Bingo,NOT_IN_CATALOGUE
JILI,jiligames,jiligames:SuperESabong,Super E-Sabong,NOT_IN_CATALOGUE
JILI,jiligames,jiligames:SuperRich,Super Rich,NOT_IN_CATALOGUE
JILI,jiligames,jiligames:SweetLand,Sweet Land,NOT_IN_CATALOGUE
JILI,jiligames,jiligames:SweetMagic,Sweet Magic,NOT_IN_CATALOGUE
JILI,jiligames,jiligames:TeenPatti,TeenPatti,OTHER_PROVIDER
JILI,jiligames,jiligames:TeenPatti2020,TeenPatti 20-20,OTHER_PROVIDER
JILI,jiligames,jiligames:TeenPattiJoker,TeenPatti Joker,NOT_IN_CATALOGUE
JILI,jiligames,jiligames:ThaiHilo,Thai Hilo,NOT_IN_CATALOGUE
JILI,jiligames,jiligames:ThePigHouse,The Pig House,NOT_IN_CATALOGUE
JILI,jiligames,jiligames:ThorX,Thor X,NOT_IN_CATALOGUE
JILI,jiligames,jiligames:TongitsGo,Tongits Go,NOT_IN_CATALOGUE
JILI,jiligames,jiligames:Tower,Tower,NOT_IN_CATALOGUE
JILI,jiligames,jiligames:TreasureQuest,Treasure Quest,NOT_IN_CATALOGUE
JILI,jiligames,jiligames:TrialofPhoenix,Trial of Phoenix,NOT_IN_CATALOGUE
JILI,jiligames,jiligames:TWINWINS,TWIN WINS,NOT_IN_CATALOGUE
JILI,jiligames,jiligames:UltimateTexasHoldem,Ultimate Texas Hold'em,OTHER_PROVIDER
JILI,jiligames,jiligames:VideoPoker,Video Poker,OTHER_PROVIDER
JILI,jiligames,jiligames:WarOfDragons,War Of Dragons,NOT_IN_CATALOGUE
JILI,jiligames,jiligames:WestHunterBingo,West Hunter Bingo Golden,NOT_IN_CATALOGUE
JILI,jiligames,jiligames:Wheel,Wheel,OTHER_PROVIDER
JILI,jiligames,jiligames:WildAce,Wild Ace,NOT_IN_CATALOGUE
JILI,jiligames,jiligames:WildRacer,Wild Racer,NOT_IN_CATALOGUE
JILI,jiligames,jiligames:WinDrop,Win Drop,NOT_IN_CATALOGUE
JILI,jiligames,jiligames:WitchesNight,Witches Night,NOT_IN_CATALOGUE
JILI,jiligames,jiligames:WorldCup,World Cup,NOT_IN_CATALOGUE
JILI,jiligames,jiligames:XiYangYang,XiYangYang,NOT_IN_CATALOGUE
JILI,jiligames,jiligames:Zeus,Zeus,NOT_IN_CATALOGUE
